"dataset","method","family","backend","timing_scope","requested_threads","effective_threads","n","p","k","perplexity","input_type","landmark_fraction","n_runs","n_success","status","total_runtime_sec_median","total_runtime_sec_q1","total_runtime_sec_q3","total_runtime_sec_iqr","total_runtime_sec_sd","total_runtime_sec_min","total_runtime_sec_max","preprocess_sec_median","preprocess_sec_q1","preprocess_sec_q3","preprocess_sec_iqr","preprocess_sec_sd","preprocess_sec_min","preprocess_sec_max","knn_sec_median","knn_sec_q1","knn_sec_q3","knn_sec_iqr","knn_sec_sd","knn_sec_min","knn_sec_max","init_sec_median","init_sec_q1","init_sec_q3","init_sec_iqr","init_sec_sd","init_sec_min","init_sec_max","graph_or_affinity_sec_median","graph_or_affinity_sec_q1","graph_or_affinity_sec_q3","graph_or_affinity_sec_iqr","graph_or_affinity_sec_sd","graph_or_affinity_sec_min","graph_or_affinity_sec_max","embedding_sec_median","embedding_sec_q1","embedding_sec_q3","embedding_sec_iqr","embedding_sec_sd","embedding_sec_min","embedding_sec_max","peak_ram_gb_median","peak_ram_gb_q1","peak_ram_gb_q3","peak_ram_gb_iqr","peak_ram_gb_sd","peak_ram_gb_min","peak_ram_gb_max","peak_gpu_mb_median","peak_gpu_mb_q1","peak_gpu_mb_q3","peak_gpu_mb_iqr","peak_gpu_mb_sd","peak_gpu_mb_min","peak_gpu_mb_max","peak_gpu_delta_mb_median","peak_gpu_delta_mb_q1","peak_gpu_delta_mb_q3","peak_gpu_delta_mb_iqr","peak_gpu_delta_mb_sd","peak_gpu_delta_mb_min","peak_gpu_delta_mb_max","trustworthiness_median","trustworthiness_q1","trustworthiness_q3","trustworthiness_iqr","trustworthiness_sd","trustworthiness_min","trustworthiness_max","knn_preservation_15_median","knn_preservation_15_q1","knn_preservation_15_q3","knn_preservation_15_iqr","knn_preservation_15_sd","knn_preservation_15_min","knn_preservation_15_max","knn_preservation_30_median","knn_preservation_30_q1","knn_preservation_30_q3","knn_preservation_30_iqr","knn_preservation_30_sd","knn_preservation_30_min","knn_preservation_30_max","knn_preservation_50_median","knn_preservation_50_q1","knn_preservation_50_q3","knn_preservation_50_iqr","knn_preservation_50_sd","knn_preservation_50_min","knn_preservation_50_max","silhouette_median","silhouette_q1","silhouette_q3","silhouette_iqr","silhouette_sd","silhouette_min","silhouette_max","label_knn_accuracy_median","label_knn_accuracy_q1","label_knn_accuracy_q3","label_knn_accuracy_iqr","label_knn_accuracy_sd","label_knn_accuracy_min","label_knn_accuracy_max","tsne_kl_median","tsne_kl_q1","tsne_kl_q3","tsne_kl_iqr","tsne_kl_sd","tsne_kl_min","tsne_kl_max","n_landmarks_median","n_landmarks_q1","n_landmarks_q3","n_landmarks_iqr","n_landmarks_sd","n_landmarks_min","n_landmarks_max","reference_embedding_sec_median","reference_embedding_sec_q1","reference_embedding_sec_q3","reference_embedding_sec_iqr","reference_embedding_sec_sd","reference_embedding_sec_min","reference_embedding_sec_max","landmark_projection_knn_sec_median","landmark_projection_knn_sec_q1","landmark_projection_knn_sec_q3","landmark_projection_knn_sec_iqr","landmark_projection_knn_sec_sd","landmark_projection_knn_sec_min","landmark_projection_knn_sec_max","landmark_refinement_sec_median","landmark_refinement_sec_q1","landmark_refinement_sec_q3","landmark_refinement_sec_iqr","landmark_refinement_sec_sd","landmark_refinement_sec_min","landmark_refinement_sec_max","landmark_transform_sec_median","landmark_transform_sec_q1","landmark_transform_sec_q3","landmark_transform_sec_iqr","landmark_transform_sec_sd","landmark_transform_sec_min","landmark_transform_sec_max","kodama_core_sec_median","kodama_core_sec_q1","kodama_core_sec_q3","kodama_core_sec_iqr","kodama_core_sec_sd","kodama_core_sec_min","kodama_core_sec_max","kodama_visualization_sec_median","kodama_visualization_sec_q1","kodama_visualization_sec_q3","kodama_visualization_sec_iqr","kodama_visualization_sec_sd","kodama_visualization_sec_min","kodama_visualization_sec_max","kodama_core_peak_ram_gb_median","kodama_core_peak_ram_gb_q1","kodama_core_peak_ram_gb_q3","kodama_core_peak_ram_gb_iqr","kodama_core_peak_ram_gb_sd","kodama_core_peak_ram_gb_min","kodama_core_peak_ram_gb_max","kodama_visualization_peak_ram_gb_median","kodama_visualization_peak_ram_gb_q1","kodama_visualization_peak_ram_gb_q3","kodama_visualization_peak_ram_gb_iqr","kodama_visualization_peak_ram_gb_sd","kodama_visualization_peak_ram_gb_min","kodama_visualization_peak_ram_gb_max","kodama_core_peak_gpu_delta_mb_median","kodama_core_peak_gpu_delta_mb_q1","kodama_core_peak_gpu_delta_mb_q3","kodama_core_peak_gpu_delta_mb_iqr","kodama_core_peak_gpu_delta_mb_sd","kodama_core_peak_gpu_delta_mb_min","kodama_core_peak_gpu_delta_mb_max","kodama_visualization_peak_gpu_delta_mb_median","kodama_visualization_peak_gpu_delta_mb_q1","kodama_visualization_peak_gpu_delta_mb_q3","kodama_visualization_peak_gpu_delta_mb_iqr","kodama_visualization_peak_gpu_delta_mb_sd","kodama_visualization_peak_gpu_delta_mb_min","kodama_visualization_peak_gpu_delta_mb_max","suite","profile","run_dir","source_file","archive_complete"
"COIL20","fastEmbedR_pca_cpu","PCA","cpu","pca_only",1,1,1440,16384,,,"float32",,3,3,"success",1.563,1.552,1.6455,0.0934999999999999,0.102207305674953,1.541,1.728,,,,,,,,,,,,,,,1.563,1.552,1.6455,0.0934999999999999,0.102207305674953,1.541,1.728,,,,,,,,,,,,,,,1.00703811645508,1.00113677978516,1.0070972442627,0.00596046447753906,0.00684866932950741,0.995235443115234,1.00715637207031,,,,,,,,,,,,,,,,,,,,,,,,,,,,,,,,,,,,,,,,,,,,,,,,,,,,,,,,,,,,,,,,,,,,,,,,,,,,,,,,,,,,,,,,,,,,,,,,,,,,,,,,,,,,,,,,,,,,,,,,,,,,,,,,,,,,,,,,,,,,,"standard","cpu1","/Users/stefano/Documents/fastEmbedR-results/fastEmbedR-results/COIL20/standard/cpu1/20260727_073247_1118043","/Users/stefano/Documents/fastEmbedR-results/fastEmbedR-results/COIL20/standard/cpu1/20260727_073247_1118043/benchmark_summary_median_variability.csv",TRUE
"COIL20","irlba_pca","PCA","cpu","pca_only",1,1,1440,16384,,,"standard_R_double",,3,3,"success",1.159,1.136,1.178,0.0419999999999998,0.0420634441449263,1.113,1.197,,,,,,,,,,,,,,,1.159,1.136,1.178,0.0419999999999998,0.0420634441449263,1.113,1.197,,,,,,,,,,,,,,,0.589824676513672,0.587099075317383,0.589998245239258,0.002899169921875,0.00325209821700991,0.584373474121094,0.590171813964844,,,,,,,,,,,,,,,,,,,,,,,,,,,,,,,,,,,,,,,,,,,,,,,,,,,,,,,,,,,,,,,,,,,,,,,,,,,,,,,,,,,,,,,,,,,,,,,,,,,,,,,,,,,,,,,,,,,,,,,,,,,,,,,,,,,,,,,,,,,,,"standard","cpu1","/Users/stefano/Documents/fastEmbedR-results/fastEmbedR-results/COIL20/standard/cpu1/20260727_073247_1118043","/Users/stefano/Documents/fastEmbedR-results/fastEmbedR-results/COIL20/standard/cpu1/20260727_073247_1118043/benchmark_summary_median_variability.csv",TRUE
"COIL20","fastEmbedR_tsne_cpu_full","t-SNE","cpu","full_pipeline",1,1,1440,16384,,30,"float32",,3,3,"success",20.627,20.53,21.5575,1.0275,1.1346058052616,20.433,22.488,0.00600000000000001,0.00600000000000001,0.00749999999999995,0.00149999999999994,0.00173205080756881,0.00600000000000001,0.0089999999999999,15.371,15.2855,16.213,0.927500000000002,1.0251928273907,15.2,17.055,,,,,,,,,,,,,,,3.52,3.512,3.5765,0.0645000000000002,0.070315953618886,3.504,3.633,0.993106842041016,0.993085861206055,0.99322509765625,0.000139236450195312,0.000150136327012287,0.993064880371094,0.993343353271484,,,,,,,,,,,,,,,0.903145684724632,0.898101021785233,0.91265664160401,0.0145556198187775,0.0147822639953499,0.893056358845833,0.922167598483388,0.517948717948718,0.514316239316239,0.538247863247864,0.0239316239316241,0.0257937049800387,0.510683760683761,0.558547008547009,0.57008547008547,0.564850427350427,0.588782051282051,0.0239316239316235,0.0251620142924836,0.559615384615385,0.607478632478632,0.663076923076923,0.656346153846154,0.664102564102564,0.00775641025640994,0.00842682597490841,0.649615384615385,0.665128205128205,0.459246366379979,0.455857266957171,0.479909884897346,0.024052617940174,0.0260383745292879,0.452468167534364,0.500573403414712,0.608974358974359,0.57051282051282,0.615384615384616,0.044871794871795,0.0485376781692332,0.532051282051282,0.621794871794872,0.722843849773679,0.720667971812106,0.724422412407517,0.00375444059541086,0.00377024571056745,0.718492093850533,0.726000975041355,,,,,,,,,,,,,,,,,,,,,,,,,,,,,,,,,,,,,,,,,,,,,,,,,,,,,,,,,,,,,,,,,,,,,,,,,,,,,,"standard","cpu1","/Users/stefano/Documents/fastEmbedR-results/fastEmbedR-results/COIL20/standard/cpu1/20260727_073247_1118043","/Users/stefano/Documents/fastEmbedR-results/fastEmbedR-results/COIL20/standard/cpu1/20260727_073247_1118043/benchmark_summary_median_variability.csv",TRUE
"COIL20","fastEmbedR_tsne_cpu_knn","t-SNE","cpu","embedding_from_precomputed_knn",1,1,1440,16384,,30,"float32",,3,3,"success",3.743,3.728,3.836,0.108,0.11701281981048,3.713,3.929,,,,,,,,,,,,,,,,,,,,,,,,,,,,,3.743,3.728,3.836,0.108,0.11701281981048,3.713,3.929,0.673927307128906,0.673772811889648,0.7158203125,0.0420475006103516,0.0484633199810534,0.673618316650391,0.757713317871094,,,,,,,,,,,,,,,0.90068761647709,0.89685110211426,0.909419381787803,0.0125682796735429,0.0128821380691759,0.89301458775143,0.918151147098516,0.521794871794872,0.521581196581197,0.537179487179487,0.015598290598291,0.017889265258216,0.521367521367521,0.552564102564103,0.568803418803419,0.568696581196582,0.589316239316239,0.0206196581196579,0.0237480879319719,0.568589743589744,0.60982905982906,0.667820512820513,0.658333333333333,0.668589743589743,0.01025641025641,0.011424892178808,0.648846153846154,0.669358974358974,0.448877789695157,0.446279626794943,0.452346543452563,0.00606691665761994,0.00608770240271722,0.443681463894729,0.455815297209969,0.576923076923077,0.557692307692307,0.592948717948718,0.0352564102564106,0.0353049394056804,0.538461538461538,0.608974358974359,0.724691241457762,0.724691241457762,0.724691241457762,0,0,0.724691241457762,0.724691241457762,,,,,,,,,,,,,,,,,,,,,,,,,,,,,,,,,,,,,,,,,,,,,,,,,,,,,,,,,,,,,,,,,,,,,,,,,,,,,,"standard","cpu1","/Users/stefano/Documents/fastEmbedR-results/fastEmbedR-results/COIL20/standard/cpu1/20260727_073247_1118043","/Users/stefano/Documents/fastEmbedR-results/fastEmbedR-results/COIL20/standard/cpu1/20260727_073247_1118043/benchmark_summary_median_variability.csv",TRUE
"COIL20","KlugerLab_FItSNE","t-SNE","cpu","full_pipeline",1,1,1440,16384,,30,"standard_R_double",,3,3,"success",43.777,42.1325,43.8405,1.70800000000001,1.936608117302,40.488,43.904,,,,,,,,,,,,,,,,,,,,,,,,,,,,,,,,,,,,1.31589126586914,1.31586265563965,1.3159008026123,3.814697265625e-05,3.97046279805399e-05,1.31583404541016,1.31591033935547,,,,,,,,,,,,,,,0.870143306985412,0.866430499325236,0.872665638455112,0.00623513912987594,0.00627290771138932,0.86271769166506,0.875187969924812,0.57948717948718,0.578632478632479,0.583974358974359,0.00534188034187999,0.00573881398247358,0.577777777777778,0.588461538461538,0.626282051282051,0.622542735042735,0.627777777777778,0.00523504273504249,0.00539291857441168,0.618803418803419,0.629273504273504,0.639871794871795,0.635448717948718,0.643076923076923,0.00762820512820495,0.00766054696727488,0.631025641025641,0.646282051282051,0.39408073810194,0.381748334324119,0.396559092206128,0.014810757882009,0.0158658747220662,0.369415930546298,0.399037446310316,0.621794871794872,0.605769230769231,0.628205128205129,0.0224358974358975,0.0231125081760513,0.58974358974359,0.634615384615385,1.01821545469563,1.01673240992864,1.0184228782591,0.00169046833045994,0.0018439323002493,1.01524936516166,1.01863030182258,,,,,,,,,,,,,,,,,,,,,,,,,,,,,,,,,,,,,,,,,,,,,,,,,,,,,,,,,,,,,,,,,,,,,,,,,,,,,,"standard","cpu1","/Users/stefano/Documents/fastEmbedR-results/fastEmbedR-results/COIL20/standard/cpu1/20260727_073247_1118043","/Users/stefano/Documents/fastEmbedR-results/fastEmbedR-results/COIL20/standard/cpu1/20260727_073247_1118043/benchmark_summary_median_variability.csv",TRUE
"COIL20","Rtsne_full","t-SNE","cpu","full_pipeline",1,1,1440,16384,,30,"standard_R_double",,3,3,"success",8.197,8.188,8.2325,0.0445000000000011,0.0470567033836134,8.179,8.268,,,,,,,,,,,,,,,,,,,,,,,,,,,,,,,,,,,,1.53086471557617,1.5307502746582,1.5540599822998,0.0233097076416016,0.0268499033572576,1.53063583374023,1.57725524902344,,,,,,,,,,,,,,,0.832983098772572,0.832541289120237,0.840318745581903,0.00777745646166694,0.00873673237518,0.832099479467901,0.847654392391235,0.522649572649573,0.518589743589744,0.530555555555555,0.0119658119658119,0.0121701118511949,0.514529914529914,0.538461538461538,0.530769230769231,0.528311965811966,0.531623931623932,0.00331196581196558,0.00343877712380984,0.525854700854701,0.532478632478632,0.553205128205128,0.546923076923077,0.556666666666667,0.00974358974358946,0.00987872994274102,0.540641025641026,0.560128205128205,0.449887881884099,0.445208626186724,0.472448692401463,0.0272400662147395,0.029130817730429,0.440529370489348,0.495009502918827,0.583333333333333,0.57051282051282,0.663461538461539,0.0929487179487181,0.100745087471165,0.557692307692308,0.743589743589744,0.960776763216138,0.950647268193491,0.967606063906793,0.0169587957133015,0.0170654967577408,0.940517773170845,0.974435364597448,,,,,,,,,,,,,,,,,,,,,,,,,,,,,,,,,,,,,,,,,,,,,,,,,,,,,,,,,,,,,,,,,,,,,,,,,,,,,,"standard","cpu1","/Users/stefano/Documents/fastEmbedR-results/fastEmbedR-results/COIL20/standard/cpu1/20260727_073247_1118043","/Users/stefano/Documents/fastEmbedR-results/fastEmbedR-results/COIL20/standard/cpu1/20260727_073247_1118043/benchmark_summary_median_variability.csv",TRUE
"COIL20","Rtsne_neighbors","t-SNE","cpu","embedding_from_precomputed_knn",1,1,1440,16384,,30,"standard_R_double",,3,3,"success",1.155,1.1505,1.166,0.0154999999999998,0.015947831618541,1.146,1.177,,,,,,,,,,,,,,,,,,,,,,,,,,,,,1.155,1.1505,1.166,0.0154999999999998,0.015947831618541,1.146,1.177,0.775131225585938,0.775125503540039,0.775222778320312,9.72747802734375e-05,0.000109169677896532,0.775119781494141,0.775314331054688,,,,,,,,,,,,,,,0.86001221001221,0.852414690572585,0.864152368099737,0.011737677527151,0.0119061968278867,0.844817171132961,0.868292526187263,0.544871794871795,0.539102564102564,0.550641025641025,0.0115384615384615,0.0115384615384615,0.533333333333333,0.556410256410256,0.587393162393162,0.585363247863248,0.5875,0.00213675213675235,0.00240799736529603,0.583333333333333,0.587606837606838,0.644102564102564,0.642820512820513,0.645064102564102,0.00224358974358951,0.00225120806684863,0.641538461538462,0.646025641025641,0.430796861989329,0.430106716015397,0.434011149597915,0.00390443358251846,0.00416753707412767,0.429416570041464,0.437225437206501,0.647435897435897,0.621794871794872,0.682692307692307,0.0608974358974359,0.0611499488087786,0.596153846153846,0.717948717948718,0.963946530037469,0.963946530037469,0.963946530037469,0,0,0.963946530037469,0.963946530037469,,,,,,,,,,,,,,,,,,,,,,,,,,,,,,,,,,,,,,,,,,,,,,,,,,,,,,,,,,,,,,,,,,,,,,,,,,,,,,"standard","cpu1","/Users/stefano/Documents/fastEmbedR-results/fastEmbedR-results/COIL20/standard/cpu1/20260727_073247_1118043","/Users/stefano/Documents/fastEmbedR-results/fastEmbedR-results/COIL20/standard/cpu1/20260727_073247_1118043/benchmark_summary_median_variability.csv",TRUE
"COIL20","fastEmbedR_umap_cpu_binary_full","UMAP","cpu","full_pipeline",1,1,1440,16384,30,,"float32",,3,3,"success",20.244,19.9055,20.3295,0.423999999999999,0.448455497606321,19.567,20.415,0.00600000000000001,0.00549999999999995,0.00600000000000001,0.00050000000000006,0.000577350269189695,0.00499999999999989,0.00600000000000001,15.749,15.3575,15.8185,0.461,0.497073770514331,14.966,15.888,,,,,,,,,,,,,,,4.268,4.266,4.2935,0.0274999999999999,0.0306648550189517,4.264,4.319,0.542453765869141,0.539499282836914,0.550994873046875,0.0114955902099609,0.0119395163521423,0.536544799804688,0.559535980224609,,,,,,,,,,,,,,,0.891022427864533,0.875454662296767,0.892460317460318,0.01700565516355,0.0188611621912003,0.859886896729002,0.893898207056102,0.515811965811966,0.510470085470085,0.529487179487179,0.0190170940170941,0.0196162690897923,0.505128205128205,0.543162393162393,0.541880341880342,0.522435897435897,0.556517094017094,0.0340811965811966,0.0341940432753227,0.502991452991453,0.571153846153846,0.599230769230769,0.581923076923077,0.599294871794872,0.0173717948717945,0.02002231387268,0.564615384615385,0.599358974358974,0.43345569911569,0.424533697337476,0.445347998577383,0.020814301239907,0.0208848276399022,0.415611695559262,0.457240298039076,0.538461538461538,0.525641025641026,0.567307692307692,0.0416666666666665,0.0426815905030729,0.512820512820513,0.596153846153846,,,,,,,,,,,,,,,,,,,,,,,,,,,,,,,,,,,,,,,,,,,,,,,,,,,,,,,,,,,,,,,,,,,,,,,,,,,,,,,,,,,,,"standard","cpu1","/Users/stefano/Documents/fastEmbedR-results/fastEmbedR-results/COIL20/standard/cpu1/20260727_073247_1118043","/Users/stefano/Documents/fastEmbedR-results/fastEmbedR-results/COIL20/standard/cpu1/20260727_073247_1118043/benchmark_summary_median_variability.csv",TRUE
"COIL20","fastEmbedR_umap_cpu_binary_knn","UMAP","cpu","embedding_from_precomputed_knn",1,1,1440,16384,30,,"float32",,3,3,"success",4.435,4.4075,4.449,0.0415000000000001,0.0422255846614349,4.38,4.463,,,,,,,,,,,,,,,,,,,,,,,,,,,,,4.435,4.4075,4.449,0.0415000000000001,0.0422255846614349,4.38,4.463,0.537628173828125,0.537607192993164,0.540275573730469,0.00266838073730469,0.00306913909726968,0.537586212158203,0.542922973632812,,,,,,,,,,,,,,,0.891022427864533,0.875454662296767,0.892460317460318,0.01700565516355,0.0188611621912003,0.859886896729002,0.893898207056102,0.515811965811966,0.510470085470085,0.529487179487179,0.0190170940170941,0.0196162690897923,0.505128205128205,0.543162393162393,0.541880341880342,0.522435897435897,0.556517094017094,0.0340811965811966,0.0341940432753227,0.502991452991453,0.571153846153846,0.599230769230769,0.581923076923077,0.599294871794872,0.0173717948717945,0.02002231387268,0.564615384615385,0.599358974358974,0.43345569911569,0.424533697337476,0.445347998577383,0.020814301239907,0.0208848276399022,0.415611695559262,0.457240298039076,0.538461538461538,0.525641025641026,0.567307692307692,0.0416666666666665,0.0426815905030729,0.512820512820513,0.596153846153846,,,,,,,,,,,,,,,,,,,,,,,,,,,,,,,,,,,,,,,,,,,,,,,,,,,,,,,,,,,,,,,,,,,,,,,,,,,,,,,,,,,,,"standard","cpu1","/Users/stefano/Documents/fastEmbedR-results/fastEmbedR-results/COIL20/standard/cpu1/20260727_073247_1118043","/Users/stefano/Documents/fastEmbedR-results/fastEmbedR-results/COIL20/standard/cpu1/20260727_073247_1118043/benchmark_summary_median_variability.csv",TRUE
"COIL20","fastEmbedR_umap_cpu_fuzzy_full","UMAP","cpu","full_pipeline",1,1,1440,16384,30,,"float32",,3,3,"success",16.608,16.5305,16.7275,0.196999999999999,0.19848677537811,16.453,16.847,0.00900000000000012,0.00850000000000007,0.00900000000000012,0.000500000000000054,0.000577350269189689,0.00800000000000001,0.00900000000000012,15.491,15.426,15.596,0.17,0.17156145643277,15.361,15.701,,,,,,,,,,,,,,,0.870000000000001,0.869000000000002,0.881999999999999,0.0129999999999979,0.0144683562761384,0.868000000000002,0.893999999999998,0.608432769775391,0.57574462890625,0.608806610107422,0.0330619812011719,0.0379626914309411,0.543056488037109,0.609180450439453,,,,,,,,,,,,,,,0.851057130004498,0.836755349913245,0.861374590321959,0.024619240408714,0.0247264756820566,0.822453569821991,0.871692050639419,0.49957264957265,0.488675213675214,0.513675213675214,0.025,0.0250683920958333,0.477777777777778,0.527777777777778,0.49017094017094,0.462606837606838,0.496474358974359,0.0338675213675215,0.0360233428242964,0.435042735042735,0.502777777777778,0.536923076923077,0.503525641025641,0.544807692307693,0.0412820512820515,0.0438312190289113,0.470128205128205,0.552692307692308,0.531104081420008,0.529610192250619,0.538745041307248,0.00913484905662898,0.00980004898410288,0.52811630308123,0.546386001194488,0.602564102564103,0.586538461538461,0.644230769230769,0.057692307692308,0.0595613669434462,0.57051282051282,0.685897435897436,,,,,,,,,,,,,,,,,,,,,,,,,,,,,,,,,,,,,,,,,,,,,,,,,,,,,,,,,,,,,,,,,,,,,,,,,,,,,,,,,,,,,"standard","cpu1","/Users/stefano/Documents/fastEmbedR-results/fastEmbedR-results/COIL20/standard/cpu1/20260727_073247_1118043","/Users/stefano/Documents/fastEmbedR-results/fastEmbedR-results/COIL20/standard/cpu1/20260727_073247_1118043/benchmark_summary_median_variability.csv",TRUE
"COIL20","fastEmbedR_umap_cpu_fuzzy_knn","UMAP","cpu","embedding_from_precomputed_knn",1,1,1440,16384,30,,"float32",,3,3,"success",0.988,0.9835,0.992,0.00849999999999995,0.00850490054811539,0.979,0.996,,,,,,,,,,,,,,,,,,,,,,,,,,,,,0.988,0.9835,0.992,0.00849999999999995,0.00850490054811539,0.979,0.996,0.542694091796875,0.54156494140625,0.542844772338867,0.00127983093261719,0.00139896448524553,0.540435791015625,0.542995452880859,,,,,,,,,,,,,,,0.851057130004498,0.836755349913245,0.861374590321959,0.024619240408714,0.0247264756820566,0.822453569821991,0.871692050639419,0.49957264957265,0.488675213675214,0.513675213675214,0.025,0.0250683920958333,0.477777777777778,0.527777777777778,0.49017094017094,0.462606837606838,0.496474358974359,0.0338675213675215,0.0360233428242964,0.435042735042735,0.502777777777778,0.536923076923077,0.503525641025641,0.544807692307693,0.0412820512820515,0.0438312190289113,0.470128205128205,0.552692307692308,0.531104081420008,0.529610192250619,0.538745041307248,0.00913484905662898,0.00980004898410288,0.52811630308123,0.546386001194488,0.602564102564103,0.586538461538461,0.644230769230769,0.057692307692308,0.0595613669434462,0.57051282051282,0.685897435897436,,,,,,,,,,,,,,,,,,,,,,,,,,,,,,,,,,,,,,,,,,,,,,,,,,,,,,,,,,,,,,,,,,,,,,,,,,,,,,,,,,,,,"standard","cpu1","/Users/stefano/Documents/fastEmbedR-results/fastEmbedR-results/COIL20/standard/cpu1/20260727_073247_1118043","/Users/stefano/Documents/fastEmbedR-results/fastEmbedR-results/COIL20/standard/cpu1/20260727_073247_1118043/benchmark_summary_median_variability.csv",TRUE
"COIL20","umap_package","UMAP","cpu","full_pipeline",1,1,1440,16384,30,,"standard_R_double",,3,3,"success",38.345,38.1415,38.5135,0.372,0.372548430856088,37.938,38.682,,,,,,,,,,,,,,,,,,,,,,,,,,,,,,,,,,,,1.41604614257812,1.41584968566895,1.41606521606445,0.000215530395507812,0.000238624483841452,1.41565322875977,1.41608428955078,,,,,,,,,,,,,,,0.831418289313026,0.830859199280252,0.843470856628751,0.0126116573484994,0.0142508680821159,0.830300109247478,0.855523423944477,0.511538461538461,0.509188034188034,0.521794871794871,0.0126068376068375,0.0134077294752594,0.506837606837607,0.532051282051282,0.536538461538462,0.528632478632479,0.552564102564103,0.0239316239316241,0.0243864492426577,0.520726495726496,0.568589743589744,0.58,0.57301282051282,0.586538461538461,0.013525641025641,0.0135281218610346,0.566025641025641,0.593076923076923,0.466870046319513,0.464460650286424,0.484648433823244,0.0201877835368195,0.0220518004647625,0.462051254253335,0.502426821326974,0.557692307692308,0.509615384615385,0.628205128205129,0.118589743589744,0.119295084206905,0.461538461538462,0.698717948717949,,,,,,,,,,,,,,,,,,,,,,,,,,,,,,,,,,,,,,,,,,,,,,,,,,,,,,,,,,,,,,,,,,,,,,,,,,,,,,,,,,,,,"standard","cpu1","/Users/stefano/Documents/fastEmbedR-results/fastEmbedR-results/COIL20/standard/cpu1/20260727_073247_1118043","/Users/stefano/Documents/fastEmbedR-results/fastEmbedR-results/COIL20/standard/cpu1/20260727_073247_1118043/benchmark_summary_median_variability.csv",TRUE
"COIL20","umap_package_knn","UMAP","cpu","embedding_from_precomputed_knn",1,1,1440,16384,30,,"standard_R_double",,3,3,"success",4.856,4.8025,4.888,0.0854999999999997,0.086396373380677,4.749,4.92,,,,,,,,,,,,,,,,,,,,,,,,,,,,,4.856,4.8025,4.888,0.0854999999999997,0.086396373380677,4.749,4.92,1.04634857177734,1.04630088806152,1.04676818847656,0.000467300415039062,0.000514277220257292,1.0462532043457,1.04718780517578,,,,,,,,,,,,,,,0.813334618597777,0.803876678876679,0.823552470920892,0.019675792044213,0.0196806829561718,0.794418739155581,0.833770323244007,0.505128205128205,0.499786324786325,0.509615384615385,0.00982905982906007,0.00984143900251636,0.494444444444444,0.514102564102564,0.492307692307692,0.459508547008547,0.506517094017094,0.047008547008547,0.0482182159295866,0.426709401709402,0.520726495726496,0.567564102564103,0.540576923076924,0.570128205128206,0.029551282051282,0.0327430476030857,0.513589743589744,0.572692307692308,0.496371752305045,0.489866833521082,0.512135585190136,0.0222687516690541,0.0229013783648209,0.483361914737119,0.527899418075227,0.602564102564103,0.580128205128206,0.647435897435897,0.067307692307692,0.0685427988561767,0.557692307692308,0.692307692307692,,,,,,,,,,,,,,,,,,,,,,,,,,,,,,,,,,,,,,,,,,,,,,,,,,,,,,,,,,,,,,,,,,,,,,,,,,,,,,,,,,,,,"standard","cpu1","/Users/stefano/Documents/fastEmbedR-results/fastEmbedR-results/COIL20/standard/cpu1/20260727_073247_1118043","/Users/stefano/Documents/fastEmbedR-results/fastEmbedR-results/COIL20/standard/cpu1/20260727_073247_1118043/benchmark_summary_median_variability.csv",TRUE
"COIL20","uwot_default","UMAP","cpu","full_pipeline",1,1,1440,16384,30,,"standard_R_double",,3,3,"success",20.966,20.7745,22.0835,1.309,1.4139682929024,20.583,23.201,,,,,,,,,,,,,,,,,,,,,,,,,,,,,,,,,,,,1.05561065673828,1.05552101135254,1.05611801147461,0.000597000122070312,0.000643870726886184,1.0554313659668,1.05662536621094,,,,,,,,,,,,,,,0.855378831694621,0.84628558575927,0.862303193882141,0.016017608122871,0.0160664802891526,0.837192339823919,0.869227556069661,0.527350427350427,0.526495726495727,0.533760683760684,0.00726495726495702,0.00794151559245933,0.525641025641026,0.54017094017094,0.555555555555556,0.550747863247864,0.571153846153847,0.0204059829059831,0.0213358026686512,0.545940170940171,0.586752136752137,0.575128205128205,0.571217948717949,0.590576923076923,0.0193589743589745,0.0204731186304453,0.567307692307692,0.606025641025641,0.495440052977097,0.48786935835239,0.511009658344191,0.0231402999918005,0.0235966312863811,0.480298663727684,0.526579263711285,0.596153846153846,0.528846153846154,0.634615384615385,0.105769230769231,0.107072391592885,0.461538461538462,0.673076923076923,,,,,,,,,,,,,,,,,,,,,,,,,,,,,,,,,,,,,,,,,,,,,,,,,,,,,,,,,,,,,,,,,,,,,,,,,,,,,,,,,,,,,"standard","cpu1","/Users/stefano/Documents/fastEmbedR-results/fastEmbedR-results/COIL20/standard/cpu1/20260727_073247_1118043","/Users/stefano/Documents/fastEmbedR-results/fastEmbedR-results/COIL20/standard/cpu1/20260727_073247_1118043/benchmark_summary_median_variability.csv",TRUE
"COIL20","uwot_fast_sgd","UMAP","cpu","full_pipeline",1,1,1440,16384,30,,"standard_R_double",,3,3,"success",19.953,19.851,20.385,0.533999999999999,0.566970898724089,19.749,20.817,,,,,,,,,,,,,,,,,,,,,,,,,,,,,,,,,,,,1.05676651000977,1.05673408508301,1.05682182312012,8.7738037109375e-05,8.87275951355973e-05,1.05670166015625,1.05687713623047,,,,,,,,,,,,,,,0.854189962084699,0.852167277167277,0.863573999100315,0.011406721933038,0.0121727759157685,0.850144592249855,0.872958036115931,0.533333333333333,0.526709401709402,0.539102564102564,0.0123931623931625,0.0124029826501655,0.52008547008547,0.544871794871795,0.559401709401709,0.544551282051282,0.572329059829059,0.0277777777777775,0.0277999582713526,0.529700854700855,0.58525641025641,0.591538461538462,0.588589743589744,0.59724358974359,0.0086538461538459,0.00879895746220247,0.585641025641026,0.602948717948718,0.493758780549461,0.4849277109258,0.496218330180152,0.011290619254353,0.0118747704042522,0.476096641302138,0.498677879810844,0.576923076923077,0.53525641025641,0.612179487179487,0.0769230769230765,0.0770120567988889,0.493589743589744,0.647435897435897,,,,,,,,,,,,,,,,,,,,,,,,,,,,,,,,,,,,,,,,,,,,,,,,,,,,,,,,,,,,,,,,,,,,,,,,,,,,,,,,,,,,,"standard","cpu1","/Users/stefano/Documents/fastEmbedR-results/fastEmbedR-results/COIL20/standard/cpu1/20260727_073247_1118043","/Users/stefano/Documents/fastEmbedR-results/fastEmbedR-results/COIL20/standard/cpu1/20260727_073247_1118043/benchmark_summary_median_variability.csv",TRUE
"COIL20","uwot_knn","UMAP","cpu","embedding_from_precomputed_knn",1,1,1440,16384,30,,"standard_R_double",,3,3,"success",1.912,1.8945,1.9215,0.0270000000000001,0.0273922130054024,1.877,1.931,,,,,,,,,,,,,,,,,,,,,,,,,,,,,1.912,1.8945,1.9215,0.0270000000000001,0.0273922130054024,1.877,1.931,0.757278442382812,0.751842498779297,0.758485794067383,0.00664329528808594,0.00707769045360335,0.746406555175781,0.759693145751953,,,,,,,,,,,,,,,0.840517961570593,0.830933101985734,0.844065291433713,0.013132189447979,0.0135869418221287,0.821348242400874,0.847612621296832,0.50042735042735,0.496153846153846,0.504487179487179,0.00833333333333347,0.00833424642524804,0.491880341880342,0.508547008547009,0.427136752136752,0.414209401709402,0.463247863247863,0.0490384615384615,0.0508324007224374,0.401282051282051,0.499358974358974,0.469487179487179,0.444551282051282,0.512820512820513,0.0682692307692305,0.0690905909104552,0.419615384615385,0.556153846153846,0.52928939818924,0.527644895887268,0.537285557802837,0.009640661915569,0.0103145631207406,0.526000393585296,0.545281717416434,0.532051282051282,0.522435897435898,0.621794871794872,0.0993589743589745,0.109601013702839,0.512820512820513,0.711538461538462,,,,,,,,,,,,,,,,,,,,,,,,,,,,,,,,,,,,,,,,,,,,,,,,,,,,,,,,,,,,,,,,,,,,,,,,,,,,,,,,,,,,,"standard","cpu1","/Users/stefano/Documents/fastEmbedR-results/fastEmbedR-results/COIL20/standard/cpu1/20260727_073247_1118043","/Users/stefano/Documents/fastEmbedR-results/fastEmbedR-results/COIL20/standard/cpu1/20260727_073247_1118043/benchmark_summary_median_variability.csv",TRUE
"COIL20","fastEmbedR_pca_cpu","PCA","cpu","pca_only",4,4,1440,16384,,,"float32",,3,3,"success",1.41,1.3865,1.4175,0.0310000000000001,0.0323470761172217,1.363,1.425,,,,,,,,,,,,,,,1.41,1.3865,1.4175,0.0310000000000001,0.0323470761172217,1.363,1.425,,,,,,,,,,,,,,,1.02960205078125,1.02385330200195,1.02962875366211,0.00577545166015625,0.00665355380981297,1.01810455322266,1.02965545654297,,,,,,,,,,,,,,,,,,,,,,,,,,,,,,,,,,,,,,,,,,,,,,,,,,,,,,,,,,,,,,,,,,,,,,,,,,,,,,,,,,,,,,,,,,,,,,,,,,,,,,,,,,,,,,,,,,,,,,,,,,,,,,,,,,,,,,,,,,,,,"standard","cpu4","/Users/stefano/Documents/fastEmbedR-results/fastEmbedR-results/COIL20/standard/cpu4/20260727_073247_1118054","/Users/stefano/Documents/fastEmbedR-results/fastEmbedR-results/COIL20/standard/cpu4/20260727_073247_1118054/benchmark_summary_median_variability.csv",TRUE
"COIL20","irlba_pca","PCA","cpu","pca_only",4,4,1440,16384,,,"standard_R_double",,3,3,"success",0.81,0.8025,0.8285,0.026,0.0267644042215277,0.795,0.847,,,,,,,,,,,,,,,0.81,0.8025,0.8285,0.026,0.0267644042215277,0.795,0.847,,,,,,,,,,,,,,,0.596576690673828,0.593843460083008,0.596662521362305,0.00281906127929688,0.00320676606215787,0.591110229492188,0.596748352050781,,,,,,,,,,,,,,,,,,,,,,,,,,,,,,,,,,,,,,,,,,,,,,,,,,,,,,,,,,,,,,,,,,,,,,,,,,,,,,,,,,,,,,,,,,,,,,,,,,,,,,,,,,,,,,,,,,,,,,,,,,,,,,,,,,,,,,,,,,,,,"standard","cpu4","/Users/stefano/Documents/fastEmbedR-results/fastEmbedR-results/COIL20/standard/cpu4/20260727_073247_1118054","/Users/stefano/Documents/fastEmbedR-results/fastEmbedR-results/COIL20/standard/cpu4/20260727_073247_1118054/benchmark_summary_median_variability.csv",TRUE
"COIL20","fastEmbedR_tsne_cpu_full","t-SNE","cpu","full_pipeline",4,4,1440,16384,,30,"float32",,3,3,"success",8.719,8.6245,8.768,0.143500000000001,0.145884657635179,8.53,8.817,0.00900000000000001,0.00850000000000001,0.00900000000000007,0.000500000000000054,0.000577350269189657,0.00800000000000001,0.00900000000000012,5.996,5.951,6.057,0.106,0.106401754371502,5.906,6.118,,,,,,,,,,,,,,,1.046,1.0335,1.0485,0.0149999999999999,0.0160727512683216,1.021,1.051,1.01513290405273,1.01512145996094,1.01518058776855,5.91278076171875e-05,6.27205528520636e-05,1.01511001586914,1.01522827148438,,,,,,,,,,,,,,,0.905713000449843,0.899063363537048,0.911104684788896,0.0120413212518475,0.0120632043441805,0.892413726624253,0.916496369127948,0.521794871794872,0.520299145299145,0.535470085470086,0.0151709401709401,0.0167213654243706,0.518803418803419,0.549145299145299,0.574358974358974,0.568055555555556,0.581410256410256,0.0133547008547005,0.0133616790885118,0.561752136752137,0.588461538461538,0.656153846153846,0.654487179487179,0.661474358974359,0.00698717948717953,0.00729868991153352,0.652820512820513,0.666794871794872,0.457890075855963,0.453099458953909,0.458473505971879,0.00537404701796995,0.00589750129878496,0.448308842051855,0.459056936087795,0.576923076923077,0.548076923076923,0.592948717948718,0.044871794871795,0.0454781979781898,0.519230769230769,0.608974358974359,0.721785448278456,0.71973609968086,0.722870143995916,0.00313404431505604,0.00318314605829725,0.717686751083264,0.723954839713376,,,,,,,,,,,,,,,,,,,,,,,,,,,,,,,,,,,,,,,,,,,,,,,,,,,,,,,,,,,,,,,,,,,,,,,,,,,,,,"standard","cpu4","/Users/stefano/Documents/fastEmbedR-results/fastEmbedR-results/COIL20/standard/cpu4/20260727_073247_1118054","/Users/stefano/Documents/fastEmbedR-results/fastEmbedR-results/COIL20/standard/cpu4/20260727_073247_1118054/benchmark_summary_median_variability.csv",TRUE
"COIL20","fastEmbedR_tsne_cpu_knn","t-SNE","cpu","embedding_from_precomputed_knn",4,4,1440,16384,,30,"float32",,3,3,"success",1.13,1.1285,1.1345,0.00600000000000023,0.00624499799839842,1.127,1.139,,,,,,,,,,,,,,,,,,,,,,,,,,,,,1.13,1.1285,1.1345,0.00600000000000023,0.00624499799839842,1.127,1.139,0.675018310546875,0.674970626831055,0.675045013427734,7.43865966796875e-05,7.53664220822014e-05,0.674922943115234,0.675071716308594,,,,,,,,,,,,,,,0.90050446629394,0.896500867553499,0.909449906818328,0.0129490392648289,0.0132596462228298,0.892497268813058,0.918395347342716,0.522649572649573,0.521794871794872,0.537820512820513,0.0160256410256411,0.0180316223988854,0.520940170940171,0.552991452991453,0.57008547008547,0.569017094017094,0.589957264957265,0.020940170940171,0.0235870079754902,0.567948717948718,0.60982905982906,0.667692307692308,0.660512820512821,0.668205128205128,0.00769230769230789,0.00860153547036558,0.653333333333333,0.668717948717949,0.448066927852898,0.44786451757847,0.449488865224284,0.00162434764581354,0.00177038245995941,0.447662107304043,0.45091080259567,0.576923076923077,0.560897435897436,0.596153846153846,0.03525641025641,0.0353049394056798,0.544871794871795,0.615384615384615,0.723870538443995,0.723870538443995,0.723870538443995,0,0,0.723870538443995,0.723870538443995,,,,,,,,,,,,,,,,,,,,,,,,,,,,,,,,,,,,,,,,,,,,,,,,,,,,,,,,,,,,,,,,,,,,,,,,,,,,,,"standard","cpu4","/Users/stefano/Documents/fastEmbedR-results/fastEmbedR-results/COIL20/standard/cpu4/20260727_073247_1118054","/Users/stefano/Documents/fastEmbedR-results/fastEmbedR-results/COIL20/standard/cpu4/20260727_073247_1118054/benchmark_summary_median_variability.csv",TRUE
"COIL20","KlugerLab_FItSNE","t-SNE","cpu","full_pipeline",4,4,1440,16384,,30,"standard_R_double",,3,3,"success",18.756,18.714,19.6425,0.9285,1.04873209162302,18.672,20.529,,,,,,,,,,,,,,,,,,,,,,,,,,,,,,,,,,,,1.32278060913086,1.32270050048828,1.32286262512207,0.000162124633789062,0.000162128373645207,1.3226203918457,1.32294464111328,,,,,,,,,,,,,,,0.870143306985412,0.866430499325236,0.872665638455112,0.00623513912987594,0.00627290771138932,0.86271769166506,0.875187969924812,0.57948717948718,0.578632478632479,0.583974358974359,0.00534188034187999,0.00573881398247358,0.577777777777778,0.588461538461538,0.626282051282051,0.622542735042735,0.627777777777778,0.00523504273504249,0.00539291857441168,0.618803418803419,0.629273504273504,0.639871794871795,0.635448717948718,0.643076923076923,0.00762820512820495,0.00766054696727488,0.631025641025641,0.646282051282051,0.39408073810194,0.381748334324119,0.396559092206128,0.014810757882009,0.0158658747220662,0.369415930546298,0.399037446310316,0.621794871794872,0.605769230769231,0.628205128205129,0.0224358974358975,0.0231125081760513,0.58974358974359,0.634615384615385,1.01821545469563,1.01673240992864,1.0184228782591,0.00169046833045994,0.0018439323002493,1.01524936516166,1.01863030182258,,,,,,,,,,,,,,,,,,,,,,,,,,,,,,,,,,,,,,,,,,,,,,,,,,,,,,,,,,,,,,,,,,,,,,,,,,,,,,"standard","cpu4","/Users/stefano/Documents/fastEmbedR-results/fastEmbedR-results/COIL20/standard/cpu4/20260727_073247_1118054","/Users/stefano/Documents/fastEmbedR-results/fastEmbedR-results/COIL20/standard/cpu4/20260727_073247_1118054/benchmark_summary_median_variability.csv",TRUE
"COIL20","Rtsne_full","t-SNE","cpu","full_pipeline",4,4,1440,16384,,30,"standard_R_double",,3,3,"success",5.051,5.0505,5.0575,0.00700000000000056,0.0078102496759067,5.05,5.064,,,,,,,,,,,,,,,,,,,,,,,,,,,,,,,,,,,,1.53792190551758,1.53785514831543,1.5380916595459,0.00023651123046875,0.000243872256598276,1.53778839111328,1.53826141357422,,,,,,,,,,,,,,,0.823722768459611,0.821878413983677,0.836087012402802,0.0142085984191246,0.0154523016787269,0.820034059507744,0.848451256345993,0.517948717948718,0.514102564102564,0.525213675213675,0.011111111111111,0.0112850725472012,0.51025641025641,0.532478632478632,0.523931623931624,0.513247863247863,0.554273504273505,0.0410256410256411,0.0425666196809473,0.502564102564103,0.584615384615385,0.553076923076923,0.538269230769231,0.569230769230769,0.0309615384615385,0.0309712916633748,0.523461538461538,0.585384615384615,0.484373977336544,0.468670219109023,0.489130968826622,0.0204607497175985,0.0214146253685234,0.452966460881502,0.493887960316699,0.641025641025641,0.637820512820513,0.673076923076923,0.0352564102564099,0.0389920675019114,0.634615384615385,0.705128205128205,0.945152352999571,0.942226138671781,0.952210584939744,0.00998444626796302,0.0102654935160234,0.93929992434399,0.959268816879916,,,,,,,,,,,,,,,,,,,,,,,,,,,,,,,,,,,,,,,,,,,,,,,,,,,,,,,,,,,,,,,,,,,,,,,,,,,,,,"standard","cpu4","/Users/stefano/Documents/fastEmbedR-results/fastEmbedR-results/COIL20/standard/cpu4/20260727_073247_1118054","/Users/stefano/Documents/fastEmbedR-results/fastEmbedR-results/COIL20/standard/cpu4/20260727_073247_1118054/benchmark_summary_median_variability.csv",TRUE
"COIL20","Rtsne_neighbors","t-SNE","cpu","embedding_from_precomputed_knn",4,4,1440,16384,,30,"standard_R_double",,3,3,"success",0.713,0.712,0.717,0.005,0.00529150262212919,0.711,0.721,,,,,,,,,,,,,,,,,,,,,,,,,,,,,0.713,0.712,0.717,0.005,0.00529150262212919,0.711,0.721,0.776248931884766,0.776208877563477,0.776268005371094,5.91278076171875e-05,6.03558567622163e-05,0.776168823242188,0.776287078857422,,,,,,,,,,,,,,,0.86001221001221,0.852414690572585,0.864152368099737,0.011737677527151,0.0119061968278867,0.844817171132961,0.868292526187263,0.544871794871795,0.539102564102564,0.550641025641025,0.0115384615384615,0.0115384615384615,0.533333333333333,0.556410256410256,0.587393162393162,0.585363247863248,0.5875,0.00213675213675235,0.00240799736529603,0.583333333333333,0.587606837606838,0.644102564102564,0.642820512820513,0.645064102564102,0.00224358974358951,0.00225120806684863,0.641538461538462,0.646025641025641,0.430796861989329,0.430106716015397,0.434011149597915,0.00390443358251846,0.00416753707412767,0.429416570041464,0.437225437206501,0.647435897435897,0.621794871794872,0.682692307692307,0.0608974358974359,0.0611499488087786,0.596153846153846,0.717948717948718,0.963946530037469,0.963946530037469,0.963946530037469,0,0,0.963946530037469,0.963946530037469,,,,,,,,,,,,,,,,,,,,,,,,,,,,,,,,,,,,,,,,,,,,,,,,,,,,,,,,,,,,,,,,,,,,,,,,,,,,,,"standard","cpu4","/Users/stefano/Documents/fastEmbedR-results/fastEmbedR-results/COIL20/standard/cpu4/20260727_073247_1118054","/Users/stefano/Documents/fastEmbedR-results/fastEmbedR-results/COIL20/standard/cpu4/20260727_073247_1118054/benchmark_summary_median_variability.csv",TRUE
"COIL20","fastEmbedR_umap_cpu_binary_full","UMAP","cpu","full_pipeline",4,4,1440,16384,30,,"float32",,3,3,"success",6.566,6.547,6.695,0.148000000000001,0.161050716649549,6.528,6.824,0.00900000000000001,0.00900000000000001,0.00900000000000007,5.55111512312578e-17,6.41026683710004e-17,0.00900000000000001,0.00900000000000012,5.846,5.8325,5.974,0.141500000000001,0.156180451188148,5.819,6.102,,,,,,,,,,,,,,,0.486000000000001,0.482000000000001,0.493,0.0109999999999995,0.0111355287256595,0.478000000000001,0.5,0.543235778808594,0.543012619018555,0.543329238891602,0.000316619873046875,0.000325354394483231,0.542789459228516,0.543422698974609,,,,,,,,,,,,,,,0.804771544245228,0.803505558768717,0.807838506522717,0.00433294775400039,0.00445596327611861,0.802239573292205,0.810905468800206,0.447008547008547,0.445299145299145,0.449358974358974,0.00405982905982899,0.00407666325391852,0.443589743589744,0.451709401709402,0.438034188034188,0.410042735042735,0.444017094017094,0.033974358974359,0.0362727967150005,0.382051282051282,0.45,0.439230769230769,0.421474358974359,0.450641025641025,0.0291666666666665,0.0293959010859924,0.403717948717949,0.462051282051282,0.238511512701319,0.177022946580853,0.277377828695637,0.100354882114784,0.101201240594482,0.115534380460387,0.316244144689955,0.493589743589744,0.448717948717949,0.512820512820513,0.064102564102564,0.0657897620441908,0.403846153846154,0.532051282051282,,,,,,,,,,,,,,,,,,,,,,,,,,,,,,,,,,,,,,,,,,,,,,,,,,,,,,,,,,,,,,,,,,,,,,,,,,,,,,,,,,,,,"standard","cpu4","/Users/stefano/Documents/fastEmbedR-results/fastEmbedR-results/COIL20/standard/cpu4/20260727_073247_1118054","/Users/stefano/Documents/fastEmbedR-results/fastEmbedR-results/COIL20/standard/cpu4/20260727_073247_1118054/benchmark_summary_median_variability.csv",TRUE
"COIL20","fastEmbedR_umap_cpu_binary_knn","UMAP","cpu","embedding_from_precomputed_knn",4,4,1440,16384,30,,"float32",,3,3,"success",0.61,0.609,0.616,0.00700000000000001,0.00757187779440037,0.608,0.622,,,,,,,,,,,,,,,,,,,,,,,,,,,,,0.61,0.609,0.616,0.00700000000000001,0.00757187779440037,0.608,0.622,0.542423248291016,0.540412902832031,0.5430908203125,0.00267791748046875,0.00278787652769725,0.538402557373047,0.543758392333984,,,,,,,,,,,,,,,0.804771544245228,0.803505558768717,0.807838506522717,0.00433294775400039,0.00445596327611861,0.802239573292205,0.810905468800206,0.447008547008547,0.445299145299145,0.449358974358974,0.00405982905982899,0.00407666325391852,0.443589743589744,0.451709401709402,0.438034188034188,0.410042735042735,0.444017094017094,0.033974358974359,0.0362727967150005,0.382051282051282,0.45,0.439230769230769,0.421474358974359,0.450641025641025,0.0291666666666665,0.0293959010859924,0.403717948717949,0.462051282051282,0.238511512701319,0.177022946580853,0.277377828695637,0.100354882114784,0.101201240594482,0.115534380460387,0.316244144689955,0.493589743589744,0.448717948717949,0.512820512820513,0.064102564102564,0.0657897620441908,0.403846153846154,0.532051282051282,,,,,,,,,,,,,,,,,,,,,,,,,,,,,,,,,,,,,,,,,,,,,,,,,,,,,,,,,,,,,,,,,,,,,,,,,,,,,,,,,,,,,"standard","cpu4","/Users/stefano/Documents/fastEmbedR-results/fastEmbedR-results/COIL20/standard/cpu4/20260727_073247_1118054","/Users/stefano/Documents/fastEmbedR-results/fastEmbedR-results/COIL20/standard/cpu4/20260727_073247_1118054/benchmark_summary_median_variability.csv",TRUE
"COIL20","fastEmbedR_umap_cpu_fuzzy_full","UMAP","cpu","full_pipeline",4,4,1440,16384,30,,"float32",,3,3,"success",6.255,6.2355,6.3765,0.141,0.152803795764372,6.216,6.498,0.0089999999999999,0.00849999999999996,0.0089999999999999,0.000499999999999945,0.000577350269189562,0.00800000000000001,0.0089999999999999,5.813,5.792,5.9305,0.138500000000001,0.149286078833002,5.771,6.048,,,,,,,,,,,,,,,0.196000000000001,0.194500000000001,0.197500000000001,0.003,0.003,0.193,0.199,0.543613433837891,0.543060302734375,0.578140258789062,0.0350799560546875,0.0401913001533528,0.542507171630859,0.612667083740234,,,,,,,,,,,,,,,0.826791337317653,0.825875586401902,0.839901034637876,0.0140254482359744,0.0156932249030714,0.824959835486151,0.8530107319581,0.495299145299145,0.490811965811966,0.511324786324786,0.0205128205128206,0.0215674408221291,0.486324786324786,0.527350427350427,0.48482905982906,0.469551282051282,0.496047008547009,0.0264957264957265,0.0265992028677808,0.454273504273504,0.507264957264957,0.531153846153846,0.511730769230769,0.549935897435897,0.0382051282051284,0.0382069207403727,0.492307692307692,0.568717948717949,0.543671330318049,0.539682981129534,0.548830919019833,0.0091479378903,0.00917289676041692,0.535694631941018,0.553990507721618,0.628205128205128,0.592948717948718,0.631410256410256,0.0384615384615384,0.0426815905030729,0.557692307692308,0.634615384615385,,,,,,,,,,,,,,,,,,,,,,,,,,,,,,,,,,,,,,,,,,,,,,,,,,,,,,,,,,,,,,,,,,,,,,,,,,,,,,,,,,,,,"standard","cpu4","/Users/stefano/Documents/fastEmbedR-results/fastEmbedR-results/COIL20/standard/cpu4/20260727_073247_1118054","/Users/stefano/Documents/fastEmbedR-results/fastEmbedR-results/COIL20/standard/cpu4/20260727_073247_1118054/benchmark_summary_median_variability.csv",TRUE
"COIL20","fastEmbedR_umap_cpu_fuzzy_knn","UMAP","cpu","embedding_from_precomputed_knn",4,4,1440,16384,30,,"float32",,3,3,"success",0.296,0.2935,0.296,0.0025,0.00288675134594813,0.291,0.296,,,,,,,,,,,,,,,,,,,,,,,,,,,,,0.296,0.2935,0.296,0.0025,0.00288675134594813,0.291,0.296,0.543689727783203,0.543643951416016,0.543746948242188,0.000102996826171875,0.000103208536212682,0.543598175048828,0.543804168701172,,,,,,,,,,,,,,,0.826791337317653,0.825875586401902,0.839901034637876,0.0140254482359744,0.0156932249030714,0.824959835486151,0.8530107319581,0.495299145299145,0.490811965811966,0.511324786324786,0.0205128205128206,0.0215674408221291,0.486324786324786,0.527350427350427,0.48482905982906,0.469551282051282,0.496047008547009,0.0264957264957265,0.0265992028677808,0.454273504273504,0.507264957264957,0.531153846153846,0.511730769230769,0.549935897435897,0.0382051282051284,0.0382069207403727,0.492307692307692,0.568717948717949,0.543671330318049,0.539682981129534,0.548830919019833,0.0091479378903,0.00917289676041692,0.535694631941018,0.553990507721618,0.628205128205128,0.592948717948718,0.631410256410256,0.0384615384615384,0.0426815905030729,0.557692307692308,0.634615384615385,,,,,,,,,,,,,,,,,,,,,,,,,,,,,,,,,,,,,,,,,,,,,,,,,,,,,,,,,,,,,,,,,,,,,,,,,,,,,,,,,,,,,"standard","cpu4","/Users/stefano/Documents/fastEmbedR-results/fastEmbedR-results/COIL20/standard/cpu4/20260727_073247_1118054","/Users/stefano/Documents/fastEmbedR-results/fastEmbedR-results/COIL20/standard/cpu4/20260727_073247_1118054/benchmark_summary_median_variability.csv",TRUE
"COIL20","umap_package","UMAP","cpu","full_pipeline",4,4,1440,16384,30,,"standard_R_double",,3,3,"success",33.924,33.8155,34.025,0.209499999999998,0.209544744625102,33.707,34.126,,,,,,,,,,,,,,,,,,,,,,,,,,,,,,,,,,,,1.41662216186523,1.41661262512207,1.45412635803223,0.0375137329101562,0.0433116225966829,1.41660308837891,1.49163055419922,,,,,,,,,,,,,,,0.831418289313026,0.830859199280252,0.843470856628751,0.0126116573484994,0.0142508680821159,0.830300109247478,0.855523423944477,0.511538461538461,0.509188034188034,0.521794871794871,0.0126068376068375,0.0134077294752594,0.506837606837607,0.532051282051282,0.536538461538462,0.528632478632479,0.552564102564103,0.0239316239316241,0.0243864492426577,0.520726495726496,0.568589743589744,0.58,0.57301282051282,0.586538461538461,0.013525641025641,0.0135281218610346,0.566025641025641,0.593076923076923,0.466870046319513,0.464460650286424,0.484648433823244,0.0201877835368195,0.0220518004647625,0.462051254253335,0.502426821326974,0.557692307692308,0.509615384615385,0.628205128205129,0.118589743589744,0.119295084206905,0.461538461538462,0.698717948717949,,,,,,,,,,,,,,,,,,,,,,,,,,,,,,,,,,,,,,,,,,,,,,,,,,,,,,,,,,,,,,,,,,,,,,,,,,,,,,,,,,,,,"standard","cpu4","/Users/stefano/Documents/fastEmbedR-results/fastEmbedR-results/COIL20/standard/cpu4/20260727_073247_1118054","/Users/stefano/Documents/fastEmbedR-results/fastEmbedR-results/COIL20/standard/cpu4/20260727_073247_1118054/benchmark_summary_median_variability.csv",TRUE
"COIL20","umap_package_knn","UMAP","cpu","embedding_from_precomputed_knn",4,4,1440,16384,30,,"standard_R_double",,3,3,"success",4.662,4.579,4.6925,0.113499999999999,0.117477657450257,4.496,4.723,,,,,,,,,,,,,,,,,,,,,,,,,,,,,4.662,4.579,4.6925,0.113499999999999,0.117477657450257,4.496,4.723,1.04718017578125,1.04701042175293,1.04763221740723,0.000621795654296875,0.000642800071276177,1.04684066772461,1.0480842590332,,,,,,,,,,,,,,,0.813334618597777,0.803876678876679,0.823552470920892,0.019675792044213,0.0196806829561718,0.794418739155581,0.833770323244007,0.505128205128205,0.499786324786325,0.509615384615385,0.00982905982906007,0.00984143900251636,0.494444444444444,0.514102564102564,0.492307692307692,0.459508547008547,0.506517094017094,0.047008547008547,0.0482182159295866,0.426709401709402,0.520726495726496,0.567564102564103,0.540576923076924,0.570128205128206,0.029551282051282,0.0327430476030857,0.513589743589744,0.572692307692308,0.496371752305045,0.489866833521082,0.512135585190136,0.0222687516690541,0.0229013783648209,0.483361914737119,0.527899418075227,0.602564102564103,0.580128205128206,0.647435897435897,0.067307692307692,0.0685427988561767,0.557692307692308,0.692307692307692,,,,,,,,,,,,,,,,,,,,,,,,,,,,,,,,,,,,,,,,,,,,,,,,,,,,,,,,,,,,,,,,,,,,,,,,,,,,,,,,,,,,,"standard","cpu4","/Users/stefano/Documents/fastEmbedR-results/fastEmbedR-results/COIL20/standard/cpu4/20260727_073247_1118054","/Users/stefano/Documents/fastEmbedR-results/fastEmbedR-results/COIL20/standard/cpu4/20260727_073247_1118054/benchmark_summary_median_variability.csv",TRUE
"COIL20","uwot_default","UMAP","cpu","full_pipeline",4,4,1440,16384,30,,"standard_R_double",,3,3,"success",20.011,19.9435,20.059,0.115499999999997,0.116047404107114,19.876,20.107,,,,,,,,,,,,,,,,,,,,,,,,,,,,,,,,,,,,1.06291198730469,1.06258392333984,1.06315612792969,0.00057220458984375,0.000574252384956676,1.062255859375,1.06340026855469,,,,,,,,,,,,,,,0.855378831694621,0.84628558575927,0.862303193882141,0.016017608122871,0.0160664802891526,0.837192339823919,0.869227556069661,0.527350427350427,0.526495726495727,0.533760683760684,0.00726495726495702,0.00794151559245933,0.525641025641026,0.54017094017094,0.555555555555556,0.550747863247864,0.571153846153847,0.0204059829059831,0.0213358026686512,0.545940170940171,0.586752136752137,0.575128205128205,0.571217948717949,0.590576923076923,0.0193589743589745,0.0204731186304453,0.567307692307692,0.606025641025641,0.495440052977097,0.48786935835239,0.511009658344191,0.0231402999918005,0.0235966312863811,0.480298663727684,0.526579263711285,0.596153846153846,0.528846153846154,0.634615384615385,0.105769230769231,0.107072391592885,0.461538461538462,0.673076923076923,,,,,,,,,,,,,,,,,,,,,,,,,,,,,,,,,,,,,,,,,,,,,,,,,,,,,,,,,,,,,,,,,,,,,,,,,,,,,,,,,,,,,"standard","cpu4","/Users/stefano/Documents/fastEmbedR-results/fastEmbedR-results/COIL20/standard/cpu4/20260727_073247_1118054","/Users/stefano/Documents/fastEmbedR-results/fastEmbedR-results/COIL20/standard/cpu4/20260727_073247_1118054/benchmark_summary_median_variability.csv",TRUE
"COIL20","uwot_fast_sgd","UMAP","cpu","full_pipeline",4,4,1440,16384,30,,"standard_R_double",,3,3,"success",19.23,19.2135,19.25,0.0365000000000002,0.0365558932777377,19.197,19.27,,,,,,,,,,,,,,,,,,,,,,,,,,,,,,,,,,,,1.06315231323242,1.06278228759766,1.06448936462402,0.00170707702636719,0.00179605815943657,1.06241226196289,1.06582641601562,,,,,,,,,,,,,,,0.851529464687359,0.850228134438661,0.861146455883298,0.0109183214446374,0.011927271921871,0.848926804189962,0.870763447079237,0.535042735042735,0.534188034188034,0.536965811965812,0.00277777777777799,0.00284543936687173,0.533333333333333,0.538888888888889,0.585683760683761,0.563888888888889,0.599358974358974,0.0354700854700855,0.0357785305164315,0.542094017094017,0.613034188034188,0.587051282051282,0.586282051282051,0.594551282051282,0.00826923076923092,0.00913680810389595,0.58551282051282,0.602051282051282,0.501374025954085,0.493254314040006,0.507937535095818,0.0146832210558115,0.0147106844253889,0.485134602125927,0.51450104423755,0.634615384615385,0.535256410256411,0.653846153846154,0.118589743589743,0.127293769304329,0.435897435897436,0.673076923076923,,,,,,,,,,,,,,,,,,,,,,,,,,,,,,,,,,,,,,,,,,,,,,,,,,,,,,,,,,,,,,,,,,,,,,,,,,,,,,,,,,,,,"standard","cpu4","/Users/stefano/Documents/fastEmbedR-results/fastEmbedR-results/COIL20/standard/cpu4/20260727_073247_1118054","/Users/stefano/Documents/fastEmbedR-results/fastEmbedR-results/COIL20/standard/cpu4/20260727_073247_1118054/benchmark_summary_median_variability.csv",TRUE
"COIL20","uwot_knn","UMAP","cpu","embedding_from_precomputed_knn",4,4,1440,16384,30,,"standard_R_double",,3,3,"success",1.26,1.2555,1.274,0.0185,0.0192959408512085,1.251,1.288,,,,,,,,,,,,,,,,,,,,,,,,,,,,,1.26,1.2555,1.274,0.0185,0.0192959408512085,1.251,1.288,0.747234344482422,0.7470703125,0.752126693725586,0.00505638122558594,0.005746243915626,0.746906280517578,0.75701904296875,,,,,,,,,,,,,,,0.821071910545595,0.800202429149798,0.837642182379025,0.037439753229227,0.03752194277334,0.779332947754,0.854212454212454,0.49017094017094,0.489529914529914,0.49957264957265,0.0100427350427351,0.0112445418073311,0.488888888888889,0.508974358974359,0.479273504273504,0.448611111111111,0.494871794871795,0.0462606837606835,0.0470711510095079,0.417948717948718,0.510470085470085,0.505641025641026,0.499166666666667,0.50775641025641,0.00858974358974351,0.00895082384057126,0.492692307692308,0.509871794871795,0.52673935694162,0.526705865456449,0.537087650664219,0.0103817852077701,0.0119685635102695,0.526672373971278,0.547435944386818,0.576923076923077,0.551282051282052,0.650641025641026,0.099358974358974,0.103163313714301,0.525641025641026,0.724358974358974,,,,,,,,,,,,,,,,,,,,,,,,,,,,,,,,,,,,,,,,,,,,,,,,,,,,,,,,,,,,,,,,,,,,,,,,,,,,,,,,,,,,,"standard","cpu4","/Users/stefano/Documents/fastEmbedR-results/fastEmbedR-results/COIL20/standard/cpu4/20260727_073247_1118054","/Users/stefano/Documents/fastEmbedR-results/fastEmbedR-results/COIL20/standard/cpu4/20260727_073247_1118054/benchmark_summary_median_variability.csv",TRUE
"COIL20","fastEmbedR_pca_cuda","PCA","cuda","pca_only",1,,1440,16384,,,"float32",,3,3,"success",1.84,1.8385,1.878,0.0395000000000001,0.0447697814751572,1.837,1.916,,,,,,,,,,,,,,,1.84,1.8385,1.878,0.0395000000000001,0.0447697814751572,1.837,1.916,,,,,,,,,,,,,,,1.16033172607422,1.16022872924805,1.16898345947266,0.00875473022460938,0.0100501542425819,1.16012573242188,1.17763519287109,437,437,487,50,57.7350269189626,437,537,437,437,487,50,57.7350269189626,437,537,,,,,,,,,,,,,,,,,,,,,,,,,,,,,,,,,,,,,,,,,,,,,,,,,,,,,,,,,,,,,,,,,,,,,,,,,,,,,,,,,,,,,,,,,,,,,,,,,,,,,,,,,,,,,,,,,,,,,,,,,,,,,,,"standard","cuda","/Users/stefano/Documents/fastEmbedR-results/fastEmbedR-results/COIL20/standard/cuda/20260727_073247_1118065","/Users/stefano/Documents/fastEmbedR-results/fastEmbedR-results/COIL20/standard/cuda/20260727_073247_1118065/benchmark_summary_median_variability.csv",TRUE
"COIL20","fastEmbedR_tsne_cuda_full","t-SNE","cuda","full_pipeline",1,,1440,16384,,30,"float32",,3,3,"success",6.399,6.397,6.464,0.0670000000000002,0.0762364742101837,6.395,6.529,0.0190000000000001,0.019,0.0195000000000001,0.000500000000000052,0.000577350269189626,0.0189999999999999,0.02,0.314,0.3115,0.327,0.0155,0.0166433169770933,0.309,0.34,,,,,,,,,,,,,,,5.805,5.796,5.8755,0.0795000000000003,0.0870689382041609,5.787,5.946,1.20098876953125,1.19962501525879,1.22052764892578,0.0209026336669922,0.0233887113500818,1.19826126098633,1.24006652832031,8285,8285,8285,0,0,8285,8285,8285,8285,8285,0,0,8285,8285,0.910333526123,0.904546622967676,0.914537947432684,0.00999132446500894,0.0100330112210815,0.898759719812351,0.918742368742369,0.528632478632479,0.523076923076923,0.53974358974359,0.0166666666666666,0.0169725025739104,0.517521367521368,0.550854700854701,0.578418803418803,0.5625,0.578632478632479,0.0161324786324786,0.0185060499334823,0.546581196581197,0.578846153846154,0.66,0.655641025641025,0.664102564102564,0.00846153846153852,0.00846283336375156,0.651282051282051,0.668205128205128,0.444578863576906,0.444114514258493,0.446707799035035,0.00259328477654197,0.00276563584089133,0.44365016494008,0.448836734493164,0.564102564102564,0.53525641025641,0.57051282051282,0.0352564102564105,0.037560674853092,0.506410256410256,0.576923076923077,0.723263544431294,0.722961294926018,0.725487048710293,0.00252575378427544,0.00275859362972616,0.722659045420741,0.727710552989292,,,,,,,,,,,,,,,,,,,,,,,,,,,,,,,,,,,,,,,,,,,,,,,,,,,,,,,,,,,,,,,,,,,,,,,,,,,,,,"standard","cuda","/Users/stefano/Documents/fastEmbedR-results/fastEmbedR-results/COIL20/standard/cuda/20260727_073247_1118065","/Users/stefano/Documents/fastEmbedR-results/fastEmbedR-results/COIL20/standard/cuda/20260727_073247_1118065/benchmark_summary_median_variability.csv",TRUE
"COIL20","fastEmbedR_tsne_cuda_knn","t-SNE","cuda","embedding_from_precomputed_knn",1,,1440,16384,,30,"float32",,3,3,"success",0.363,0.356,0.3675,0.0115,0.0115902257671425,0.349,0.372,,,,,,,,,,,,,,,,,,,,,,,,,,,,,0.363,0.356,0.3675,0.0115,0.0115902257671425,0.349,0.372,0.807365417480469,0.793693542480469,0.811782836914062,0.0180892944335938,0.0188618898588868,0.780021667480469,0.816200256347656,453,453,453,0,0,453,453,453,453,453,0,0,453,453,0.904713707345286,0.899509992931045,0.911470985155195,0.0119609922241499,0.0119945760545186,0.894306278516805,0.918228262965105,0.525213675213675,0.524786324786324,0.537393162393162,0.012606837606838,0.0143167708367551,0.524358974358974,0.54957264957265,0.55491452991453,0.552350427350428,0.573611111111111,0.0212606837606835,0.0232113972632896,0.549786324786325,0.592307692307692,0.661025641025641,0.656089743589743,0.661346153846154,0.00525641025641055,0.00589325381259568,0.651153846153846,0.661666666666667,0.445632650220723,0.441573913847911,0.446033068778929,0.00445915493101751,0.00493408138458486,0.437515177475099,0.446433487337134,0.564102564102564,0.532051282051282,0.592948717948718,0.0608974358974361,0.060925544570014,0.5,0.621794871794872,0.729361690110338,0.72853446599309,0.729457719422486,0.000923253429396476,0.00101519070912507,0.727707241875842,0.729553748734635,,,,,,,,,,,,,,,,,,,,,,,,,,,,,,,,,,,,,,,,,,,,,,,,,,,,,,,,,,,,,,,,,,,,,,,,,,,,,,"standard","cuda","/Users/stefano/Documents/fastEmbedR-results/fastEmbedR-results/COIL20/standard/cuda/20260727_073247_1118065","/Users/stefano/Documents/fastEmbedR-results/fastEmbedR-results/COIL20/standard/cuda/20260727_073247_1118065/benchmark_summary_median_variability.csv",TRUE
"COIL20","rapids_cuml_tsne_full","t-SNE","cuda","full_pipeline",1,,1440,16384,,30,"standard_R_double",,3,3,"success",3.981,3.9715,5.428,1.4565,1.67636342519554,3.962,6.875,,,,,,,,,,,,,,,,,,,,,,,,,,,,,,,,,,,,1.73385238647461,1.73362731933594,1.73420143127441,0.000574111938476562,0.00057855682929277,1.73340225219727,1.73455047607422,723,641,723,82,94.6854441470986,559,723,723,641,723,82,94.6854441470986,559,723,0.865962984384037,0.861096651886125,0.871701690122743,0.0106050382366175,0.0106169917753196,0.856230319388214,0.877440395861449,0.590598290598291,0.579059829059829,0.59465811965812,0.0155982905982905,0.0161848689884165,0.567521367521368,0.598717948717949,0.608760683760684,0.602136752136752,0.615811965811966,0.0136752136752136,0.0136774392775841,0.595512820512821,0.622863247863248,0.632948717948718,0.626794871794872,0.634358974358974,0.00756410256410256,0.00804463768515554,0.620641025641026,0.635769230769231,0.335227993303623,0.322629995710981,0.352027615013151,0.02939761930217,0.0294975349655162,0.310031998118339,0.368827236722679,0.628205128205128,0.602564102564102,0.66025641025641,0.0576923076923075,0.05781089426696,0.576923076923077,0.692307692307692,1.08757393954074,1.08691509969434,1.09515544407957,0.00824034438523502,0.00915847718793375,1.08625625984794,1.10273694861841,,,,,,,,,,,,,,,,,,,,,,,,,,,,,,,,,,,,,,,,,,,,,,,,,,,,,,,,,,,,,,,,,,,,,,,,,,,,,,"standard","cuda","/Users/stefano/Documents/fastEmbedR-results/fastEmbedR-results/COIL20/standard/cuda/20260727_073247_1118065","/Users/stefano/Documents/fastEmbedR-results/fastEmbedR-results/COIL20/standard/cuda/20260727_073247_1118065/benchmark_summary_median_variability.csv",TRUE
"COIL20","fastEmbedR_umap_cuda_binary_full","UMAP","cuda","full_pipeline",1,,1440,16384,30,,"float32",,3,3,"success",0.588,0.585,0.6015,0.0165,0.017578395831247,0.582,0.615,0.02,0.0195000000000001,0.0205,0.000999999999999997,0.000999999999999999,0.0190000000000001,0.0210000000000001,0.315,0.3145,0.3305,0.016,0.0181934053986602,0.314,0.346,,,,,,,,,,,,,,,0.028,0.028,0.0284999999999999,0.000499999999999948,0.000577350269189568,0.028,0.0289999999999999,1.03329467773438,1.03310394287109,1.03337860107422,0.000274658203125,0.000281496055135533,1.03291320800781,1.03346252441406,2265,2265,2265,0,0,2265,2265,2265,2265,2265,0,0,2265,2265,0.879908103592314,0.875584795321637,0.888156288156288,0.0125714928346505,0.0127740877064039,0.871261487050961,0.896404472720262,0.527350427350427,0.522863247863248,0.542307692307692,0.0194444444444444,0.0203623995721703,0.518376068376068,0.557264957264957,0.559188034188034,0.546367521367521,0.579700854700854,0.033333333333333,0.0336278898682151,0.533547008547009,0.600213675213675,0.621025641025641,0.591666666666666,0.625897435897436,0.0342307692307695,0.037035382386883,0.562307692307692,0.630769230769231,0.413181169211389,0.41301517040923,0.413613508591875,0.000598338182644986,0.000617781796995174,0.41284917160707,0.41404584797236,0.5,0.493589743589744,0.548076923076923,0.0544871794871795,0.0595613669434459,0.487179487179487,0.596153846153846,,,,,,,,,,,,,,,,,,,,,,,,,,,,,,,,,,,,,,,,,,,,,,,,,,,,,,,,,,,,,,,,,,,,,,,,,,,,,,,,,,,,,"standard","cuda","/Users/stefano/Documents/fastEmbedR-results/fastEmbedR-results/COIL20/standard/cuda/20260727_073247_1118065","/Users/stefano/Documents/fastEmbedR-results/fastEmbedR-results/COIL20/standard/cuda/20260727_073247_1118065/benchmark_summary_median_variability.csv",TRUE
"COIL20","fastEmbedR_umap_cuda_binary_knn","UMAP","cuda","embedding_from_precomputed_knn",1,,1440,16384,30,,"float32",,3,3,"success",0.345,0.3415,0.3525,0.011,0.0112398102000582,0.338,0.36,,,,,,,,,,,,,,,,,,,,,,,,,,,,,0.345,0.3415,0.3525,0.011,0.0112398102000582,0.338,0.36,0.660881042480469,0.660678863525391,0.663270950317383,0.00259208679199219,0.00288345276084536,0.660476684570312,0.665660858154297,437,437,437,0,0,437,437,437,437,437,0,0,437,437,0.901221001221001,0.883375104427736,0.902520724889146,0.01914562046141,0.0213965744426807,0.865529207634471,0.903820448557291,0.530769230769231,0.521153846153846,0.548076923076923,0.0269230769230769,0.0272869187869138,0.511538461538461,0.565384615384615,0.569871794871795,0.548824786324786,0.576068376068376,0.0272435897435895,0.0285608983217812,0.527777777777778,0.582264957264957,0.608076923076923,0.600897435897436,0.621794871794872,0.0208974358974361,0.0212356615198137,0.593717948717949,0.635512820512821,0.413857258181766,0.408113204894842,0.420304639523496,0.0121914346286535,0.0121981952936609,0.402369151607919,0.426752020865226,0.493589743589744,0.477564102564103,0.541666666666667,0.064102564102564,0.0667200640854528,0.461538461538462,0.58974358974359,,,,,,,,,,,,,,,,,,,,,,,,,,,,,,,,,,,,,,,,,,,,,,,,,,,,,,,,,,,,,,,,,,,,,,,,,,,,,,,,,,,,,"standard","cuda","/Users/stefano/Documents/fastEmbedR-results/fastEmbedR-results/COIL20/standard/cuda/20260727_073247_1118065","/Users/stefano/Documents/fastEmbedR-results/fastEmbedR-results/COIL20/standard/cuda/20260727_073247_1118065/benchmark_summary_median_variability.csv",TRUE
"COIL20","fastEmbedR_umap_cuda_fuzzy_full","UMAP","cuda","full_pipeline",1,,1440,16384,30,,"float32",,3,3,"success",0.59,0.5885,0.6165,0.028,0.0315013227235514,0.587,0.643,0.02,0.0194999999999999,0.0205,0.0010000000000001,0.0010000000000001,0.0189999999999999,0.0210000000000001,0.323,0.3175,0.341,0.0235,0.0245831920899897,0.312,0.359,,,,,,,,,,,,,,,0.024,0.0235,0.0294999999999999,0.0059999999999999,0.0066583281184793,0.0230000000000001,0.0349999999999999,1.0331916809082,1.03317260742188,1.03421401977539,0.00104141235351562,0.00119165997591536,1.03315353393555,1.03523635864258,2265,2128,2265,137,158.193973757957,1991,2265,2265,2128,2265,137,158.193973757957,1991,2265,0.862823725981621,0.862303193882141,0.864825525351842,0.00252233146970005,0.00266337009923425,0.861782661782662,0.866827324722062,0.499145299145299,0.497008547008547,0.514316239316239,0.017307692307692,0.018872896763735,0.494871794871795,0.529487179487179,0.492094017094017,0.486431623931624,0.510790598290598,0.0243589743589741,0.0254948946077055,0.480769230769231,0.529487179487179,0.55,0.548397435897436,0.554679487179487,0.00628205128205106,0.0065283984904992,0.546794871794872,0.559358974358974,0.541081781274846,0.537710071696969,0.545468892772821,0.00775882107585146,0.00778093727260348,0.534338362119093,0.549856004270796,0.628205128205128,0.615384615384615,0.657051282051282,0.0416666666666665,0.0426815905030729,0.602564102564103,0.685897435897436,,,,,,,,,,,,,,,,,,,,,,,,,,,,,,,,,,,,,,,,,,,,,,,,,,,,,,,,,,,,,,,,,,,,,,,,,,,,,,,,,,,,,"standard","cuda","/Users/stefano/Documents/fastEmbedR-results/fastEmbedR-results/COIL20/standard/cuda/20260727_073247_1118065","/Users/stefano/Documents/fastEmbedR-results/fastEmbedR-results/COIL20/standard/cuda/20260727_073247_1118065/benchmark_summary_median_variability.csv",TRUE
"COIL20","fastEmbedR_umap_cuda_fuzzy_knn","UMAP","cuda","embedding_from_precomputed_knn",1,,1440,16384,30,,"float32",,3,3,"success",0.363,0.3575,0.365,0.00750000000000001,0.00776745346515404,0.352,0.367,,,,,,,,,,,,,,,,,,,,,,,,,,,,,0.363,0.3575,0.365,0.00750000000000001,0.00776745346515404,0.352,0.367,0.664356231689453,0.662237167358398,0.664402008056641,0.00216484069824219,0.00247373730263972,0.660118103027344,0.664447784423828,437,437,437,0,0,437,437,437,437,437,0,0,437,437,0.840562945826104,0.813051860420281,0.847935543988175,0.0348836835678941,0.0367703358984821,0.785540775014459,0.855308142150247,0.494871794871795,0.482905982905983,0.507905982905983,0.025,0.0250076083584142,0.470940170940171,0.520940170940171,0.474145299145299,0.448076923076923,0.493376068376069,0.0452991452991455,0.0454708352014965,0.422008547008547,0.512606837606838,0.531282051282051,0.490705128205128,0.563076923076923,0.072371794871795,0.0725491890687876,0.450128205128205,0.594871794871795,0.541064738923278,0.537031439818636,0.545168728886868,0.00813728906823197,0.00813739141939733,0.532998140713993,0.549272718850457,0.641025641025641,0.621794871794872,0.66025641025641,0.0384615384615384,0.0384615384615385,0.602564102564103,0.67948717948718,,,,,,,,,,,,,,,,,,,,,,,,,,,,,,,,,,,,,,,,,,,,,,,,,,,,,,,,,,,,,,,,,,,,,,,,,,,,,,,,,,,,,"standard","cuda","/Users/stefano/Documents/fastEmbedR-results/fastEmbedR-results/COIL20/standard/cuda/20260727_073247_1118065","/Users/stefano/Documents/fastEmbedR-results/fastEmbedR-results/COIL20/standard/cuda/20260727_073247_1118065/benchmark_summary_median_variability.csv",TRUE
"COIL20","rapids_cuml_umap_full","UMAP","cuda","full_pipeline",1,,1440,16384,30,,"standard_R_double",,3,3,"success",3.797,3.735,3.8215,0.0865,0.0891683800458436,3.673,3.846,,,,,,,,,,,,,,,,,,,,,,,,,,,,,,,,,,,,1.83511734008789,1.83478164672852,1.83528137207031,0.000499725341796875,0.000509458496850481,1.83444595336914,1.83544540405273,659,659,659,0,0,659,659,659,659,659,0,0,659,659,0.833073067283594,0.828068568858043,0.836620397146713,0.00855182828867007,0.0085931104468644,0.823064070432492,0.840167727009832,0.518376068376068,0.516452991452991,0.519017094017094,0.002564102564103,0.00266880256341848,0.514529914529914,0.51965811965812,0.541666666666667,0.50491452991453,0.566025641025641,0.061111111111111,0.0615285683722257,0.468162393162393,0.590384615384615,0.589358974358974,0.541923076923077,0.605769230769231,0.063846153846154,0.0663113476560692,0.494487179487179,0.622179487179487,0.440598496694092,0.439522859113356,0.471089174471263,0.031566315357907,0.0358447643112275,0.438447221532619,0.501579852248433,0.615384615384615,0.532051282051282,0.653846153846154,0.121794871794872,0.124519677643875,0.448717948717949,0.692307692307692,,,,,,,,,,,,,,,,,,,,,,,,,,,,,,,,,,,,,,,,,,,,,,,,,,,,,,,,,,,,,,,,,,,,,,,,,,,,,,,,,,,,,"standard","cuda","/Users/stefano/Documents/fastEmbedR-results/fastEmbedR-results/COIL20/standard/cuda/20260727_073247_1118065","/Users/stefano/Documents/fastEmbedR-results/fastEmbedR-results/COIL20/standard/cuda/20260727_073247_1118065/benchmark_summary_median_variability.csv",TRUE
"FashionMNIST","fastEmbedR_pca_cpu","PCA","cpu","pca_only",1,1,70000,784,,,"float32",,3,3,"success",2.408,2.383,2.4305,0.0474999999999999,0.0475219247646107,2.358,2.453,,,,,,,,,,,,,,,2.408,2.383,2.4305,0.0474999999999999,0.0475219247646107,2.358,2.453,,,,,,,,,,,,,,,1.69364929199219,1.69152641296387,1.70049667358398,0.00897026062011719,0.0093758137646957,1.68940353393555,1.70734405517578,,,,,,,,,,,,,,,,,,,,,,,,,,,,,,,,,,,,,,,,,,,,,,,,,,,,,,,,,,,,,,,,,,,,,,,,,,,,,,,,,,,,,,,,,,,,,,,,,,,,,,,,,,,,,,,,,,,,,,,,,,,,,,,,,,,,,,,,,,,,,"standard","cpu1","/Users/stefano/Documents/fastEmbedR-results/fastEmbedR-results/FashionMNIST/standard/cpu1/20260727_073247_1118044","/Users/stefano/Documents/fastEmbedR-results/fastEmbedR-results/FashionMNIST/standard/cpu1/20260727_073247_1118044/benchmark_summary_median_variability.csv",TRUE
"FashionMNIST","irlba_pca","PCA","cpu","pca_only",1,1,70000,784,,,"standard_R_double",,3,3,"success",1.944,1.9225,1.952,0.0295000000000001,0.0305122926047847,1.901,1.96,,,,,,,,,,,,,,,1.944,1.9225,1.952,0.0295000000000001,0.0305122926047847,1.901,1.96,,,,,,,,,,,,,,,1.15179061889648,1.1517505645752,1.15189743041992,0.000146865844726562,0.000151839008032003,1.15171051025391,1.15200424194336,,,,,,,,,,,,,,,,,,,,,,,,,,,,,,,,,,,,,,,,,,,,,,,,,,,,,,,,,,,,,,,,,,,,,,,,,,,,,,,,,,,,,,,,,,,,,,,,,,,,,,,,,,,,,,,,,,,,,,,,,,,,,,,,,,,,,,,,,,,,,"standard","cpu1","/Users/stefano/Documents/fastEmbedR-results/fastEmbedR-results/FashionMNIST/standard/cpu1/20260727_073247_1118044","/Users/stefano/Documents/fastEmbedR-results/fastEmbedR-results/FashionMNIST/standard/cpu1/20260727_073247_1118044/benchmark_summary_median_variability.csv",TRUE
"FashionMNIST","fastEmbedR_tsne_cpu_full","t-SNE","cpu","full_pipeline",1,1,70000,784,,30,"float32",,3,3,"success",114.636,114.5165,115.312,0.79549999999999,0.857934146656955,114.397,115.988,0.0189999999999999,0.0159999999999999,0.0254999999999999,0.00950000000000005,0.00971253485622237,0.0129999999999999,0.032,43.56,43.4895,44.491,1.0015,1.11795453097759,43.419,45.422,,,,,,,,,,,,,,,68.234,68.0965,68.4095,0.313000000000002,0.313767960973281,67.959,68.585,1.734130859375,1.73349952697754,1.73421478271484,0.000715255737304688,0.000781969518929213,1.73286819458008,1.73429870605469,,,,,,,,,,,,,,,0.962653078597575,0.961346767361069,0.964425837870121,0.00307907050905254,0.0030908250985498,0.960040456124563,0.966198597142668,0.499813258636788,0.496825396825397,0.511017740429505,0.014192343604108,0.0149641871908536,0.493837535014006,0.522222222222222,0.552941176470588,0.549509803921568,0.557469654528478,0.00795985060690962,0.00798501316113604,0.546078431372549,0.561998132586368,0.575378151260504,0.574817927170868,0.577731092436975,0.00291316526610652,0.00309157080658447,0.574257703081232,0.580084033613445,0.120558477377342,0.113085237612476,0.128124591564642,0.0150393539521655,0.0150394495417207,0.105611997847611,0.135690705751942,0.7296918767507,0.721288515406163,0.735294117647058,0.0140056022408959,0.0140986637446695,0.712885154061625,0.740896358543417,1.84514026299038,1.84460904285298,1.84545853790612,0.000849495053139915,0.000858345541017788,1.84407782271558,1.84577681282186,,,,,,,,,,,,,,,,,,,,,,,,,,,,,,,,,,,,,,,,,,,,,,,,,,,,,,,,,,,,,,,,,,,,,,,,,,,,,,"standard","cpu1","/Users/stefano/Documents/fastEmbedR-results/fastEmbedR-results/FashionMNIST/standard/cpu1/20260727_073247_1118044","/Users/stefano/Documents/fastEmbedR-results/fastEmbedR-results/FashionMNIST/standard/cpu1/20260727_073247_1118044/benchmark_summary_median_variability.csv",TRUE
"FashionMNIST","fastEmbedR_tsne_cpu_knn","t-SNE","cpu","embedding_from_precomputed_knn",1,1,70000,784,,30,"float32",,3,3,"success",67.116,66.608,67.387,0.778999999999996,0.790926039525824,66.1,67.658,,,,,,,,,,,,,,,,,,,,,,,,,,,,,67.116,66.608,67.387,0.778999999999996,0.790926039525824,66.1,67.658,0.720638275146484,0.720405578613281,0.720739364624023,0.000333786010742188,0.000342325244955785,0.720172882080078,0.720840454101562,,,,,,,,,,,,,,,0.963063044803063,0.961809094115215,0.965360017620169,0.00355092350495456,0.00360162317000895,0.960555143427366,0.967656990437275,0.498692810457516,0.495658263305322,0.509757236227824,0.0140989729225024,0.0148416313459811,0.492623716153128,0.520821661998133,0.553408029878618,0.549556489262371,0.557096171802054,0.00753968253968251,0.00754027270794172,0.545704948646125,0.56078431372549,0.575070028011204,0.5743837535014,0.577296918767507,0.00291316526610652,0.00304593138585045,0.573697478991597,0.57952380952381,0.122750106668824,0.113196619251118,0.130065379067995,0.016868759816878,0.0169181833121226,0.103643131833411,0.137380651467167,0.733893557422969,0.72829131652661,0.738095238095238,0.00980392156862753,0.00983721172068423,0.722689075630252,0.742296918767507,1.84748360932667,1.84748360932667,1.84748360932667,0,0,1.84748360932667,1.84748360932667,,,,,,,,,,,,,,,,,,,,,,,,,,,,,,,,,,,,,,,,,,,,,,,,,,,,,,,,,,,,,,,,,,,,,,,,,,,,,,"standard","cpu1","/Users/stefano/Documents/fastEmbedR-results/fastEmbedR-results/FashionMNIST/standard/cpu1/20260727_073247_1118044","/Users/stefano/Documents/fastEmbedR-results/fastEmbedR-results/FashionMNIST/standard/cpu1/20260727_073247_1118044/benchmark_summary_median_variability.csv",TRUE
"FashionMNIST","KlugerLab_FItSNE","t-SNE","cpu","full_pipeline",1,1,70000,784,,30,"standard_R_double",,3,3,"success",210.671,209.4295,212.7095,3.28,3.31211961337953,208.188,214.748,,,,,,,,,,,,,,,,,,,,,,,,,,,,,,,,,,,,2.91429138183594,2.91420555114746,2.91438293457031,0.000177383422851562,0.000177414183871971,2.91411972045898,2.91447448730469,,,,,,,,,,,,,,,0.930558156692489,0.928725942861467,0.93270554724543,0.00397960438396305,0.00398376243956272,0.926893729030445,0.934852937798371,0.464239028944911,0.461391223155929,0.46844070961718,0.00704948646125103,0.00709269002334279,0.458543417366947,0.472642390289449,0.517413632119515,0.51451914098973,0.518884220354809,0.00436507936507946,0.00444181843555349,0.511624649859944,0.520354808590103,0.540924369747899,0.5390756302521,0.542801120448179,0.0037254901960786,0.00372552529767312,0.537226890756302,0.544677871148459,0.126919929643289,0.112386075789888,0.129373265539272,0.0169871897493836,0.0183633036321916,0.0978522219364877,0.131826601435255,0.733893557422969,0.733193277310924,0.739495798319328,0.00630252100840312,0.00690879952705329,0.73249299719888,0.745098039215686,1.96290103135083,1.96119062559901,1.96393151717966,0.00274089158065016,0.00276885963724621,1.95948021984719,1.96496200300849,,,,,,,,,,,,,,,,,,,,,,,,,,,,,,,,,,,,,,,,,,,,,,,,,,,,,,,,,,,,,,,,,,,,,,,,,,,,,,"standard","cpu1","/Users/stefano/Documents/fastEmbedR-results/fastEmbedR-results/FashionMNIST/standard/cpu1/20260727_073247_1118044","/Users/stefano/Documents/fastEmbedR-results/fastEmbedR-results/FashionMNIST/standard/cpu1/20260727_073247_1118044/benchmark_summary_median_variability.csv",TRUE
"FashionMNIST","Rtsne_full","t-SNE","cpu","full_pipeline",1,1,70000,784,,30,"standard_R_double",,3,3,"success",166.94,165.32,183.0495,17.7295,19.6040057216206,163.7,199.159,,,,,,,,,,,,,,,,,,,,,,,,,,,,,,,,,,,,2.62693786621094,2.62689399719238,2.62704277038574,0.000148773193359375,0.000152889589230813,2.62685012817383,2.62714767456055,,,,,,,,,,,,,,,0.921842794039951,0.920255492452649,0.924440485311346,0.00418499285869645,0.00422545393994321,0.918668190865348,0.927038176582741,0.473389355742297,0.471802054154996,0.478104575163398,0.00630252100840295,0.00655614681448096,0.470214752567694,0.4828197945845,0.518627450980392,0.515802987861812,0.521475256769375,0.00567226890756301,0.00567228491760242,0.512978524743231,0.524323062558357,0.531792717086835,0.52235294117647,0.533991596638655,0.011638655462185,0.0123666956375787,0.512913165266106,0.536190476190476,0.142466114095285,0.128054581421493,0.144206085046183,0.01615150362469,0.0177311560490965,0.113643048747701,0.145946055997081,0.719887955182073,0.719887955182073,0.719887955182073,0,0,0.719887955182073,0.719887955182073,1.8159877230741,1.79852959086373,1.8324409734326,0.0339113825688651,0.0339163450798774,1.78107145865336,1.84889422379109,,,,,,,,,,,,,,,,,,,,,,,,,,,,,,,,,,,,,,,,,,,,,,,,,,,,,,,,,,,,,,,,,,,,,,,,,,,,,,"standard","cpu1","/Users/stefano/Documents/fastEmbedR-results/fastEmbedR-results/FashionMNIST/standard/cpu1/20260727_073247_1118044","/Users/stefano/Documents/fastEmbedR-results/fastEmbedR-results/FashionMNIST/standard/cpu1/20260727_073247_1118044/benchmark_summary_median_variability.csv",TRUE
"FashionMNIST","Rtsne_neighbors","t-SNE","cpu","embedding_from_precomputed_knn",1,1,70000,784,,30,"standard_R_double",,3,3,"success",117.703,117.272,117.8275,0.555500000000009,0.58300457402437,116.841,117.952,,,,,,,,,,,,,,,,,,,,,,,,,,,,,117.703,117.272,117.8275,0.555500000000009,0.58300457402437,116.841,117.952,0.936439514160156,0.936368942260742,0.936620712280273,0.00025177001953125,0.000259745124376028,0.936298370361328,0.936801910400391,,,,,,,,,,,,,,,0.932150052495673,0.926661788690392,0.932736085268647,0.00607429657825509,0.00670132091098255,0.921173524885111,0.933322118041621,0.464145658263305,0.459757236227824,0.471615312791783,0.0118580765639585,0.0119907733009734,0.455368814192344,0.479084967320261,0.51624649859944,0.511041083099907,0.518697478991597,0.00765639589169043,0.00781980619776119,0.505835667600373,0.521148459383754,0.541120448179272,0.538473389355743,0.544957983193277,0.00648459383753497,0.00652091775937206,0.535826330532213,0.548795518207283,0.10212941650768,0.0945130272381864,0.106078807296749,0.0115657800585631,0.0117579573473258,0.0868966379686928,0.110028198085819,0.735294117647059,0.719187675070028,0.740196078431372,0.0210084033613445,0.021981806474311,0.703081232492997,0.745098039215686,1.7407521445593,1.7407521445593,1.7407521445593,0,0,1.7407521445593,1.7407521445593,,,,,,,,,,,,,,,,,,,,,,,,,,,,,,,,,,,,,,,,,,,,,,,,,,,,,,,,,,,,,,,,,,,,,,,,,,,,,,"standard","cpu1","/Users/stefano/Documents/fastEmbedR-results/fastEmbedR-results/FashionMNIST/standard/cpu1/20260727_073247_1118044","/Users/stefano/Documents/fastEmbedR-results/fastEmbedR-results/FashionMNIST/standard/cpu1/20260727_073247_1118044/benchmark_summary_median_variability.csv",TRUE
"FashionMNIST","fastEmbedR_umap_cpu_binary_full","UMAP","cpu","full_pipeline",1,1,70000,784,30,,"float32",,3,3,"success",143.45,142.932,145.3175,2.38550000000001,2.50951396356613,142.414,147.185,0.02,0.0194999999999999,0.0204999999999999,0.001,0.001,0.0189999999999999,0.0209999999999999,41.683,41.6545,42.9355,1.28100000000001,1.46299453177379,41.626,44.188,,,,,,,,,,,,,,,101.515,101.014,102.103,1.089,1.09015778674465,100.513,102.691,0.808910369873047,0.808883666992188,0.808916091918945,3.24249267578125e-05,3.46136921916102e-05,0.808856964111328,0.808921813964844,,,,,,,,,,,,,,,0.968259643461823,0.967641248491679,0.970458246009451,0.00281699751777198,0.00296105167315799,0.967022853521534,0.972656848557078,0.530345471521942,0.520541549953314,0.530532212885154,0.00999066293183948,0.0114299342744732,0.510737628384687,0.530718954248366,0.595238095238095,0.592156862745098,0.595774976657329,0.00361811391223155,0.00390495271982499,0.589075630252101,0.596311858076564,0.611792717086835,0.609957983193278,0.617843137254902,0.00788515406162449,0.00825225170265162,0.60812324929972,0.623893557422969,0.172861286947742,0.141994746809521,0.193656140094301,0.051661393284781,0.0519876188697285,0.111128206671299,0.214450993240861,0.717086834733894,0.71218487394958,0.730392156862746,0.0182072829131655,0.0188426107101874,0.707282913165266,0.743697478991597,,,,,,,,,,,,,,,,,,,,,,,,,,,,,,,,,,,,,,,,,,,,,,,,,,,,,,,,,,,,,,,,,,,,,,,,,,,,,,,,,,,,,"standard","cpu1","/Users/stefano/Documents/fastEmbedR-results/fastEmbedR-results/FashionMNIST/standard/cpu1/20260727_073247_1118044","/Users/stefano/Documents/fastEmbedR-results/fastEmbedR-results/FashionMNIST/standard/cpu1/20260727_073247_1118044/benchmark_summary_median_variability.csv",TRUE
"FashionMNIST","fastEmbedR_umap_cpu_binary_knn","UMAP","cpu","embedding_from_precomputed_knn",1,1,70000,784,30,,"float32",,3,3,"success",100.646,100.5215,100.9205,0.399000000000001,0.408290337872445,100.397,101.195,,,,,,,,,,,,,,,,,,,,,,,,,,,,,100.646,100.5215,100.9205,0.399000000000001,0.408290337872445,100.397,101.195,0.826522827148438,0.826471328735352,0.826719284057617,0.000247955322265625,0.000261698612344628,0.826419830322266,0.826915740966797,,,,,,,,,,,,,,,0.968259643461823,0.967641248491679,0.970458246009451,0.00281699751777198,0.00296105167315799,0.967022853521534,0.972656848557078,0.530345471521942,0.520541549953314,0.530532212885154,0.00999066293183948,0.0114299342744732,0.510737628384687,0.530718954248366,0.595238095238095,0.592156862745098,0.595774976657329,0.00361811391223155,0.00390495271982499,0.589075630252101,0.596311858076564,0.611792717086835,0.609957983193278,0.617843137254902,0.00788515406162449,0.00825225170265162,0.60812324929972,0.623893557422969,0.172861286947742,0.141994746809521,0.193656140094301,0.051661393284781,0.0519876188697285,0.111128206671299,0.214450993240861,0.717086834733894,0.71218487394958,0.730392156862746,0.0182072829131655,0.0188426107101874,0.707282913165266,0.743697478991597,,,,,,,,,,,,,,,,,,,,,,,,,,,,,,,,,,,,,,,,,,,,,,,,,,,,,,,,,,,,,,,,,,,,,,,,,,,,,,,,,,,,,"standard","cpu1","/Users/stefano/Documents/fastEmbedR-results/fastEmbedR-results/FashionMNIST/standard/cpu1/20260727_073247_1118044","/Users/stefano/Documents/fastEmbedR-results/fastEmbedR-results/FashionMNIST/standard/cpu1/20260727_073247_1118044/benchmark_summary_median_variability.csv",TRUE
"FashionMNIST","fastEmbedR_umap_cpu_fuzzy_full","UMAP","cpu","full_pipeline",1,1,70000,784,30,,"float32",,3,3,"success",66.556,65.8425,66.654,0.811499999999995,0.885896344576116,65.129,66.752,0.0110000000000001,0.011,0.0115000000000001,0.000500000000000051,0.000577350269189626,0.0109999999999999,0.012,46.012,45.8205,46.0845,0.264000000000003,0.27279357274931,45.629,46.157,,,,,,,,,,,,,,,20.289,19.765,20.314,0.548999999999999,0.620001075267885,19.241,20.339,0.807479858398438,0.807283401489258,0.807491302490234,0.000207901000976562,0.00023373647641243,0.807086944580078,0.807502746582031,,,,,,,,,,,,,,,0.965981047508246,0.965161993403246,0.9681786366259,0.00301664322265349,0.00311987007098362,0.964342939298247,0.970376225743554,0.518767507002801,0.508776844070961,0.522175536881419,0.0133986928104576,0.0139272630118099,0.498786181139122,0.525583566760037,0.577077497665733,0.573459383753502,0.580415499533147,0.00695611577964494,0.00695799547228775,0.56984126984127,0.58375350140056,0.596498599439776,0.591932773109244,0.600728291316526,0.00879551820728297,0.00879765893055189,0.587366946778711,0.604957983193277,0.110674171308314,0.0921127407901645,0.124433449001334,0.0323207082111695,0.0324394061267597,0.0735513102720151,0.138192726694354,0.7296918767507,0.721288515406163,0.735994397759103,0.0147058823529409,0.0147558175810261,0.712885154061625,0.742296918767507,,,,,,,,,,,,,,,,,,,,,,,,,,,,,,,,,,,,,,,,,,,,,,,,,,,,,,,,,,,,,,,,,,,,,,,,,,,,,,,,,,,,,"standard","cpu1","/Users/stefano/Documents/fastEmbedR-results/fastEmbedR-results/FashionMNIST/standard/cpu1/20260727_073247_1118044","/Users/stefano/Documents/fastEmbedR-results/fastEmbedR-results/FashionMNIST/standard/cpu1/20260727_073247_1118044/benchmark_summary_median_variability.csv",TRUE
"FashionMNIST","fastEmbedR_umap_cpu_fuzzy_knn","UMAP","cpu","embedding_from_precomputed_knn",1,1,70000,784,30,,"float32",,3,3,"success",19.61,19.4185,19.6275,0.208999999999996,0.231890060157825,19.227,19.645,,,,,,,,,,,,,,,,,,,,,,,,,,,,,19.61,19.4185,19.6275,0.208999999999996,0.231890060157825,19.227,19.645,0.825565338134766,0.825517654418945,0.825643539428711,0.000125885009765625,0.000127112062928334,0.825469970703125,0.825721740722656,,,,,,,,,,,,,,,0.965981047508246,0.965161993403246,0.9681786366259,0.00301664322265349,0.00311987007098362,0.964342939298247,0.970376225743554,0.518767507002801,0.508776844070961,0.522175536881419,0.0133986928104576,0.0139272630118099,0.498786181139122,0.525583566760037,0.577077497665733,0.573459383753502,0.580415499533147,0.00695611577964494,0.00695799547228775,0.56984126984127,0.58375350140056,0.596498599439776,0.591932773109244,0.600728291316526,0.00879551820728297,0.00879765893055189,0.587366946778711,0.604957983193277,0.110674171308314,0.0921127407901645,0.124433449001334,0.0323207082111695,0.0324394061267597,0.0735513102720151,0.138192726694354,0.7296918767507,0.721288515406163,0.735994397759103,0.0147058823529409,0.0147558175810261,0.712885154061625,0.742296918767507,,,,,,,,,,,,,,,,,,,,,,,,,,,,,,,,,,,,,,,,,,,,,,,,,,,,,,,,,,,,,,,,,,,,,,,,,,,,,,,,,,,,,"standard","cpu1","/Users/stefano/Documents/fastEmbedR-results/fastEmbedR-results/FashionMNIST/standard/cpu1/20260727_073247_1118044","/Users/stefano/Documents/fastEmbedR-results/fastEmbedR-results/FashionMNIST/standard/cpu1/20260727_073247_1118044/benchmark_summary_median_variability.csv",TRUE
"FashionMNIST","umap_package","UMAP","cpu","full_pipeline",1,1,70000,784,30,,"standard_R_double",,3,3,"success",1096.312,1065.3505,1105.875,40.5245,42.3658711032045,1034.389,1115.438,,,,,,,,,,,,,,,,,,,,,,,,,,,,,,,,,,,,8.78615951538086,8.35853576660156,8.79748153686523,0.438945770263672,0.500442236375601,7.93091201782227,8.80880355834961,,,,,,,,,,,,,,,0.942478255170857,0.940700698996434,0.943967794546666,0.00326709555023164,0.00327132458795679,0.938923142822011,0.945457333922474,0.49327731092437,0.484080298786182,0.493370681605976,0.00929038281979444,0.0106741108386133,0.474883286647993,0.493464052287582,0.549766573295985,0.544304388422036,0.552521008403361,0.00821661998132595,0.00836401898114683,0.538842203548086,0.555275443510738,0.571904761904762,0.56609243697479,0.574705882352941,0.00861344537815101,0.00878714356846303,0.560280112044818,0.57750700280112,0.210206905453747,0.196309804718024,0.219334344619988,0.023024539901964,0.023188632161606,0.1824127039823,0.228461783786228,0.736694677871149,0.719887955182073,0.752801120448179,0.0329131652661065,0.0329156484352425,0.703081232492997,0.76890756302521,,,,,,,,,,,,,,,,,,,,,,,,,,,,,,,,,,,,,,,,,,,,,,,,,,,,,,,,,,,,,,,,,,,,,,,,,,,,,,,,,,,,,"standard","cpu1","/Users/stefano/Documents/fastEmbedR-results/fastEmbedR-results/FashionMNIST/standard/cpu1/20260727_073247_1118044","/Users/stefano/Documents/fastEmbedR-results/fastEmbedR-results/FashionMNIST/standard/cpu1/20260727_073247_1118044/benchmark_summary_median_variability.csv",TRUE
"FashionMNIST","umap_package_knn","UMAP","cpu","embedding_from_precomputed_knn",1,1,70000,784,30,,"standard_R_double",,3,3,"success",263.392,261.8315,263.852,2.02049999999997,2.11804634824956,260.271,264.312,,,,,,,,,,,,,,,,,,,,,,,,,,,,,263.392,261.8315,263.852,2.02049999999997,2.11804634824956,260.271,264.312,3.63593673706055,3.63584327697754,3.63595581054688,0.000112533569335938,0.00012045023654058,3.63574981689453,3.6359748840332,,,,,,,,,,,,,,,0.940852308120547,0.938421900356863,0.944241690887643,0.00581979053078041,0.00584606758210606,0.935991492593178,0.947631073654739,0.49281045751634,0.481045751633987,0.495051353874884,0.0140056022408965,0.0150463022061504,0.469281045751634,0.497292250233427,0.55672268907563,0.549019607843137,0.559500466853408,0.010480859010271,0.0108597702692179,0.541316526610644,0.562278244631186,0.58109243697479,0.576974789915967,0.586456582633053,0.00948179271708649,0.0095090647655766,0.572857142857143,0.591820728291316,0.205188821163551,0.186677246371829,0.206836558105764,0.0201593117339355,0.0223873667929967,0.168165671580106,0.208484295047977,0.728291316526611,0.726190476190476,0.746498599439776,0.0203081232492995,0.0223358986254071,0.724089635854342,0.764705882352941,,,,,,,,,,,,,,,,,,,,,,,,,,,,,,,,,,,,,,,,,,,,,,,,,,,,,,,,,,,,,,,,,,,,,,,,,,,,,,,,,,,,,"standard","cpu1","/Users/stefano/Documents/fastEmbedR-results/fastEmbedR-results/FashionMNIST/standard/cpu1/20260727_073247_1118044","/Users/stefano/Documents/fastEmbedR-results/fastEmbedR-results/FashionMNIST/standard/cpu1/20260727_073247_1118044/benchmark_summary_median_variability.csv",TRUE
"FashionMNIST","uwot_default","UMAP","cpu","full_pipeline",1,1,70000,784,30,,"standard_R_double",,3,3,"success",121.287,120.927,122.6135,1.68650000000001,1.77641671162296,120.567,123.94,,,,,,,,,,,,,,,,,,,,,,,,,,,,,,,,,,,,1.41153717041016,1.4067211151123,1.41157913208008,0.00485801696777344,0.0055854858501227,1.40190505981445,1.41162109375,,,,,,,,,,,,,,,0.943980023268352,0.943197385080419,0.945654209585426,0.00245682450500695,0.00251016719308913,0.942414746892486,0.9473283959025,0.486834733893557,0.483613445378151,0.489775910364145,0.00616246498599449,0.00616458668169721,0.480392156862745,0.492717086834734,0.544491129785247,0.542390289449113,0.54703548085901,0.0046451914098975,0.00465224359774035,0.540289449112978,0.549579831932773,0.567170868347339,0.563389355742297,0.569145658263305,0.00575630252100845,0.0058500513677325,0.559607843137255,0.571120448179272,0.203689817454924,0.194074776340523,0.219871517349245,0.0257967410087225,0.026073847354167,0.184459735226121,0.236053217243566,0.725490196078431,0.718487394957983,0.742296918767507,0.0238095238095239,0.0244730950925888,0.711484593837535,0.759103641456583,,,,,,,,,,,,,,,,,,,,,,,,,,,,,,,,,,,,,,,,,,,,,,,,,,,,,,,,,,,,,,,,,,,,,,,,,,,,,,,,,,,,,"standard","cpu1","/Users/stefano/Documents/fastEmbedR-results/fastEmbedR-results/FashionMNIST/standard/cpu1/20260727_073247_1118044","/Users/stefano/Documents/fastEmbedR-results/fastEmbedR-results/FashionMNIST/standard/cpu1/20260727_073247_1118044/benchmark_summary_median_variability.csv",TRUE
"FashionMNIST","uwot_fast_sgd","UMAP","cpu","full_pipeline",1,1,70000,784,30,,"standard_R_double",,3,3,"success",115.439,114.855,115.825,0.969999999999999,0.976712854425494,114.271,116.211,,,,,,,,,,,,,,,,,,,,,,,,,,,,,,,,,,,,1.40169906616211,1.40169334411621,1.40170669555664,1.33514404296875e-05,1.33967765208597e-05,1.40168762207031,1.40171432495117,,,,,,,,,,,,,,,0.945015478453803,0.943548099413426,0.945605024450687,0.00205692503726063,0.00211844382184775,0.94208072037305,0.946194570447571,0.490382819794584,0.485527544351073,0.49140989729225,0.00588235294117651,0.00628387693191265,0.480672268907563,0.492436974789916,0.543977591036415,0.542787114845938,0.548809523809524,0.00602240896358552,0.00637883048887024,0.541596638655462,0.553641456582633,0.566470588235294,0.563445378151261,0.570560224089636,0.00711484593837541,0.00714133741911487,0.560420168067227,0.574649859943978,0.208213742576482,0.196373450898085,0.220157043292611,0.0237835923945265,0.0237836667514269,0.184533159219688,0.232100344008741,0.728291316526611,0.726190476190476,0.741596638655463,0.0154061624649861,0.0167091784950264,0.724089635854342,0.754901960784314,,,,,,,,,,,,,,,,,,,,,,,,,,,,,,,,,,,,,,,,,,,,,,,,,,,,,,,,,,,,,,,,,,,,,,,,,,,,,,,,,,,,,"standard","cpu1","/Users/stefano/Documents/fastEmbedR-results/fastEmbedR-results/FashionMNIST/standard/cpu1/20260727_073247_1118044","/Users/stefano/Documents/fastEmbedR-results/fastEmbedR-results/FashionMNIST/standard/cpu1/20260727_073247_1118044/benchmark_summary_median_variability.csv",TRUE
"FashionMNIST","uwot_knn","UMAP","cpu","embedding_from_precomputed_knn",1,1,70000,784,30,,"standard_R_double",,3,3,"success",25.571,25.4455,25.5865,0.140999999999998,0.154642598702083,25.32,25.602,,,,,,,,,,,,,,,,,,,,,,,,,,,,,25.571,25.4455,25.5865,0.140999999999998,0.154642598702083,25.32,25.602,1.26222991943359,1.26188468933105,1.26302146911621,0.00113677978515625,0.00116561943580524,1.26153945922852,1.26381301879883,,,,,,,,,,,,,,,0.939780774828021,0.937215851125786,0.94236191340984,0.0051460622840549,0.00514607079937171,0.93465092742355,0.94494305199166,0.490289449112979,0.477357609710551,0.491783380018674,0.0144257703081235,0.0158654162433876,0.464425770308123,0.49327731092437,0.552054154995332,0.542296918767508,0.553944911297853,0.0116479925303454,0.0125021157726223,0.532539682539683,0.555835667600374,0.573585434173669,0.563445378151261,0.577058823529412,0.013613445378151,0.0141471095944971,0.553305322128852,0.580532212885154,0.205345137201486,0.186945320022407,0.206606505107197,0.0196611850847905,0.0220107022477018,0.168545502843328,0.207867873012909,0.739495798319328,0.730392156862745,0.746498599439776,0.016106442577031,0.0161520484519201,0.721288515406162,0.753501400560224,,,,,,,,,,,,,,,,,,,,,,,,,,,,,,,,,,,,,,,,,,,,,,,,,,,,,,,,,,,,,,,,,,,,,,,,,,,,,,,,,,,,,"standard","cpu1","/Users/stefano/Documents/fastEmbedR-results/fastEmbedR-results/FashionMNIST/standard/cpu1/20260727_073247_1118044","/Users/stefano/Documents/fastEmbedR-results/fastEmbedR-results/FashionMNIST/standard/cpu1/20260727_073247_1118044/benchmark_summary_median_variability.csv",TRUE
"FashionMNIST","fastEmbedR_pca_cpu","PCA","cpu","pca_only",4,4,70000,784,,,"float32",,3,3,"success",2.119,2.112,2.131,0.0190000000000001,0.019218047073866,2.105,2.143,,,,,,,,,,,,,,,2.119,2.112,2.131,0.0190000000000001,0.019218047073866,2.105,2.143,,,,,,,,,,,,,,,1.70043182373047,1.70042419433594,1.70053291320801,0.000108718872070312,0.000121372932936123,1.70041656494141,1.70063400268555,,,,,,,,,,,,,,,,,,,,,,,,,,,,,,,,,,,,,,,,,,,,,,,,,,,,,,,,,,,,,,,,,,,,,,,,,,,,,,,,,,,,,,,,,,,,,,,,,,,,,,,,,,,,,,,,,,,,,,,,,,,,,,,,,,,,,,,,,,,,,"standard","cpu4","/Users/stefano/Documents/fastEmbedR-results/fastEmbedR-results/FashionMNIST/standard/cpu4/20260727_073247_1118055","/Users/stefano/Documents/fastEmbedR-results/fastEmbedR-results/FashionMNIST/standard/cpu4/20260727_073247_1118055/benchmark_summary_median_variability.csv",TRUE
"FashionMNIST","irlba_pca","PCA","cpu","pca_only",4,4,70000,784,,,"standard_R_double",,3,3,"success",1.174,1.172,1.1935,0.0215000000000001,0.0237557010701292,1.17,1.213,,,,,,,,,,,,,,,1.174,1.172,1.1935,0.0215000000000001,0.0237557010701292,1.17,1.213,,,,,,,,,,,,,,,1.15822219848633,1.15821075439453,1.15834808349609,0.0001373291015625,0.000152397036403184,1.15819931030273,1.15847396850586,,,,,,,,,,,,,,,,,,,,,,,,,,,,,,,,,,,,,,,,,,,,,,,,,,,,,,,,,,,,,,,,,,,,,,,,,,,,,,,,,,,,,,,,,,,,,,,,,,,,,,,,,,,,,,,,,,,,,,,,,,,,,,,,,,,,,,,,,,,,,"standard","cpu4","/Users/stefano/Documents/fastEmbedR-results/fastEmbedR-results/FashionMNIST/standard/cpu4/20260727_073247_1118055","/Users/stefano/Documents/fastEmbedR-results/fastEmbedR-results/FashionMNIST/standard/cpu4/20260727_073247_1118055/benchmark_summary_median_variability.csv",TRUE
"FashionMNIST","fastEmbedR_tsne_cpu_full","t-SNE","cpu","full_pipeline",4,4,70000,784,,30,"float32",,3,3,"success",43.96,43.403,44.6105,1.2075,1.20870605745704,42.846,45.261,0.0209999999999999,0.0199999999999999,0.0214999999999999,0.00150000000000005,0.00152752523165199,0.0189999999999999,0.022,21.563,21.091,22.0005,0.909499999999998,0.909718088200954,20.619,22.438,,,,,,,,,,,,,,,20.111,20.0435,20.206,0.162499999999998,0.163273798673679,19.976,20.301,1.74117660522461,1.74069023132324,1.7413330078125,0.000642776489257812,0.000670414278175628,1.74020385742188,1.74148941040039,,,,,,,,,,,,,,,0.962753205479008,0.961166039015703,0.964913095001628,0.0037470559859254,0.00376161744411678,0.959578872552398,0.967072984524249,0.498225957049486,0.494257703081233,0.509803921568627,0.0155462184873945,0.0161551067513414,0.490289449112979,0.521381886087768,0.553174603174603,0.549579831932773,0.556605975723622,0.00702614379084954,0.00702677709057503,0.545985060690943,0.560037348272642,0.57546218487395,0.574257703081232,0.578067226890757,0.00380952380952404,0.0038943969968529,0.573053221288515,0.580672268907563,0.121039979090181,0.113196227962219,0.12869143538947,0.0154952074272505,0.0154956051505117,0.105352476834258,0.136342891688759,0.736694677871149,0.728291316526611,0.740196078431373,0.0119047619047621,0.0122365475462944,0.719887955182073,0.743697478991597,1.84651607280656,1.84550116977179,1.84661562281602,0.00111445304422508,0.00123340827577918,1.84448626673703,1.84671517282548,,,,,,,,,,,,,,,,,,,,,,,,,,,,,,,,,,,,,,,,,,,,,,,,,,,,,,,,,,,,,,,,,,,,,,,,,,,,,,"standard","cpu4","/Users/stefano/Documents/fastEmbedR-results/fastEmbedR-results/FashionMNIST/standard/cpu4/20260727_073247_1118055","/Users/stefano/Documents/fastEmbedR-results/fastEmbedR-results/FashionMNIST/standard/cpu4/20260727_073247_1118055/benchmark_summary_median_variability.csv",TRUE
"FashionMNIST","fastEmbedR_tsne_cpu_knn","t-SNE","cpu","embedding_from_precomputed_knn",4,4,70000,784,,30,"float32",,3,3,"success",19.575,19.5015,19.6815,0.18,0.18100552477756,19.428,19.788,,,,,,,,,,,,,,,,,,,,,,,,,,,,,19.575,19.5015,19.6815,0.18,0.18100552477756,19.428,19.788,0.745010375976562,0.744939804077148,0.745046615600586,0.0001068115234375,0.000108635184218583,0.744869232177734,0.745082855224609,,,,,,,,,,,,,,,0.963063044803063,0.961809094115215,0.965360017620169,0.00355092350495456,0.00360162317000895,0.960555143427366,0.967656990437275,0.498692810457516,0.495658263305322,0.509757236227824,0.0140989729225024,0.0148416313459811,0.492623716153128,0.520821661998133,0.553408029878618,0.549556489262371,0.557096171802054,0.00753968253968251,0.00754027270794172,0.545704948646125,0.56078431372549,0.575070028011204,0.5743837535014,0.577296918767507,0.00291316526610652,0.00304593138585045,0.573697478991597,0.57952380952381,0.122750106668824,0.113196619251118,0.130065379067995,0.016868759816878,0.0169181833121226,0.103643131833411,0.137380651467167,0.733893557422969,0.72829131652661,0.738095238095238,0.00980392156862753,0.00983721172068423,0.722689075630252,0.742296918767507,1.84748360932667,1.84748360932667,1.84748360932667,0,0,1.84748360932667,1.84748360932667,,,,,,,,,,,,,,,,,,,,,,,,,,,,,,,,,,,,,,,,,,,,,,,,,,,,,,,,,,,,,,,,,,,,,,,,,,,,,,"standard","cpu4","/Users/stefano/Documents/fastEmbedR-results/fastEmbedR-results/FashionMNIST/standard/cpu4/20260727_073247_1118055","/Users/stefano/Documents/fastEmbedR-results/fastEmbedR-results/FashionMNIST/standard/cpu4/20260727_073247_1118055/benchmark_summary_median_variability.csv",TRUE
"FashionMNIST","KlugerLab_FItSNE","t-SNE","cpu","full_pipeline",4,4,70000,784,,30,"standard_R_double",,3,3,"success",80.747,80.2775,83.2065,2.929,3.14627944298235,79.808,85.666,,,,,,,,,,,,,,,,,,,,,,,,,,,,,,,,,,,,2.92137908935547,2.92132949829102,2.92143058776855,0.000101089477539062,0.00010109547531281,2.92127990722656,2.92148208618164,,,,,,,,,,,,,,,0.930558156692489,0.928725942861467,0.93270554724543,0.00397960438396305,0.00398376243956272,0.926893729030445,0.934852937798371,0.464239028944911,0.461391223155929,0.46844070961718,0.00704948646125103,0.00709269002334279,0.458543417366947,0.472642390289449,0.517413632119515,0.51451914098973,0.518884220354809,0.00436507936507946,0.00444181843555349,0.511624649859944,0.520354808590103,0.540924369747899,0.5390756302521,0.542801120448179,0.0037254901960786,0.00372552529767312,0.537226890756302,0.544677871148459,0.126919929643289,0.112386075789888,0.129373265539272,0.0169871897493836,0.0183633036321916,0.0978522219364877,0.131826601435255,0.733893557422969,0.733193277310924,0.739495798319328,0.00630252100840312,0.00690879952705329,0.73249299719888,0.745098039215686,1.96290103135083,1.96119062559901,1.96393151717966,0.00274089158065016,0.00276885963724621,1.95948021984719,1.96496200300849,,,,,,,,,,,,,,,,,,,,,,,,,,,,,,,,,,,,,,,,,,,,,,,,,,,,,,,,,,,,,,,,,,,,,,,,,,,,,,"standard","cpu4","/Users/stefano/Documents/fastEmbedR-results/fastEmbedR-results/FashionMNIST/standard/cpu4/20260727_073247_1118055","/Users/stefano/Documents/fastEmbedR-results/fastEmbedR-results/FashionMNIST/standard/cpu4/20260727_073247_1118055/benchmark_summary_median_variability.csv",TRUE
"FashionMNIST","Rtsne_full","t-SNE","cpu","full_pipeline",4,4,70000,784,,30,"standard_R_double",,3,3,"success",68.523,68.07,68.7755,0.705500000000001,0.714933796468829,67.617,69.028,,,,,,,,,,,,,,,,,,,,,,,,,,,,,,,,,,,,2.63217926025391,2.63211059570312,2.6322021484375,9.1552734375e-05,9.52911071532959e-05,2.63204193115234,2.63222503662109,,,,,,,,,,,,,,,0.921506335288578,0.920770112193454,0.923634132862021,0.00286402066856661,0.00297457687179418,0.920033889098331,0.925761930435464,0.477217553688142,0.475443510737628,0.477357609710551,0.0019140989729225,0.0021339507894705,0.473669467787115,0.47749766573296,0.508823529411765,0.503291316526611,0.512838468720822,0.00954715219421109,0.00958725654472308,0.497759103641457,0.516853408029879,0.514817927170868,0.507198879551821,0.522114845938375,0.0149159663865546,0.0149171258037137,0.499579831932773,0.529411764705882,0.118069203744204,0.109140132002226,0.137170939236532,0.0280308072343055,0.0286394922580579,0.100211060260249,0.15627267472886,0.73249299719888,0.7296918767507,0.741596638655462,0.011904761904762,0.0124484515648678,0.726890756302521,0.750700280112045,1.88462958316277,1.83092352547971,1.9061620236954,0.0752384982156851,0.0774976053002006,1.77721746779666,1.92769446422803,,,,,,,,,,,,,,,,,,,,,,,,,,,,,,,,,,,,,,,,,,,,,,,,,,,,,,,,,,,,,,,,,,,,,,,,,,,,,,"standard","cpu4","/Users/stefano/Documents/fastEmbedR-results/fastEmbedR-results/FashionMNIST/standard/cpu4/20260727_073247_1118055","/Users/stefano/Documents/fastEmbedR-results/fastEmbedR-results/FashionMNIST/standard/cpu4/20260727_073247_1118055/benchmark_summary_median_variability.csv",TRUE
"FashionMNIST","Rtsne_neighbors","t-SNE","cpu","embedding_from_precomputed_knn",4,4,70000,784,,30,"standard_R_double",,3,3,"success",53.804,53.24,54.407,1.16699999999999,1.1672172034373,52.676,55.01,,,,,,,,,,,,,,,,,,,,,,,,,,,,,53.804,53.24,54.407,1.16699999999999,1.1672172034373,52.676,55.01,0.937831878662109,0.937704086303711,0.937915802001953,0.000211715698242188,0.000213225312314996,0.937576293945312,0.937999725341797,,,,,,,,,,,,,,,0.932150052495673,0.926661788690392,0.932736085268647,0.00607429657825509,0.00670132091098255,0.921173524885111,0.933322118041621,0.464145658263305,0.459757236227824,0.471615312791783,0.0118580765639585,0.0119907733009734,0.455368814192344,0.479084967320261,0.51624649859944,0.511041083099907,0.518697478991597,0.00765639589169043,0.00781980619776119,0.505835667600373,0.521148459383754,0.541120448179272,0.538473389355743,0.544957983193277,0.00648459383753497,0.00652091775937206,0.535826330532213,0.548795518207283,0.10212941650768,0.0945130272381864,0.106078807296749,0.0115657800585631,0.0117579573473258,0.0868966379686928,0.110028198085819,0.735294117647059,0.719187675070028,0.740196078431372,0.0210084033613445,0.021981806474311,0.703081232492997,0.745098039215686,1.7407521445593,1.7407521445593,1.7407521445593,0,0,1.7407521445593,1.7407521445593,,,,,,,,,,,,,,,,,,,,,,,,,,,,,,,,,,,,,,,,,,,,,,,,,,,,,,,,,,,,,,,,,,,,,,,,,,,,,,"standard","cpu4","/Users/stefano/Documents/fastEmbedR-results/fastEmbedR-results/FashionMNIST/standard/cpu4/20260727_073247_1118055","/Users/stefano/Documents/fastEmbedR-results/fastEmbedR-results/FashionMNIST/standard/cpu4/20260727_073247_1118055/benchmark_summary_median_variability.csv",TRUE
"FashionMNIST","fastEmbedR_umap_cpu_binary_full","UMAP","cpu","full_pipeline",4,4,70000,784,30,,"float32",,3,3,"success",64.648,64.4735,65.095,0.621499999999997,0.641103995724041,64.299,65.542,0.0190000000000001,0.019,0.0190000000000001,1.00613961606655e-16,1.16187629306821e-16,0.0189999999999999,0.0190000000000001,21.02,20.8965,21.4,0.503499999999999,0.52482663804346,20.773,21.78,,,,,,,,,,,,,,,43.383,43.3365,43.444,0.107500000000002,0.107825476272232,43.29,43.505,0.809764862060547,0.80958366394043,0.809869766235352,0.000286102294921875,0.000289473277736211,0.809402465820312,0.809974670410156,,,,,,,,,,,,,,,0.968337339759831,0.967613615634387,0.970546144169197,0.00293252853480996,0.00305530327311484,0.966889891508943,0.972754948578563,0.53015873015873,0.518860877684407,0.53062558356676,0.011764705882353,0.013323356112092,0.507563025210084,0.53109243697479,0.59500466853408,0.591549953314659,0.595448179271708,0.00389822595704947,0.00426832712225801,0.588095238095238,0.595891690009337,0.611680672268908,0.609593837535014,0.618165266106443,0.0085714285714289,0.00893958329377431,0.60750700280112,0.624649859943978,0.170961039345814,0.146783556808843,0.206537153392945,0.059753596584103,0.0601149058456985,0.122606074271871,0.242113267440077,0.724089635854342,0.717787114845938,0.733893557422969,0.016106442577031,0.0162328091976787,0.711484593837535,0.743697478991597,,,,,,,,,,,,,,,,,,,,,,,,,,,,,,,,,,,,,,,,,,,,,,,,,,,,,,,,,,,,,,,,,,,,,,,,,,,,,,,,,,,,,"standard","cpu4","/Users/stefano/Documents/fastEmbedR-results/fastEmbedR-results/FashionMNIST/standard/cpu4/20260727_073247_1118055","/Users/stefano/Documents/fastEmbedR-results/fastEmbedR-results/FashionMNIST/standard/cpu4/20260727_073247_1118055/benchmark_summary_median_variability.csv",TRUE
"FashionMNIST","fastEmbedR_umap_cpu_binary_knn","UMAP","cpu","embedding_from_precomputed_knn",4,4,70000,784,30,,"float32",,3,3,"success",43.162,42.854,43.1865,0.332499999999996,0.370603561774573,42.546,43.211,,,,,,,,,,,,,,,,,,,,,,,,,,,,,43.162,42.854,43.1865,0.332499999999996,0.370603561774573,42.546,43.211,0.827007293701172,0.826936721801758,0.827188491821289,0.00025177001953125,0.000259745124376028,0.826866149902344,0.827369689941406,,,,,,,,,,,,,,,0.968367067039068,0.967610507782467,0.970954015952739,0.0033435081702724,0.00350653993516604,0.966853948525865,0.97354096486641,0.530718954248366,0.519140989729225,0.53202614379085,0.0128851540616246,0.0141841508287305,0.507563025210084,0.533333333333333,0.594257703081232,0.590873015873016,0.594934640522875,0.00406162464985993,0.00435209884949882,0.587488328664799,0.595611577964519,0.609719887955182,0.60844537815126,0.617282913165266,0.00883753501400553,0.00955425736491089,0.607170868347339,0.62484593837535,0.171209735724232,0.145614021637931,0.206429290354173,0.060815268716242,0.0610685653832247,0.12001830755163,0.241648844984114,0.725490196078431,0.714985994397759,0.73249299719888,0.0175070028011205,0.0176233296808374,0.704481792717087,0.739495798319328,,,,,,,,,,,,,,,,,,,,,,,,,,,,,,,,,,,,,,,,,,,,,,,,,,,,,,,,,,,,,,,,,,,,,,,,,,,,,,,,,,,,,"standard","cpu4","/Users/stefano/Documents/fastEmbedR-results/fastEmbedR-results/FashionMNIST/standard/cpu4/20260727_073247_1118055","/Users/stefano/Documents/fastEmbedR-results/fastEmbedR-results/FashionMNIST/standard/cpu4/20260727_073247_1118055/benchmark_summary_median_variability.csv",TRUE
"FashionMNIST","fastEmbedR_umap_cpu_fuzzy_full","UMAP","cpu","full_pipeline",4,4,70000,784,30,,"float32",,3,3,"success",31.865,31.829,31.88,0.0509999999999984,0.0524213696883246,31.793,31.895,0.0190000000000001,0.019,0.0190000000000001,1.00613961606655e-16,1.16187629306821e-16,0.0189999999999999,0.0190000000000001,22.785,22.726,22.862,0.136000000000003,0.136396480893019,22.667,22.939,,,,,,,,,,,,,,,8.816,8.754,8.84,0.0859999999999985,0.088754342616761,8.692,8.864,0.809238433837891,0.809103012084961,0.809423446655273,0.0003204345703125,0.000321711161980051,0.808967590332031,0.809608459472656,,,,,,,,,,,,,,,0.966264267404984,0.964880800366456,0.968658597061594,0.00377779669513756,0.00382261197097875,0.963497333327928,0.971052926718203,0.519327731092437,0.510597572362278,0.52250233426704,0.0119047619047616,0.0123292912145298,0.50186741363212,0.525676937441643,0.580438842203548,0.576820728291316,0.581349206349207,0.00452847805789003,0.00479072887150271,0.573202614379085,0.582259570494865,0.599047619047619,0.59718487394958,0.60155462184874,0.00436974789915956,0.00438555044415204,0.595322128851541,0.60406162464986,0.113335408628272,0.0950340085371317,0.124798038894408,0.0297640303572768,0.0300247746705176,0.0767326084459914,0.136260669160545,0.743697478991597,0.724789915966387,0.74859943977591,0.0238095238095235,0.0251451596815968,0.705882352941177,0.753501400560224,,,,,,,,,,,,,,,,,,,,,,,,,,,,,,,,,,,,,,,,,,,,,,,,,,,,,,,,,,,,,,,,,,,,,,,,,,,,,,,,,,,,,"standard","cpu4","/Users/stefano/Documents/fastEmbedR-results/fastEmbedR-results/FashionMNIST/standard/cpu4/20260727_073247_1118055","/Users/stefano/Documents/fastEmbedR-results/fastEmbedR-results/FashionMNIST/standard/cpu4/20260727_073247_1118055/benchmark_summary_median_variability.csv",TRUE
"FashionMNIST","fastEmbedR_umap_cpu_fuzzy_knn","UMAP","cpu","embedding_from_precomputed_knn",4,4,70000,784,30,,"float32",,3,3,"success",8.921,8.8795,8.962,0.0824999999999996,0.0825005050489596,8.838,9.003,,,,,,,,,,,,,,,,,,,,,,,,,,,,,8.921,8.8795,8.962,0.0824999999999996,0.0825005050489596,8.838,9.003,0.826644897460938,0.826623916625977,0.826681137084961,5.7220458984375e-05,5.78946555472423e-05,0.826602935791016,0.826717376708984,,,,,,,,,,,,,,,0.9667589563563,0.962797120777882,0.968782978700404,0.00598585792252249,0.0060895157261466,0.958835285199463,0.970807001044508,0.520728291316527,0.507936507936508,0.523529411764706,0.015592903828198,0.0166255756311768,0.495144724556489,0.526330532212885,0.580345471521942,0.573762838468721,0.581349206349207,0.0075863678804855,0.00824182500561956,0.5671802054155,0.582352941176471,0.599467787114846,0.592745098039215,0.60170868347339,0.00896358543417408,0.00932959551581492,0.586022408963585,0.603949579831933,0.110225699235872,0.092016336787833,0.1238492434701,0.0318329066822675,0.0319428216882185,0.073806974339794,0.137472787704329,0.73109243697479,0.724789915966386,0.740896358543418,0.0161064425770311,0.0162328091976787,0.718487394957983,0.750700280112045,,,,,,,,,,,,,,,,,,,,,,,,,,,,,,,,,,,,,,,,,,,,,,,,,,,,,,,,,,,,,,,,,,,,,,,,,,,,,,,,,,,,,"standard","cpu4","/Users/stefano/Documents/fastEmbedR-results/fastEmbedR-results/FashionMNIST/standard/cpu4/20260727_073247_1118055","/Users/stefano/Documents/fastEmbedR-results/fastEmbedR-results/FashionMNIST/standard/cpu4/20260727_073247_1118055/benchmark_summary_median_variability.csv",TRUE
"FashionMNIST","umap_package","UMAP","cpu","full_pipeline",4,4,70000,784,30,,"standard_R_double",,3,3,"success",986.037,977.722,986.3965,8.67450000000008,9.81547810008931,969.407,986.756,,,,,,,,,,,,,,,,,,,,,,,,,,,,,,,,,,,,8.62593460083008,8.22710418701172,8.75681495666504,0.52971076965332,0.551838663630789,7.82827377319336,8.8876953125,,,,,,,,,,,,,,,0.942478255170857,0.940700698996434,0.943967794546666,0.00326709555023164,0.00327132458795679,0.938923142822011,0.945457333922474,0.49327731092437,0.484080298786182,0.493370681605976,0.00929038281979444,0.0106741108386133,0.474883286647993,0.493464052287582,0.549766573295985,0.544304388422036,0.552521008403361,0.00821661998132595,0.00836401898114683,0.538842203548086,0.555275443510738,0.571904761904762,0.56609243697479,0.574705882352941,0.00861344537815101,0.00878714356846303,0.560280112044818,0.57750700280112,0.210206905453747,0.196309804718024,0.219334344619988,0.023024539901964,0.023188632161606,0.1824127039823,0.228461783786228,0.736694677871149,0.719887955182073,0.752801120448179,0.0329131652661065,0.0329156484352425,0.703081232492997,0.76890756302521,,,,,,,,,,,,,,,,,,,,,,,,,,,,,,,,,,,,,,,,,,,,,,,,,,,,,,,,,,,,,,,,,,,,,,,,,,,,,,,,,,,,,"standard","cpu4","/Users/stefano/Documents/fastEmbedR-results/fastEmbedR-results/FashionMNIST/standard/cpu4/20260727_073247_1118055","/Users/stefano/Documents/fastEmbedR-results/fastEmbedR-results/FashionMNIST/standard/cpu4/20260727_073247_1118055/benchmark_summary_median_variability.csv",TRUE
"FashionMNIST","umap_package_knn","UMAP","cpu","embedding_from_precomputed_knn",4,4,70000,784,30,,"standard_R_double",,3,3,"success",233.63,233.221,234.195,0.97399999999999,0.978155406875605,232.812,234.76,,,,,,,,,,,,,,,,,,,,,,,,,,,,,233.63,233.221,234.195,0.97399999999999,0.978155406875605,232.812,234.76,3.64530563354492,3.6407299041748,3.64549255371094,0.00476264953613281,0.0053947547995587,3.63615417480469,3.64567947387695,,,,,,,,,,,,,,,0.940852308120547,0.938421900356863,0.944241690887643,0.00581979053078041,0.00584606758210606,0.935991492593178,0.947631073654739,0.49281045751634,0.481045751633987,0.495051353874884,0.0140056022408965,0.0150463022061504,0.469281045751634,0.497292250233427,0.55672268907563,0.549019607843137,0.559500466853408,0.010480859010271,0.0108597702692179,0.541316526610644,0.562278244631186,0.58109243697479,0.576974789915967,0.586456582633053,0.00948179271708649,0.0095090647655766,0.572857142857143,0.591820728291316,0.205188821163551,0.186677246371829,0.206836558105764,0.0201593117339355,0.0223873667929967,0.168165671580106,0.208484295047977,0.728291316526611,0.726190476190476,0.746498599439776,0.0203081232492995,0.0223358986254071,0.724089635854342,0.764705882352941,,,,,,,,,,,,,,,,,,,,,,,,,,,,,,,,,,,,,,,,,,,,,,,,,,,,,,,,,,,,,,,,,,,,,,,,,,,,,,,,,,,,,"standard","cpu4","/Users/stefano/Documents/fastEmbedR-results/fastEmbedR-results/FashionMNIST/standard/cpu4/20260727_073247_1118055","/Users/stefano/Documents/fastEmbedR-results/fastEmbedR-results/FashionMNIST/standard/cpu4/20260727_073247_1118055/benchmark_summary_median_variability.csv",TRUE
"FashionMNIST","uwot_default","UMAP","cpu","full_pipeline",4,4,70000,784,30,,"standard_R_double",,3,3,"success",66.096,65.9915,66.2185,0.227000000000004,0.227237760946544,65.887,66.341,,,,,,,,,,,,,,,,,,,,,,,,,,,,,,,,,,,,1.40292739868164,1.40288352966309,1.4079532623291,0.00506973266601562,0.00582886033449217,1.40283966064453,1.41297912597656,,,,,,,,,,,,,,,0.943980023268352,0.943197385080419,0.945654209585426,0.00245682450500695,0.00251016719308913,0.942414746892486,0.9473283959025,0.486834733893557,0.483613445378151,0.489775910364145,0.00616246498599449,0.00616458668169721,0.480392156862745,0.492717086834734,0.544491129785247,0.542390289449113,0.54703548085901,0.0046451914098975,0.00465224359774035,0.540289449112978,0.549579831932773,0.567170868347339,0.563389355742297,0.569145658263305,0.00575630252100845,0.0058500513677325,0.559607843137255,0.571120448179272,0.203689817454924,0.194074776340523,0.219871517349245,0.0257967410087225,0.026073847354167,0.184459735226121,0.236053217243566,0.725490196078431,0.718487394957983,0.742296918767507,0.0238095238095239,0.0244730950925888,0.711484593837535,0.759103641456583,,,,,,,,,,,,,,,,,,,,,,,,,,,,,,,,,,,,,,,,,,,,,,,,,,,,,,,,,,,,,,,,,,,,,,,,,,,,,,,,,,,,,"standard","cpu4","/Users/stefano/Documents/fastEmbedR-results/fastEmbedR-results/FashionMNIST/standard/cpu4/20260727_073247_1118055","/Users/stefano/Documents/fastEmbedR-results/fastEmbedR-results/FashionMNIST/standard/cpu4/20260727_073247_1118055/benchmark_summary_median_variability.csv",TRUE
"FashionMNIST","uwot_fast_sgd","UMAP","cpu","full_pipeline",4,4,70000,784,30,,"standard_R_double",,3,3,"success",46.739,46.713,46.746,0.0330000000000013,0.0347754702819875,46.687,46.753,,,,,,,,,,,,,,,,,,,,,,,,,,,,,,,,,,,,1.40290451049805,1.40283012390137,1.40295791625977,0.000127792358398438,0.000128365177041598,1.40275573730469,1.40301132202148,,,,,,,,,,,,,,,0.943986238972193,0.943202384668291,0.945794333169834,0.00259194850154243,0.00265854963365808,0.942418530364389,0.947602427367474,0.486928104575163,0.481699346405228,0.489682539682539,0.00798319327731101,0.00811000204123726,0.476470588235294,0.492436974789916,0.543977591036415,0.540686274509804,0.54607843137255,0.00539215686274552,0.00543578575912905,0.537394957983193,0.548179271708684,0.566666666666667,0.562142857142857,0.568305322128851,0.00616246498599393,0.00638362587850397,0.557619047619048,0.569943977591036,0.202913583809772,0.192340336164462,0.217591454680427,0.0252511185159655,0.0253620772726003,0.181767088519151,0.232269325551082,0.719887955182073,0.715686274509804,0.738795518207283,0.0231092436974789,0.0246196020045475,0.711484593837535,0.757703081232493,,,,,,,,,,,,,,,,,,,,,,,,,,,,,,,,,,,,,,,,,,,,,,,,,,,,,,,,,,,,,,,,,,,,,,,,,,,,,,,,,,,,,"standard","cpu4","/Users/stefano/Documents/fastEmbedR-results/fastEmbedR-results/FashionMNIST/standard/cpu4/20260727_073247_1118055","/Users/stefano/Documents/fastEmbedR-results/fastEmbedR-results/FashionMNIST/standard/cpu4/20260727_073247_1118055/benchmark_summary_median_variability.csv",TRUE
"FashionMNIST","uwot_knn","UMAP","cpu","embedding_from_precomputed_knn",4,4,70000,784,30,,"standard_R_double",,3,3,"success",13.53,13.521,13.5395,0.0184999999999995,0.0185022521151701,13.512,13.549,,,,,,,,,,,,,,,,,,,,,,,,,,,,,13.53,13.521,13.5395,0.0184999999999995,0.0185022521151701,13.512,13.549,1.26268005371094,1.26264953613281,1.26275253295898,0.000102996826171875,0.000105807719231744,1.26261901855469,1.26282501220703,,,,,,,,,,,,,,,0.940287760063022,0.938109020742885,0.943035574094568,0.00492655335168291,0.0049374969977409,0.935930281422748,0.945783388126114,0.490569561157796,0.480018674136321,0.49234360410831,0.012324929971989,0.0133259732388703,0.469467787114846,0.494117647058824,0.55186741363212,0.549136321195145,0.554551820728292,0.00541549953314657,0.0054155666093702,0.54640522875817,0.557236227824463,0.574677871148459,0.571512605042017,0.578501400560224,0.00698879551820752,0.00699912134878578,0.568347338935574,0.582324929971989,0.20024704754152,0.183728920501768,0.201567009259949,0.017838088758181,0.0198794404747593,0.167210793462016,0.202886970978378,0.721288515406162,0.719187675070028,0.734593837535014,0.0154061624649861,0.0167091784950266,0.717086834733894,0.747899159663866,,,,,,,,,,,,,,,,,,,,,,,,,,,,,,,,,,,,,,,,,,,,,,,,,,,,,,,,,,,,,,,,,,,,,,,,,,,,,,,,,,,,,"standard","cpu4","/Users/stefano/Documents/fastEmbedR-results/fastEmbedR-results/FashionMNIST/standard/cpu4/20260727_073247_1118055","/Users/stefano/Documents/fastEmbedR-results/fastEmbedR-results/FashionMNIST/standard/cpu4/20260727_073247_1118055/benchmark_summary_median_variability.csv",TRUE
"FashionMNIST","fastEmbedR_pca_cuda","PCA","cuda","pca_only",1,,70000,784,,,"float32",,3,3,"success",2.876,2.8745,2.915,0.0404999999999998,0.0459238500128202,2.873,2.954,,,,,,,,,,,,,,,2.876,2.8745,2.915,0.0404999999999998,0.0459238500128202,2.873,2.954,,,,,,,,,,,,,,,1.8724479675293,1.82991027832031,1.87641906738281,0.0465087890625,0.0515641483807426,1.78737258911133,1.88039016723633,437,437,437,0,0,437,437,437,437,437,0,0,437,437,,,,,,,,,,,,,,,,,,,,,,,,,,,,,,,,,,,,,,,,,,,,,,,,,,,,,,,,,,,,,,,,,,,,,,,,,,,,,,,,,,,,,,,,,,,,,,,,,,,,,,,,,,,,,,,,,,,,,,,,,,,,,,,"standard","cuda","/Users/stefano/Documents/fastEmbedR-results/fastEmbedR-results/FashionMNIST/standard/cuda/20260727_073247_1118066","/Users/stefano/Documents/fastEmbedR-results/fastEmbedR-results/FashionMNIST/standard/cuda/20260727_073247_1118066/benchmark_summary_median_variability.csv",TRUE
"FashionMNIST","fastEmbedR_tsne_cuda_full","t-SNE","cuda","full_pipeline",1,,70000,784,,30,"float32",,3,3,"success",1.93,1.924,1.978,0.0539999999999998,0.0591945943477949,1.918,2.026,0.044,0.044,0.0445000000000001,0.000500000000000098,0.000577350269189742,0.044,0.0450000000000002,0.634,0.632,0.6385,0.00650000000000006,0.0066583281184794,0.63,0.643,,,,,,,,,,,,,,,0.975,0.971,1.024,0.053,0.0590254182534948,0.967,1.073,1.45064926147461,1.45063591003418,1.45066261291504,2.6702880859375e-05,2.6702880859375e-05,1.45062255859375,1.45067596435547,2807,2807,2807,0,0,2807,2807,2807,2807,2807,0,0,2807,2807,0.964991669605614,0.963130471677335,0.966834423108365,0.00370395143103042,0.00370396673883244,0.961269273749056,0.968677176611117,0.501027077497666,0.497432306255836,0.51171802054155,0.0142857142857139,0.0148615897781656,0.493837535014006,0.522408963585434,0.555835667600374,0.554295051353875,0.559407096171803,0.0051120448179276,0.00524478170376942,0.552754435107376,0.562978524743231,0.58109243697479,0.580574229691877,0.581862745098039,0.00128851540616248,0.00129671002791071,0.580056022408964,0.582633053221289,0.126307003616959,0.118194110454056,0.134053765061531,0.015859654607475,0.0158610632813018,0.110081217291153,0.141800526506103,0.736694677871149,0.722689075630252,0.739495798319328,0.0168067226890756,0.0180086848944779,0.708683473389356,0.742296918767507,1.82851843547787,1.82646718658698,1.82871155026562,0.0022443636786349,0.00248758030431173,1.82441593769609,1.82890466505336,,,,,,,,,,,,,,,,,,,,,,,,,,,,,,,,,,,,,,,,,,,,,,,,,,,,,,,,,,,,,,,,,,,,,,,,,,,,,,"standard","cuda","/Users/stefano/Documents/fastEmbedR-results/fastEmbedR-results/FashionMNIST/standard/cuda/20260727_073247_1118066","/Users/stefano/Documents/fastEmbedR-results/fastEmbedR-results/FashionMNIST/standard/cuda/20260727_073247_1118066/benchmark_summary_median_variability.csv",TRUE
"FashionMNIST","fastEmbedR_tsne_cuda_knn","t-SNE","cuda","embedding_from_precomputed_knn",1,,70000,784,,30,"float32",,3,3,"success",0.636,0.6225,0.639,0.0165,0.017578395831247,0.609,0.642,,,,,,,,,,,,,,,,,,,,,,,,,,,,,0.636,0.6225,0.639,0.0165,0.017578395831247,0.609,0.642,0.854698181152344,0.854560852050781,0.855545043945312,0.00098419189453125,0.00106604238737235,0.854423522949219,0.856391906738281,553,553,553,0,0,553,553,553,553,553,0,0,553,553,0.964246325640724,0.962908935885015,0.966494653819077,0.00358571793406215,0.0036240827859295,0.961571546129306,0.96874298199743,0.496265172735761,0.495704948646125,0.508216619981326,0.012511671335201,0.0141348944553122,0.495144724556489,0.520168067226891,0.555695611577965,0.551914098972923,0.560177404295051,0.00826330532212849,0.00827319037162561,0.548132586367881,0.564659197012138,0.577563025210084,0.577310924369748,0.579789915966386,0.00247899159663845,0.0027286133976079,0.577058823529412,0.582016806722689,0.126384939313636,0.117660483383693,0.133171512171911,0.015511028788218,0.0155513282713111,0.10893602745375,0.139958085030186,0.735294117647059,0.725490196078431,0.738095238095238,0.0126050420168065,0.0132375787850211,0.715686274509804,0.740896358543417,1.83079523035932,1.83026582687034,1.83268353527862,0.00241770840827993,0.00254182053783652,1.82973642338135,1.83457184019791,,,,,,,,,,,,,,,,,,,,,,,,,,,,,,,,,,,,,,,,,,,,,,,,,,,,,,,,,,,,,,,,,,,,,,,,,,,,,,"standard","cuda","/Users/stefano/Documents/fastEmbedR-results/fastEmbedR-results/FashionMNIST/standard/cuda/20260727_073247_1118066","/Users/stefano/Documents/fastEmbedR-results/fastEmbedR-results/FashionMNIST/standard/cuda/20260727_073247_1118066/benchmark_summary_median_variability.csv",TRUE
"FashionMNIST","rapids_cuml_tsne_full","t-SNE","cuda","full_pipeline",1,,70000,784,,30,"standard_R_double",,3,3,"success",4.893,4.8925,6.808,1.9155,2.21154026265256,4.892,8.723,,,,,,,,,,,,,,,,,,,,,,,,,,,,,,,,,,,,2.46676635742188,2.46627616882324,2.51190948486328,0.0456333160400391,0.0524120963955419,2.46578598022461,2.55705261230469,1243,1243,1243,0,0,1243,1243,1243,1243,1243,0,0,1243,1243,0.6695085945618,0.635602875979143,0.683528249698336,0.0479253737191934,0.0492814361863107,0.601697157396485,0.697547904834872,0.174509803921569,0.132399626517274,0.197712418300654,0.0653127917833803,0.0662187744051737,0.0902894491129785,0.220915032679739,0.204108309990663,0.158916900093371,0.216900093370682,0.057983193277311,0.0609258782083083,0.113725490196078,0.2296918767507,0.227703081232493,0.178571428571428,0.233711484593838,0.055140056022409,0.0605003910858682,0.129439775910364,0.239719887955182,-0.126396397392666,-0.154757899072107,-0.0969849303639284,0.0577729687081782,0.0577761489639197,-0.183119400751547,-0.0675734633351907,0.379551820728291,0.333333333333333,0.437675070028011,0.104341736694678,0.10456786855976,0.287114845938375,0.495798319327731,4.09859052865032,3.82764749972374,7.28511775301176,3.45747025328802,3.84547061956375,3.55670447079716,10.4716449773732,,,,,,,,,,,,,,,,,,,,,,,,,,,,,,,,,,,,,,,,,,,,,,,,,,,,,,,,,,,,,,,,,,,,,,,,,,,,,,"standard","cuda","/Users/stefano/Documents/fastEmbedR-results/fastEmbedR-results/FashionMNIST/standard/cuda/20260727_073247_1118066","/Users/stefano/Documents/fastEmbedR-results/fastEmbedR-results/FashionMNIST/standard/cuda/20260727_073247_1118066/benchmark_summary_median_variability.csv",TRUE
"FashionMNIST","fastEmbedR_umap_cuda_binary_full","UMAP","cuda","full_pipeline",1,,70000,784,30,,"float32",,3,3,"success",1.06,1.0545,1.061,0.00649999999999995,0.00700000000000007,1.049,1.062,0.044,0.0434999999999999,0.044,0.000500000000000049,0.000577350269189682,0.0429999999999999,0.044,0.628,0.625,0.6305,0.00550000000000006,0.00550757054728611,0.622,0.633,,,,,,,,,,,,,,,0.135,0.135,0.1375,0.0025,0.00288675134594813,0.135,0.14,1.12715911865234,1.12714195251465,1.12867546081543,0.00153350830078125,0.00176091565961207,1.12712478637695,1.13019180297852,2807,2807,2807,0,0,2807,2807,2807,2807,2807,0,0,2807,2807,0.969316988734712,0.967165071527887,0.971038333326577,0.00387326179868952,0.00388123106158834,0.965013154321063,0.972759677918442,0.53109243697479,0.518767507002801,0.531512605042017,0.012745098039216,0.0144802846207842,0.506442577030812,0.531932773109244,0.592763772175537,0.588795518207283,0.594094304388422,0.00529878618113888,0.00551328640767119,0.584827264239029,0.595424836601307,0.610532212885154,0.606372549019608,0.615490196078432,0.00911764705882356,0.00912928944691843,0.602212885154062,0.620448179271709,0.188368137613242,0.181747167768937,0.215473889398662,0.0337267216297255,0.035740273953632,0.175126197924631,0.242579641184082,0.712885154061625,0.707983193277311,0.722689075630252,0.0147058823529413,0.0149757375652154,0.703081232492997,0.73249299719888,,,,,,,,,,,,,,,,,,,,,,,,,,,,,,,,,,,,,,,,,,,,,,,,,,,,,,,,,,,,,,,,,,,,,,,,,,,,,,,,,,,,,"standard","cuda","/Users/stefano/Documents/fastEmbedR-results/fastEmbedR-results/FashionMNIST/standard/cuda/20260727_073247_1118066","/Users/stefano/Documents/fastEmbedR-results/fastEmbedR-results/FashionMNIST/standard/cuda/20260727_073247_1118066/benchmark_summary_median_variability.csv",TRUE
"FashionMNIST","fastEmbedR_umap_cuda_binary_knn","UMAP","cuda","embedding_from_precomputed_knn",1,,70000,784,30,,"float32",,3,3,"success",2.026,2.012,2.0495,0.0375000000000001,0.0378989885529064,1.998,2.073,,,,,,,,,,,,,,,,,,,,,,,,,,,,,2.026,2.012,2.0495,0.0375000000000001,0.0378989885529064,1.998,2.073,0.843334197998047,0.843307495117188,0.843994140625,0.0006866455078125,0.000777911463734817,0.843280792236328,0.844654083251953,495,495,495,0,0,495,495,495,495,495,0,0,495,495,0.966067121494039,0.965143481415721,0.969461841658998,0.00431836024327747,0.00454792781996207,0.964219841337403,0.972856561823958,0.511484593837535,0.508776844070961,0.522175536881419,0.0133986928104575,0.0141692893492689,0.506069094304388,0.532866479925303,0.583613445378151,0.579925303454715,0.589775910364146,0.00985060690943063,0.00995365333383125,0.576237161531279,0.59593837535014,0.605490196078431,0.602829131652661,0.605518207282913,0.002689075630252,0.00308903180634218,0.600168067226891,0.605546218487395,0.200440332435291,0.195738501869824,0.203731427134139,0.0079929252643155,0.00803431678340201,0.191036671304356,0.207022521832987,0.711484593837535,0.710084033613446,0.724789915966387,0.014705882352941,0.0162328091976784,0.708683473389356,0.738095238095238,,,,,,,,,,,,,,,,,,,,,,,,,,,,,,,,,,,,,,,,,,,,,,,,,,,,,,,,,,,,,,,,,,,,,,,,,,,,,,,,,,,,,"standard","cuda","/Users/stefano/Documents/fastEmbedR-results/fastEmbedR-results/FashionMNIST/standard/cuda/20260727_073247_1118066","/Users/stefano/Documents/fastEmbedR-results/fastEmbedR-results/FashionMNIST/standard/cuda/20260727_073247_1118066/benchmark_summary_median_variability.csv",TRUE
"FashionMNIST","fastEmbedR_umap_cuda_fuzzy_full","UMAP","cuda","full_pipeline",1,,70000,784,30,,"float32",,3,3,"success",0.98,0.9795,0.984,0.00449999999999995,0.00493288286231625,0.979,0.988,0.044,0.044,0.0444999999999999,0.000499999999999952,0.00057735026918957,0.044,0.0449999999999999,0.633,0.6305,0.6395,0.0089999999999999,0.00929157324317758,0.628,0.646,,,,,,,,,,,,,,,0.056,0.0555000000000001,0.0574999999999998,0.00199999999999975,0.00208166599946588,0.0550000000000002,0.0589999999999997,1.15959167480469,1.14330863952637,1.16065216064453,0.0173435211181641,0.0194432437771708,1.12702560424805,1.16171264648438,2807,2807,2807,0,0,2807,2807,2807,2807,2807,0,0,2807,2807,0.963747582969512,0.962642133553856,0.965978615276309,0.00333648172245304,0.00339917969014171,0.961536684138199,0.968209647583105,0.514098972922502,0.507703081232493,0.519047619047619,0.011344537815126,0.0113752675344593,0.501307189542484,0.523996265172736,0.574603174603175,0.569327731092437,0.575140056022409,0.00581232492997208,0.00642400015488173,0.564052287581699,0.575676937441643,0.586162464985994,0.585420168067227,0.589187675070028,0.00376750700280148,0.00399140825476514,0.584677871148459,0.592212885154062,0.153109517657419,0.122744427215366,0.183207250135478,0.0604628229201118,0.0604630199562435,0.0923793367733124,0.213304982613536,0.745098039215686,0.738795518207283,0.752801120448179,0.0140056022408961,0.0140289254914252,0.73249299719888,0.760504201680672,,,,,,,,,,,,,,,,,,,,,,,,,,,,,,,,,,,,,,,,,,,,,,,,,,,,,,,,,,,,,,,,,,,,,,,,,,,,,,,,,,,,,"standard","cuda","/Users/stefano/Documents/fastEmbedR-results/fastEmbedR-results/FashionMNIST/standard/cuda/20260727_073247_1118066","/Users/stefano/Documents/fastEmbedR-results/fastEmbedR-results/FashionMNIST/standard/cuda/20260727_073247_1118066/benchmark_summary_median_variability.csv",TRUE
"FashionMNIST","fastEmbedR_umap_cuda_fuzzy_knn","UMAP","cuda","embedding_from_precomputed_knn",1,,70000,784,30,,"float32",,3,3,"success",2.669,2.6455,2.6725,0.0270000000000001,0.0293655126523162,2.622,2.676,,,,,,,,,,,,,,,,,,,,,,,,,,,,,2.669,2.6455,2.6725,0.0270000000000001,0.0293655126523162,2.622,2.676,0.861286163330078,0.860227584838867,0.868885040283203,0.00865745544433594,0.00944510646283569,0.859169006347656,0.876483917236328,437,437,437,0,0,437,437,437,437,437,0,0,437,437,0.966750578668515,0.965708367283238,0.967314248420063,0.00160588113682503,0.00162947484096807,0.96466615589796,0.96787791817161,0.522128851540616,0.514239028944911,0.523062558356676,0.0088235294117649,0.0096945269883007,0.506349206349206,0.523996265172736,0.57796451914099,0.576493930905696,0.582119514472456,0.00562558356676046,0.00583516960215651,0.575023342670401,0.586274509803922,0.596610644257703,0.594565826330532,0.60390756302521,0.00934173669467797,0.00982155277362223,0.592521008403361,0.611204481792717,0.157137739831333,0.147291422505209,0.192982110578996,0.0456906880737865,0.0480930199775303,0.137445105179086,0.228826481326659,0.73109243697479,0.726890756302521,0.738095238095238,0.0112044817927169,0.011320593513522,0.722689075630252,0.745098039215686,,,,,,,,,,,,,,,,,,,,,,,,,,,,,,,,,,,,,,,,,,,,,,,,,,,,,,,,,,,,,,,,,,,,,,,,,,,,,,,,,,,,,"standard","cuda","/Users/stefano/Documents/fastEmbedR-results/fastEmbedR-results/FashionMNIST/standard/cuda/20260727_073247_1118066","/Users/stefano/Documents/fastEmbedR-results/fastEmbedR-results/FashionMNIST/standard/cuda/20260727_073247_1118066/benchmark_summary_median_variability.csv",TRUE
"FashionMNIST","rapids_cuml_umap_full","UMAP","cuda","full_pipeline",1,,70000,784,30,,"standard_R_double",,3,3,"success",4.575,4.565,4.68,0.115,0.127410099024109,4.555,4.785,,,,,,,,,,,,,,,,,,,,,,,,,,,,,,,,,,,,2.60285568237305,2.58054542541504,2.60294914245605,0.0224037170410156,0.0258157941006837,2.55823516845703,2.60304260253906,865,861,867,6,6.11010092660779,857,869,865,861,867,6,6.11010092660779,857,869,0.939940356267929,0.938677554958308,0.940208847649045,0.00153129269073748,0.00163536174877231,0.937414753648686,0.940477339030161,0.476657329598506,0.470541549953314,0.478804855275443,0.00826330532212899,0.00857503516215805,0.464425770308123,0.480952380952381,0.537208216619981,0.534943977591036,0.540756302521008,0.00581232492997197,0.0058593977524906,0.532679738562091,0.544304388422035,0.566498599439776,0.562114845938376,0.568305322128851,0.00619047619047586,0.00636676459441847,0.557731092436975,0.570112044817927,0.198606670975528,0.189908467299754,0.211471300151821,0.0215628328520665,0.0216965925379221,0.181210263623981,0.224335929328114,0.73109243697479,0.714285714285714,0.746498599439776,0.0322128851540615,0.0322230325429269,0.697478991596639,0.761904761904762,,,,,,,,,,,,,,,,,,,,,,,,,,,,,,,,,,,,,,,,,,,,,,,,,,,,,,,,,,,,,,,,,,,,,,,,,,,,,,,,,,,,,"standard","cuda","/Users/stefano/Documents/fastEmbedR-results/fastEmbedR-results/FashionMNIST/standard/cuda/20260727_073247_1118066","/Users/stefano/Documents/fastEmbedR-results/fastEmbedR-results/FashionMNIST/standard/cuda/20260727_073247_1118066/benchmark_summary_median_variability.csv",TRUE
"FlowRepository_FR-FCM-ZYRM_files","fastEmbedR_pca_cpu","PCA","cpu","pca_only",1,1,5220347,32,,,"float32",,3,3,"success",5.671,5.658,5.6895,0.0315000000000012,0.0316596483450678,5.645,5.708,,,,,,,,,,,,,,,5.671,5.658,5.6895,0.0315000000000012,0.0316596483450678,5.645,5.708,,,,,,,,,,,,,,,4.87096786499023,4.84089851379395,4.94302368164062,0.10212516784668,0.104962712433935,4.81082916259766,5.01507949829102,,,,,,,,,,,,,,,,,,,,,,,,,,,,,,,,,,,,,,,,,,,,,,,,,,,,,,,,,,,,,,,,,,,,,,,,,,,,,,,,,,,,,,,,,,,,,,,,,,,,,,,,,,,,,,,,,,,,,,,,,,,,,,,,,,,,,,,,,,,,,"standard","cpu1","/Users/stefano/Documents/fastEmbedR-results/fastEmbedR-results/FlowRepository_FR-FCM-ZYRM_files/standard/cpu1/20260727_073247_1118046","/Users/stefano/Documents/fastEmbedR-results/fastEmbedR-results/FlowRepository_FR-FCM-ZYRM_files/standard/cpu1/20260727_073247_1118046/benchmark_runs_checkpoint.csv",FALSE
"FlowRepository_FR-FCM-ZYRM_files","irlba_pca","PCA","cpu","pca_only",1,1,5220347,32,,,"standard_R_double",,3,3,"success",4.337,4.3285,4.3465,0.0179999999999998,0.0180092568789866,4.32,4.356,,,,,,,,,,,,,,,4.337,4.3285,4.3465,0.0179999999999998,0.0180092568789866,4.32,4.356,,,,,,,,,,,,,,,3.49934005737305,3.48978614807129,3.49934959411621,0.00956344604492498,0.0110374143756564,3.48023223876953,3.49935913085938,,,,,,,,,,,,,,,,,,,,,,,,,,,,,,,,,,,,,,,,,,,,,,,,,,,,,,,,,,,,,,,,,,,,,,,,,,,,,,,,,,,,,,,,,,,,,,,,,,,,,,,,,,,,,,,,,,,,,,,,,,,,,,,,,,,,,,,,,,,,,"standard","cpu1","/Users/stefano/Documents/fastEmbedR-results/fastEmbedR-results/FlowRepository_FR-FCM-ZYRM_files/standard/cpu1/20260727_073247_1118046","/Users/stefano/Documents/fastEmbedR-results/fastEmbedR-results/FlowRepository_FR-FCM-ZYRM_files/standard/cpu1/20260727_073247_1118046/benchmark_runs_checkpoint.csv",FALSE
"FlowRepository_FR-FCM-ZYRM_files","Rtsne_full","t-SNE","cpu","full_pipeline",1,1,,,,30,"standard_R_double",,3,0,"timeout",,,,,,,,,,,,,,,,,,,,,,,,,,,,,,,,,,,,,,,,,,,,,,,,,,,,,,,,,,,,,,,,,,,,,,,,,,,,,,,,,,,,,,,,,,,,,,,,,,,,,,,,,,,,,,,,,,,,,,,,,,,,,,,,,,,,,,,,,,,,,,,,,,,,,,,,,,,,,,,,,,,,,,,,,,,,,,,,,,,,,,,,,,,,,,"standard","cpu1","/Users/stefano/Documents/fastEmbedR-results/fastEmbedR-results/FlowRepository_FR-FCM-ZYRM_files/standard/cpu1/20260727_073247_1118046","/Users/stefano/Documents/fastEmbedR-results/fastEmbedR-results/FlowRepository_FR-FCM-ZYRM_files/standard/cpu1/20260727_073247_1118046/benchmark_runs_checkpoint.csv",FALSE
"FlowRepository_FR-FCM-ZYRM_files","Rtsne_neighbors","t-SNE","cpu","embedding_from_precomputed_knn",1,1,5220347,32,,30,"standard_R_double",,1,1,"partial",21630.557,21630.557,21630.557,0,,21630.557,21630.557,,,,,,,,,,,,,,,,,,,,,,,,,,,,,21630.557,21630.557,21630.557,0,,21630.557,21630.557,28.7753677368164,28.7753677368164,28.7753677368164,0,,28.7753677368164,28.7753677368164,,,,,,,,,,,,,,,0.889214314618108,0.889214314618108,0.889214314618108,0,,0.889214314618108,0.889214314618108,0.152566666666667,0.152566666666667,0.152566666666667,0,,0.152566666666667,0.152566666666667,0.223416666666667,0.223416666666667,0.223416666666667,0,,0.223416666666667,0.223416666666667,0.29272,0.29272,0.29272,0,,0.29272,0.29272,-0.27082334292526,-0.27082334292526,-0.27082334292526,0,,-0.27082334292526,-0.27082334292526,0.3735,0.3735,0.3735,0,,0.3735,0.3735,3.25004436521471,3.25004436521471,3.25004436521471,0,,3.25004436521471,3.25004436521471,,,,,,,,,,,,,,,,,,,,,,,,,,,,,,,,,,,,,,,,,,,,,,,,,,,,,,,,,,,,,,,,,,,,,,,,,,,,,,"standard","cpu1","/Users/stefano/Documents/fastEmbedR-results/fastEmbedR-results/FlowRepository_FR-FCM-ZYRM_files/standard/cpu1/20260727_073247_1118046","/Users/stefano/Documents/fastEmbedR-results/fastEmbedR-results/FlowRepository_FR-FCM-ZYRM_files/standard/cpu1/20260727_073247_1118046/benchmark_runs_checkpoint.csv",FALSE
"FlowRepository_FR-FCM-ZYRM_files","fastEmbedR_tsne_cpu_full","t-SNE","cpu","full_pipeline",1,1,5220347,32,,30,"float32",,3,3,"success",2741.726,2736.3395,2938.654,202.3145,230.565693424528,2730.953,3135.582,0.0280000000000005,0.0270000000000001,0.029,0.0019999999999998,0.0019999999999998,0.0259999999999998,0.0299999999999994,1513.628,1506.853,1595.403,88.55,98.5702921777146,1500.078,1677.178,,,,,,,,,,,,,,,1224.934,1223.607,1338.5915,114.9845,132.013189935703,1222.28,1452.249,8.92416763305664,8.84762763977051,8.98983573913574,0.142208099365229,0.142346558917144,8.77108764648438,9.05550384521484,,,,,,,,,,,,,,,0.971807587253414,0.97133143651998,0.971813775080087,0.000482338560108042,0.000553418646063531,0.970855285786545,0.971819962906761,0.3779,0.375866666666667,0.378366666666667,0.0025,0.00265859890697121,0.373833333333333,0.378833333333333,0.43985,0.436491666666667,0.441133333333333,0.00464166666666699,0.00479377489853049,0.433133333333333,0.442416666666667,0.4872,0.485145,0.48802,0.00287499999999996,0.00296209948066119,0.48309,0.48884,-0.208114217722471,-0.221352733819792,-0.201948045228132,0.01940468859166,0.0198296399535019,-0.234591249917114,-0.195781872733794,0.478,0.472,0.4785,0.00650000000000001,0.00723417813807021,0.466,0.479,2.0368644964627,2.03665319647043,2.03884689267112,0.00219369620068521,0.00242030926877423,2.03644189647816,2.04082928887953,,,,,,,,,,,,,,,,,,,,,,,,,,,,,,,,,,,,,,,,,,,,,,,,,,,,,,,,,,,,,,,,,,,,,,,,,,,,,,"standard","cpu1","/Users/stefano/Documents/fastEmbedR-results/fastEmbedR-results/FlowRepository_FR-FCM-ZYRM_files/standard/cpu1/20260727_073247_1118046","/Users/stefano/Documents/fastEmbedR-results/fastEmbedR-results/FlowRepository_FR-FCM-ZYRM_files/standard/cpu1/20260727_073247_1118046/benchmark_runs_checkpoint.csv",FALSE
"FlowRepository_FR-FCM-ZYRM_files","fastEmbedR_tsne_cpu_knn","t-SNE","cpu","embedding_from_precomputed_knn",1,1,5220347,32,,30,"float32",,3,3,"success",1620.374,1600.489,1629.916,29.4270000000001,30.0267804689969,1580.604,1639.458,,,,,,,,,,,,,,,,,,,,,,,,,,,,,1620.374,1600.489,1629.916,29.4270000000001,30.0267804689969,1580.604,1639.458,8.44370269775391,8.44363784790039,8.44770431518555,0.00406646728515625,0.00465856227849577,8.44357299804688,8.45170593261719,,,,,,,,,,,,,,,0.971698887202833,0.971147285449334,0.971722567863767,0.000575282414433054,0.000651037697076137,0.970595683695835,0.971746248524701,0.377733333333333,0.374866666666666,0.379116666666666,0.00425000000000003,0.00433542684472078,0.372,0.3805,0.440366666666667,0.437033333333333,0.441575,0.0045416666666665,0.0047044600587574,0.4337,0.442783333333333,0.48703,0.485555,0.48743,0.00187500000000002,0.0019750527419118,0.48408,0.48783,-0.207431550346627,-0.220822937889249,-0.201186494398323,0.0196364434909255,0.0200652252597446,-0.23421432543187,-0.194941438450019,0.4745,0.47225,0.4795,0.00725000000000003,0.00742181469273745,0.47,0.4845,2.04111826720153,2.04111826720153,2.04111826720153,0,0,2.04111826720153,2.04111826720153,,,,,,,,,,,,,,,,,,,,,,,,,,,,,,,,,,,,,,,,,,,,,,,,,,,,,,,,,,,,,,,,,,,,,,,,,,,,,,"standard","cpu1","/Users/stefano/Documents/fastEmbedR-results/fastEmbedR-results/FlowRepository_FR-FCM-ZYRM_files/standard/cpu1/20260727_073247_1118046","/Users/stefano/Documents/fastEmbedR-results/fastEmbedR-results/FlowRepository_FR-FCM-ZYRM_files/standard/cpu1/20260727_073247_1118046/benchmark_runs_checkpoint.csv",FALSE
"FlowRepository_FR-FCM-ZYRM_files","fastEmbedR_pca_cpu","PCA","cpu","pca_only",4,4,5220347,32,,,"float32",,3,3,"success",5.249,5.244,5.2695,0.0255000000000001,0.0270246800782792,5.239,5.29,,,,,,,,,,,,,,,5.249,5.244,5.2695,0.0255000000000001,0.0270246800782792,5.239,5.29,,,,,,,,,,,,,,,5.04515838623047,5.03211402893066,5.06198120117188,0.02986717224121,0.0299467342415813,5.01906967163086,5.07880401611328,,,,,,,,,,,,,,,,,,,,,,,,,,,,,,,,,,,,,,,,,,,,,,,,,,,,,,,,,,,,,,,,,,,,,,,,,,,,,,,,,,,,,,,,,,,,,,,,,,,,,,,,,,,,,,,,,,,,,,,,,,,,,,,,,,,,,,,,,,,,,"standard","cpu4","/Users/stefano/Documents/fastEmbedR-results/fastEmbedR-results/FlowRepository_FR-FCM-ZYRM_files/standard/cpu4/20260727_073247_1118057","/Users/stefano/Documents/fastEmbedR-results/fastEmbedR-results/FlowRepository_FR-FCM-ZYRM_files/standard/cpu4/20260727_073247_1118057/benchmark_runs_checkpoint.csv",FALSE
"FlowRepository_FR-FCM-ZYRM_files","irlba_pca","PCA","cpu","pca_only",4,4,5220347,32,,,"standard_R_double",,3,3,"success",2.956,2.9545,2.962,0.00749999999999984,0.00793725393319382,2.953,2.968,,,,,,,,,,,,,,,2.956,2.9545,2.962,0.00749999999999984,0.00793725393319382,2.953,2.968,,,,,,,,,,,,,,,3.50561141967773,3.4667911529541,3.50567054748535,0.03887939453125,0.0448599593082591,3.42797088623047,3.50572967529297,,,,,,,,,,,,,,,,,,,,,,,,,,,,,,,,,,,,,,,,,,,,,,,,,,,,,,,,,,,,,,,,,,,,,,,,,,,,,,,,,,,,,,,,,,,,,,,,,,,,,,,,,,,,,,,,,,,,,,,,,,,,,,,,,,,,,,,,,,,,,"standard","cpu4","/Users/stefano/Documents/fastEmbedR-results/fastEmbedR-results/FlowRepository_FR-FCM-ZYRM_files/standard/cpu4/20260727_073247_1118057","/Users/stefano/Documents/fastEmbedR-results/fastEmbedR-results/FlowRepository_FR-FCM-ZYRM_files/standard/cpu4/20260727_073247_1118057/benchmark_runs_checkpoint.csv",FALSE
"FlowRepository_FR-FCM-ZYRM_files","KlugerLab_FItSNE","t-SNE","cpu","full_pipeline",4,4,5220347,32,,30,"standard_R_double",,3,3,"success",3059.239,3057.445,3074.7765,17.3315000000002,19.0615360433867,3055.651,3090.314,,,,,,,,,,,,,,,,,,,,,,,,,,,,,,,,,,,,21.0403594970703,21.0346298217774,21.0405330657959,0.00590324401854758,0.00671851149227158,21.0289001464844,21.0407066345215,,,,,,,,,,,,,,,0.946112729725173,0.945927288821446,0.946448103186647,0.000520814365200017,0.000527959146420959,0.94574184791772,0.94678347664812,0.320766666666667,0.318966666666667,0.320816666666667,0.00185000000000002,0.00210792156716833,0.317166666666667,0.320866666666667,0.363566666666667,0.362375,0.365441666666667,0.003066666666667,0.00309193994000441,0.361183333333333,0.367316666666667,0.39922,0.398005,0.40164,0.003635,0.00370097734839506,0.39679,0.40406,-0.19797079396785,-0.201268580903172,-0.19387921763148,0.00738936327169201,0.00740356153699709,-0.204566367838494,-0.18978764129511,0.4365,0.43275,0.4425,0.00975000000000004,0.00983615778645301,0.429,0.4485,2.38698021587373,2.38578821710461,2.38812517314108,0.00233695603647011,0.00233711385060513,2.38459621833549,2.38927013040843,,,,,,,,,,,,,,,,,,,,,,,,,,,,,,,,,,,,,,,,,,,,,,,,,,,,,,,,,,,,,,,,,,,,,,,,,,,,,,"standard","cpu4","/Users/stefano/Documents/fastEmbedR-results/fastEmbedR-results/FlowRepository_FR-FCM-ZYRM_files/standard/cpu4/20260727_073247_1118057","/Users/stefano/Documents/fastEmbedR-results/fastEmbedR-results/FlowRepository_FR-FCM-ZYRM_files/standard/cpu4/20260727_073247_1118057/benchmark_runs_checkpoint.csv",FALSE
"FlowRepository_FR-FCM-ZYRM_files","Rtsne_full","t-SNE","cpu","full_pipeline",4,4,,,,30,"standard_R_double",,3,0,"timeout",,,,,,,,,,,,,,,,,,,,,,,,,,,,,,,,,,,,,,,,,,,,,,,,,,,,,,,,,,,,,,,,,,,,,,,,,,,,,,,,,,,,,,,,,,,,,,,,,,,,,,,,,,,,,,,,,,,,,,,,,,,,,,,,,,,,,,,,,,,,,,,,,,,,,,,,,,,,,,,,,,,,,,,,,,,,,,,,,,,,,,,,,,,,,,"standard","cpu4","/Users/stefano/Documents/fastEmbedR-results/fastEmbedR-results/FlowRepository_FR-FCM-ZYRM_files/standard/cpu4/20260727_073247_1118057","/Users/stefano/Documents/fastEmbedR-results/fastEmbedR-results/FlowRepository_FR-FCM-ZYRM_files/standard/cpu4/20260727_073247_1118057/benchmark_runs_checkpoint.csv",FALSE
"FlowRepository_FR-FCM-ZYRM_files","Rtsne_neighbors","t-SNE","cpu","embedding_from_precomputed_knn",4,4,5220347,32,,30,"standard_R_double",,3,3,"success",9146.485,9101.203,9212.6275,111.424499999999,112.073514654445,9055.921,9278.77,,,,,,,,,,,,,,,,,,,,,,,,,,,,,9146.485,9101.203,9212.6275,111.424499999999,112.073514654445,9055.921,9278.77,28.775936126709,28.7758693695069,28.7762145996094,0.000345230102549721,0.000366230805188095,28.7758026123047,28.7764930725098,,,,,,,,,,,,,,,0.889918681503962,0.889471345472938,0.889922062046872,0.000450716573933474,0.000518501933613004,0.889024009441915,0.889925442589782,0.158233333333333,0.15615,0.15935,0.00319999999999998,0.00324830440098848,0.154066666666667,0.160466666666667,0.232066666666667,0.229275,0.232325,0.00305,0.00338256696301202,0.226483333333333,0.232583333333333,0.30183,0.29865,0.302065,0.00341500000000006,0.00381487002836706,0.29547,0.3023,-0.272585989609238,-0.276678639820419,-0.256759741824665,0.019918897995754,0.0210393663094532,-0.2807712900316,-0.240933494040092,0.402,0.389,0.4195,0.0305,0.0306104557300279,0.376,0.437,3.25055755772277,3.25055755772277,3.25055755772277,0,0,3.25055755772277,3.25055755772277,,,,,,,,,,,,,,,,,,,,,,,,,,,,,,,,,,,,,,,,,,,,,,,,,,,,,,,,,,,,,,,,,,,,,,,,,,,,,,"standard","cpu4","/Users/stefano/Documents/fastEmbedR-results/fastEmbedR-results/FlowRepository_FR-FCM-ZYRM_files/standard/cpu4/20260727_073247_1118057","/Users/stefano/Documents/fastEmbedR-results/fastEmbedR-results/FlowRepository_FR-FCM-ZYRM_files/standard/cpu4/20260727_073247_1118057/benchmark_runs_checkpoint.csv",FALSE
"FlowRepository_FR-FCM-ZYRM_files","fastEmbedR_tsne_cpu_full","t-SNE","cpu","full_pipeline",4,4,5220347,32,,30,"float32",,3,3,"success",1315.03,1312.935,1324.2305,11.2955000000002,12.017391439077,1310.84,1333.431,0.0280000000000005,0.0280000000000001,0.0285000000000002,0.000500000000000146,0.000577350269189539,0.0279999999999996,0.0289999999999999,937.153,933.3445,938.678,5.33350000000007,5.49402824285911,929.536,940.203,,,,,,,,,,,,,,,375.636,372.4185,383.1185,10.7,10.9796816134774,369.201,390.601,8.83620834350586,8.83607482910156,8.83621406555176,0.000139236450195312,0.000157576705187349,8.83594131469727,8.83621978759766,,,,,,,,,,,,,,,0.971674186477828,0.971505521834429,0.971992083965604,0.000486562131175372,0.000494131751770411,0.97133685719103,0.972309981453381,0.379033333333333,0.376233333333333,0.379583333333333,0.00335000000000002,0.00359304884464433,0.373433333333333,0.380133333333333,0.44145,0.437283333333333,0.441458333333334,0.00417500000000004,0.00481607070515335,0.433116666666667,0.441466666666667,0.488,0.486035,0.488215,0.00217999999999996,0.00240275536277276,0.48407,0.48843,-0.208374598513598,-0.221493713709593,-0.201761557707662,0.0197321560019305,0.0200865041377086,-0.234612828905588,-0.195148516901727,0.4705,0.46925,0.477,0.00774999999999998,0.00832165848854661,0.468,0.4835,2.03633959332421,2.03572305666423,2.03769572483465,0.00197266817041974,0.00201835408807739,2.03510652000424,2.03905185634508,,,,,,,,,,,,,,,,,,,,,,,,,,,,,,,,,,,,,,,,,,,,,,,,,,,,,,,,,,,,,,,,,,,,,,,,,,,,,,"standard","cpu4","/Users/stefano/Documents/fastEmbedR-results/fastEmbedR-results/FlowRepository_FR-FCM-ZYRM_files/standard/cpu4/20260727_073247_1118057","/Users/stefano/Documents/fastEmbedR-results/fastEmbedR-results/FlowRepository_FR-FCM-ZYRM_files/standard/cpu4/20260727_073247_1118057/benchmark_runs_checkpoint.csv",FALSE
"FlowRepository_FR-FCM-ZYRM_files","fastEmbedR_tsne_cpu_knn","t-SNE","cpu","embedding_from_precomputed_knn",4,4,5220347,32,,30,"float32",,3,3,"success",383.712,377.1055,383.7525,6.64699999999999,7.65201897105157,370.499,383.793,,,,,,,,,,,,,,,,,,,,,,,,,,,,,383.712,377.1055,383.7525,6.64699999999999,7.65201897105157,370.499,383.793,8.44464111328125,8.44427108764648,8.44472694396972,0.000455856323240411,0.000484486576975777,8.44390106201172,8.4448127746582,,,,,,,,,,,,,,,0.971533754847412,0.971172567863766,0.971628536503119,0.000455968639352933,0.000481211664784503,0.970811380880121,0.971723318158827,0.3791,0.3767,0.379666666666666,0.00296666666666645,0.00314983832624479,0.3743,0.380233333333333,0.441,0.437333333333333,0.442008333333334,0.00467500000000004,0.00492048815705345,0.433666666666667,0.443016666666667,0.48756,0.485455,0.48797,0.00251500000000004,0.00269868486489252,0.48335,0.48838,-0.208094200115021,-0.22130682131451,-0.201108702938015,0.0201981183764945,0.0205155959491313,-0.234519442513998,-0.194123205761009,0.4745,0.4695,0.47625,0.00674999999999992,0.00700594985232788,0.4645,0.478,2.03770280730211,2.03770280730211,2.03770280730211,0,0,2.03770280730211,2.03770280730211,,,,,,,,,,,,,,,,,,,,,,,,,,,,,,,,,,,,,,,,,,,,,,,,,,,,,,,,,,,,,,,,,,,,,,,,,,,,,,"standard","cpu4","/Users/stefano/Documents/fastEmbedR-results/fastEmbedR-results/FlowRepository_FR-FCM-ZYRM_files/standard/cpu4/20260727_073247_1118057","/Users/stefano/Documents/fastEmbedR-results/fastEmbedR-results/FlowRepository_FR-FCM-ZYRM_files/standard/cpu4/20260727_073247_1118057/benchmark_runs_checkpoint.csv",FALSE
"FlowRepository_FR-FCM-ZYRM_files","fastEmbedR_pca_cuda","PCA","cuda","pca_only",1,,5220347,32,,,"float32",,3,3,"success",6.908,6.858,6.92,0.0619999999999994,0.0657672664274058,6.808,6.932,,,,,,,,,,,,,,,6.908,6.858,6.92,0.0619999999999994,0.0657672664274058,6.808,6.932,,,,,,,,,,,,,,,4.92134857177734,4.92134666442871,5.08493041992188,0.163583755493164,0.18888914933944,4.92134475708008,5.24851226806641,437,437,881,444,512.687039040388,437,1325,437,437,881,444,512.687039040388,437,1325,,,,,,,,,,,,,,,,,,,,,,,,,,,,,,,,,,,,,,,,,,,,,,,,,,,,,,,,,,,,,,,,,,,,,,,,,,,,,,,,,,,,,,,,,,,,,,,,,,,,,,,,,,,,,,,,,,,,,,,,,,,,,,,"standard","cuda","/Users/stefano/Documents/fastEmbedR-results/fastEmbedR-results/FlowRepository_FR-FCM-ZYRM_files/standard/cuda/20260727_073247_1118068","/Users/stefano/Documents/fastEmbedR-results/fastEmbedR-results/FlowRepository_FR-FCM-ZYRM_files/standard/cuda/20260727_073247_1118068/benchmark_summary_median_variability.csv",TRUE
"FlowRepository_FR-FCM-ZYRM_files","fastEmbedR_tsne_cuda_full","t-SNE","cuda","full_pipeline",1,,5220347,32,,30,"float32",,3,3,"success",90.707,90.587,90.962,0.375,0.383014360044112,90.467,91.217,0.127,0.1255,0.129500000000001,0.0040000000000005,0.00404145188432792,0.124,0.132000000000001,73.492,73.4025,73.722,0.319500000000005,0.329636668672239,73.313,73.952,,,,,,,,,,,,,,,16.791,16.7625,16.8065,0.0439999999999969,0.0446355613085936,16.734,16.822,2.60370635986328,2.60366249084473,2.60466194152832,0.00099945068359375,0.00112959062740558,2.60361862182617,2.60561752319336,3513,3513,3519,6,6.92820323027551,3513,3525,3513,3513,3519,6,6.92820323027551,3513,3525,0.973816270443433,0.973289875231833,0.974108438711853,0.000818563480019963,0.000829658719671049,0.972763480020233,0.974400606980273,0.384666666666667,0.3832,0.385133333333333,0.00193333333333351,0.00201769946005646,0.381733333333333,0.3856,0.444833333333333,0.442116666666666,0.446525,0.00440833333333351,0.00444787714658489,0.4394,0.448216666666667,0.49082,0.48927,0.49242,0.00314999999999999,0.00315013227235515,0.48772,0.49402,-0.204968763837223,-0.218045732152425,-0.203336028585698,0.0147097035667265,0.0161255140225944,-0.231122700467627,-0.201703293334174,0.473,0.47025,0.4845,0.01425,0.0151189726282355,0.4675,0.496,1.99641799993425,1.99562326212387,1.99771971562078,0.00209645349691501,0.00211678831889982,1.99482852431349,1.99902143130732,,,,,,,,,,,,,,,,,,,,,,,,,,,,,,,,,,,,,,,,,,,,,,,,,,,,,,,,,,,,,,,,,,,,,,,,,,,,,,"standard","cuda","/Users/stefano/Documents/fastEmbedR-results/fastEmbedR-results/FlowRepository_FR-FCM-ZYRM_files/standard/cuda/20260727_073247_1118068","/Users/stefano/Documents/fastEmbedR-results/fastEmbedR-results/FlowRepository_FR-FCM-ZYRM_files/standard/cuda/20260727_073247_1118068/benchmark_summary_median_variability.csv",TRUE
"FlowRepository_FR-FCM-ZYRM_files","fastEmbedR_tsne_cuda_knn","t-SNE","cuda","embedding_from_precomputed_knn",1,,5220347,32,,30,"float32",,3,3,"success",16.559,16.547,16.5595,0.0124999999999993,0.0141539158303746,16.535,16.56,,,,,,,,,,,,,,,,,,,,,,,,,,,,,16.559,16.547,16.5595,0.0124999999999993,0.0141539158303746,16.535,16.56,4.77502822875977,4.77484512329102,4.77509117126465,0.000246047973632812,0.000255641646236672,4.77466201782227,4.77515411376953,2733,2733,2733,0,0,2733,2733,2733,2733,2733,0,0,2733,2733,0.974069246332828,0.97368079581858,0.97411287303996,0.000432077221379501,0.000475736493470472,0.973292345304333,0.974156499747092,0.384266666666667,0.381683333333333,0.385266666666667,0.00358333333333349,0.00369809760903187,0.3791,0.386266666666667,0.44705,0.443266666666666,0.448033333333334,0.00476666666666703,0.00503333333333365,0.439483333333333,0.449016666666667,0.49147,0.489755,0.493125,0.00337000000000004,0.0033701780368402,0.48804,0.49478,-0.188678714355928,-0.195836120608148,-0.188277621579996,0.007558499028152,0.00850569406271656,-0.202993526860368,-0.187876528804064,0.4705,0.46975,0.4805,0.01075,0.0120034717200206,0.469,0.4905,2.00782291058395,2.00757211202399,2.00810569366207,0.000533581638079816,0.000533901084124862,2.00732131346402,2.00838847674018,,,,,,,,,,,,,,,,,,,,,,,,,,,,,,,,,,,,,,,,,,,,,,,,,,,,,,,,,,,,,,,,,,,,,,,,,,,,,,"standard","cuda","/Users/stefano/Documents/fastEmbedR-results/fastEmbedR-results/FlowRepository_FR-FCM-ZYRM_files/standard/cuda/20260727_073247_1118068","/Users/stefano/Documents/fastEmbedR-results/fastEmbedR-results/FlowRepository_FR-FCM-ZYRM_files/standard/cuda/20260727_073247_1118068/benchmark_summary_median_variability.csv",TRUE
"FlowRepository_FR-FCM-ZYRM_files","rapids_cuml_tsne_full","t-SNE","cuda","full_pipeline",1,,5220347,32,,30,"standard_R_double",,3,3,"success",805.747,794.8615,813.825,18.9635000000001,19.0326478539728,783.976,821.903,,,,,,,,,,,,,,,,,,,,,,,,,,,,,,,,,,,,5.76789093017578,5.74773406982422,5.78117942810059,0.0334453582763672,0.0336796198173761,5.72757720947266,5.79446792602539,10529,10529,10529,0,0,10529,10529,10529,10529,10529,0,0,10529,10529,0.544887809812848,0.524111861406171,0.713724911482044,0.189613050075872,0.207991531384215,0.503335912999494,0.882562013151239,0.0287666666666667,0.0193666666666667,0.0895666666666668,0.0702000000000002,0.0762147842175871,0.00996666666666667,0.150366666666667,0.0427,0.029825,0.130941666666667,0.101116666666667,0.110081598943356,0.01695,0.219183333333333,0.05736,0.04214,0.16997,0.12783,0.139649965747698,0.02692,0.28258,-0.19669441545647,-0.228256136512589,-0.180511401337963,0.047744735174626,0.0485633052065667,-0.259817857568707,-0.164328387219455,0.202,0.1945,0.27575,0.08125,0.0898030251903204,0.187,0.3495,6.54924976161359,5.37734574013778,7.30770461929805,1.93035887916026,1.94506181719231,4.20544171866198,8.06615947698251,,,,,,,,,,,,,,,,,,,,,,,,,,,,,,,,,,,,,,,,,,,,,,,,,,,,,,,,,,,,,,,,,,,,,,,,,,,,,,"standard","cuda","/Users/stefano/Documents/fastEmbedR-results/fastEmbedR-results/FlowRepository_FR-FCM-ZYRM_files/standard/cuda/20260727_073247_1118068","/Users/stefano/Documents/fastEmbedR-results/fastEmbedR-results/FlowRepository_FR-FCM-ZYRM_files/standard/cuda/20260727_073247_1118068/benchmark_summary_median_variability.csv",TRUE
"FlowRepository_FR-FCM-ZYRM_files","fastEmbedR_umap_cuda_binary_full","UMAP","cuda","full_pipeline",1,,5220347,32,30,,"float32",,3,3,"success",81.329,81.1435,81.426,0.282499999999999,0.287083611514136,80.958,81.523,0.130999999999999,0.127,0.137,0.01,0.0100664459136944,0.123,0.143,73.664,73.463,73.737,0.274000000000001,0.283791002911181,73.262,73.81,,,,,,,,,,,,,,,7.30500000000001,7.29100000000001,7.31550000000001,0.0245000000000051,0.024583192089995,7.277,7.32600000000001,1.80883407592773,1.8087329864502,1.82237815856934,0.0136451721191406,0.0156980490474873,1.80863189697266,1.83592224121094,12887,12887,12887,0,0,12887,12887,12887,12887,12887,0,0,12887,12887,0.969622137919407,0.968901433147867,0.970687354577643,0.00178592142977552,0.00179696359637301,0.968180728376328,0.971752571235879,0.356933333333333,0.354316666666667,0.35725,0.00293333333333345,0.00321990338019293,0.3517,0.357566666666667,0.44905,0.448,0.451125,0.00312499999999999,0.0031805397864723,0.44695,0.4532,0.514,0.512645,0.516185,0.00353999999999999,0.00357228684925122,0.51129,0.51837,-0.243173657508396,-0.254844452306215,-0.221629925630314,0.033214526675902,0.03370009512105,-0.266515247104035,-0.200086193752231,0.4715,0.4585,0.48125,0.0227499999999999,0.0228272497978476,0.4455,0.491,,,,,,,,,,,,,,,,,,,,,,,,,,,,,,,,,,,,,,,,,,,,,,,,,,,,,,,,,,,,,,,,,,,,,,,,,,,,,,,,,,,,,"standard","cuda","/Users/stefano/Documents/fastEmbedR-results/fastEmbedR-results/FlowRepository_FR-FCM-ZYRM_files/standard/cuda/20260727_073247_1118068","/Users/stefano/Documents/fastEmbedR-results/fastEmbedR-results/FlowRepository_FR-FCM-ZYRM_files/standard/cuda/20260727_073247_1118068/benchmark_summary_median_variability.csv",TRUE
"FlowRepository_FR-FCM-ZYRM_files","fastEmbedR_umap_cuda_binary_knn","UMAP","cuda","embedding_from_precomputed_knn",1,,5220347,32,30,,"float32",,3,3,"success",183.855,183.575,183.8745,0.299500000000023,0.335142258352088,183.295,183.894,,,,,,,,,,,,,,,,,,,,,,,,,,,,,183.855,183.575,183.8745,0.299500000000023,0.335142258352088,183.295,183.894,21.5381164550781,21.5380115509033,21.5578212738037,0.0198097229003906,0.0228139724333482,21.5379066467285,21.5775260925293,4429,4429,4429,0,0,4429,4429,4429,4429,4429,0,0,4429,4429,0.96861030180408,0.968609003540718,0.970139892092396,0.0015308885516776,0.00176696875906249,0.968607705277356,0.971669482380711,0.341133333333333,0.341016666666667,0.343066666666667,0.00205,0.00230273589293105,0.3409,0.345,0.43875,0.437741666666666,0.439116666666666,0.00137500000000002,0.0014240331352783,0.436733333333333,0.439483333333333,0.50609,0.50444,0.506615,0.00217500000000004,0.00226991189256328,0.50279,0.50714,-0.267028471406938,-0.270751625714793,-0.227083449531153,0.04366817618364,0.0484174642173838,-0.274474780022648,-0.187138427655368,0.463,0.45375,0.474,0.02025,0.0202751900936423,0.4445,0.485,,,,,,,,,,,,,,,,,,,,,,,,,,,,,,,,,,,,,,,,,,,,,,,,,,,,,,,,,,,,,,,,,,,,,,,,,,,,,,,,,,,,,"standard","cuda","/Users/stefano/Documents/fastEmbedR-results/fastEmbedR-results/FlowRepository_FR-FCM-ZYRM_files/standard/cuda/20260727_073247_1118068","/Users/stefano/Documents/fastEmbedR-results/fastEmbedR-results/FlowRepository_FR-FCM-ZYRM_files/standard/cuda/20260727_073247_1118068/benchmark_summary_median_variability.csv",TRUE
"FlowRepository_FR-FCM-ZYRM_files","fastEmbedR_umap_cuda_fuzzy_full","UMAP","cuda","full_pipeline",1,,5220347,32,30,,"float32",,3,3,"success",77.134,76.8915,77.1715,0.280000000000001,0.303987390089348,76.649,77.209,0.125999999999999,0.123999999999999,0.129,0.005,0.00503322295684724,0.122,0.132,73.879,73.6385,73.925,0.286500000000018,0.30772119415688,73.398,73.971,,,,,,,,,,,,,,,2.84099999999999,2.83849999999999,2.843,0.00450000000000017,0.00450924975282269,2.836,2.845,1.88662338256836,1.85208892822266,1.91103172302246,0.0589427947998047,0.0592320221923393,1.81755447387695,1.93544006347656,12887,12887,12887,0,0,12887,12887,12887,12887,12887,0,0,12887,12887,0.968620367560276,0.967355563985837,0.969020519305344,0.0016649553195075,0.0017381840556457,0.966090760411398,0.969420671050413,0.356733333333333,0.3525,0.356933333333333,0.00443333333333296,0.00500769777812452,0.348266666666667,0.357133333333333,0.443816666666667,0.443625,0.446933333333334,0.00330833333333347,0.00371442383748065,0.443433333333333,0.45005,0.50772,0.50667,0.510615,0.00394500000000009,0.00408628192859968,0.50562,0.51351,-0.219859026982944,-0.232854767718877,-0.190353872104365,0.0425008956145125,0.0435566265124701,-0.245850508454811,-0.160848717225786,0.47,0.46025,0.482,0.02175,0.0217887585695009,0.4505,0.494,,,,,,,,,,,,,,,,,,,,,,,,,,,,,,,,,,,,,,,,,,,,,,,,,,,,,,,,,,,,,,,,,,,,,,,,,,,,,,,,,,,,,"standard","cuda","/Users/stefano/Documents/fastEmbedR-results/fastEmbedR-results/FlowRepository_FR-FCM-ZYRM_files/standard/cuda/20260727_073247_1118068","/Users/stefano/Documents/fastEmbedR-results/fastEmbedR-results/FlowRepository_FR-FCM-ZYRM_files/standard/cuda/20260727_073247_1118068/benchmark_summary_median_variability.csv",TRUE
"FlowRepository_FR-FCM-ZYRM_files","fastEmbedR_umap_cuda_fuzzy_knn","UMAP","cuda","embedding_from_precomputed_knn",1,,5220347,32,30,,"float32",,3,3,"success",227.695,227.373,227.844,0.471000000000004,0.481474125299934,227.051,227.993,,,,,,,,,,,,,,,,,,,,,,,,,,,,,227.695,227.373,227.844,0.471000000000004,0.481474125299934,227.051,227.993,19.0515327453613,19.0514869689941,19.0515365600586,4.9591064453125e-05,5.51923991246814e-05,19.051441192627,19.0515403747559,4429,4429,4429,0,0,4429,4429,4429,4429,4429,0,0,4429,4429,0.967678081267914,0.967441333670545,0.967724017872197,0.00028268420165245,0.000303391885561837,0.967204586073175,0.96776995447648,0.350833333333333,0.348483333333333,0.35175,0.00326666666666697,0.00336985547552529,0.346133333333333,0.352666666666667,0.442133333333333,0.44175,0.445983333333333,0.00423333333333298,0.00468263142229183,0.441366666666667,0.449833333333333,0.50686,0.506325,0.510735,0.00441000000000003,0.00481317289667986,0.50579,0.51461,-0.232619797920818,-0.242548271474358,-0.204448307516679,0.0380999639576795,0.0395290164501163,-0.252476745027898,-0.176276817112539,0.47,0.457,0.47875,0.02175,0.0218879723440371,0.444,0.4875,,,,,,,,,,,,,,,,,,,,,,,,,,,,,,,,,,,,,,,,,,,,,,,,,,,,,,,,,,,,,,,,,,,,,,,,,,,,,,,,,,,,,"standard","cuda","/Users/stefano/Documents/fastEmbedR-results/fastEmbedR-results/FlowRepository_FR-FCM-ZYRM_files/standard/cuda/20260727_073247_1118068","/Users/stefano/Documents/fastEmbedR-results/fastEmbedR-results/FlowRepository_FR-FCM-ZYRM_files/standard/cuda/20260727_073247_1118068/benchmark_summary_median_variability.csv",TRUE
"FlowRepository_FR-FCM-ZYRM_files","rapids_cuml_umap_full","UMAP","cuda","full_pipeline",1,,5220347,32,30,,"standard_R_double",,3,3,"success",196.912,196.8125,197.0105,0.198000000000008,0.19800084174906,196.713,197.109,,,,,,,,,,,,,,,,,,,,,,,,,,,,,,,,,,,,10.8645820617676,10.8643207550049,10.8655109405518,0.001190185546875,0.00125103654514156,10.8640594482422,10.8664398193359,8399,8399,9220,821,948.009142009366,8399,10041,8399,8399,9220,821,948.009142009366,8399,10041,0.944112004720958,0.94402183442927,0.945537986848761,0.00151615241949099,0.00170103377772557,0.943931664137582,0.946963968976564,0.294033333333333,0.292783333333333,0.29585,0.00306666666666705,0.00308406898131086,0.291533333333333,0.297666666666667,0.373416666666667,0.372133333333334,0.374158333333333,0.00202499999999994,0.00204900608245218,0.37085,0.3749,0.43353,0.432995,0.43524,0.002245,0.00234525762621792,0.43246,0.43695,-0.231466462534339,-0.240228203487548,-0.22015703356314,0.020071169924407,0.0201249952433971,-0.248989944440756,-0.208847604591942,0.431,0.4305,0.43525,0.00475000000000003,0.00522015325445528,0.43,0.4395,,,,,,,,,,,,,,,,,,,,,,,,,,,,,,,,,,,,,,,,,,,,,,,,,,,,,,,,,,,,,,,,,,,,,,,,,,,,,,,,,,,,,"standard","cuda","/Users/stefano/Documents/fastEmbedR-results/fastEmbedR-results/FlowRepository_FR-FCM-ZYRM_files/standard/cuda/20260727_073247_1118068","/Users/stefano/Documents/fastEmbedR-results/fastEmbedR-results/FlowRepository_FR-FCM-ZYRM_files/standard/cuda/20260727_073247_1118068/benchmark_summary_median_variability.csv",TRUE
"MNIST","fastEmbedR_pca_cpu","PCA","cpu","pca_only",1,1,70000,784,,,"float32",,3,3,"success",2.404,2.3655,2.406,0.0404999999999998,0.0456544995956952,2.327,2.408,,,,,,,,,,,,,,,2.404,2.3655,2.406,0.0404999999999998,0.0456544995956952,2.327,2.408,,,,,,,,,,,,,,,1.68931579589844,1.68921852111816,1.69329643249512,0.00407791137695312,0.00465362162163238,1.68912124633789,1.6972770690918,,,,,,,,,,,,,,,,,,,,,,,,,,,,,,,,,,,,,,,,,,,,,,,,,,,,,,,,,,,,,,,,,,,,,,,,,,,,,,,,,,,,,,,,,,,,,,,,,,,,,,,,,,,,,,,,,,,,,,,,,,,,,,,,,,,,,,,,,,,,,"standard","cpu1","/Users/stefano/Documents/fastEmbedR-results/fastEmbedR-results/MNIST/standard/cpu1/20260727_073247_1118051","/Users/stefano/Documents/fastEmbedR-results/fastEmbedR-results/MNIST/standard/cpu1/20260727_073247_1118051/benchmark_summary_median_variability.csv",TRUE
"MNIST","irlba_pca","PCA","cpu","pca_only",1,1,70000,784,,,"standard_R_double",,3,3,"success",1.878,1.8605,1.918,0.0574999999999999,0.058949130612758,1.843,1.958,,,,,,,,,,,,,,,1.878,1.8605,1.918,0.0574999999999999,0.058949130612758,1.843,1.958,,,,,,,,,,,,,,,1.22197723388672,1.22192192077637,1.22201156616211,8.96453857421875e-05,9.04600851025005e-05,1.22186660766602,1.2220458984375,,,,,,,,,,,,,,,,,,,,,,,,,,,,,,,,,,,,,,,,,,,,,,,,,,,,,,,,,,,,,,,,,,,,,,,,,,,,,,,,,,,,,,,,,,,,,,,,,,,,,,,,,,,,,,,,,,,,,,,,,,,,,,,,,,,,,,,,,,,,,"standard","cpu1","/Users/stefano/Documents/fastEmbedR-results/fastEmbedR-results/MNIST/standard/cpu1/20260727_073247_1118051","/Users/stefano/Documents/fastEmbedR-results/fastEmbedR-results/MNIST/standard/cpu1/20260727_073247_1118051/benchmark_summary_median_variability.csv",TRUE
"MNIST","fastEmbedR_tsne_cpu_full","t-SNE","cpu","full_pipeline",1,1,70000,784,,30,"float32",,3,3,"success",114.167,114.0625,114.4955,0.432999999999993,0.451900800323846,113.958,114.824,0.02,0.0194999999999999,0.02,0.000500000000000052,0.000577350269189684,0.0189999999999999,0.02,43.683,43.4645,43.927,0.462499999999999,0.462734264994498,43.246,44.171,,,,,,,,,,,,,,,68.003,67.8235,68.1505,0.326999999999998,0.3275215005665,67.644,68.298,1.73475646972656,1.73454475402832,1.73480415344238,0.0002593994140625,0.000276146494518855,1.73433303833008,1.7348518371582,,,,,,,,,,,,,,,0.92283500954651,0.922607258050349,0.92395241743586,0.0013451593855105,0.00143989002071036,0.922379506554189,0.92506982532521,0.454621848739496,0.452987861811392,0.456115779645192,0.00312791783380001,0.00312896285342952,0.451353874883287,0.457609710550887,0.476330532212885,0.471055088702148,0.477147525676938,0.00609243697479001,0.00661390307594917,0.46577964519141,0.47796451914099,0.464453781512605,0.46078431372549,0.466974789915967,0.00619047619047652,0.00622588535472936,0.457114845938375,0.469495798319328,0.356293939689807,0.355947614931338,0.364453008075742,0.00850539314440402,0.00962746246614572,0.355601290172869,0.372612076461677,0.946778711484594,0.946078431372549,0.951680672268908,0.00560224089635852,0.00610490048114928,0.945378151260504,0.956582633053221,2.22360089058108,2.22278105154163,2.2248675844595,0.00208653291787009,0.0021024222616771,2.22196121250219,2.22613427833793,,,,,,,,,,,,,,,,,,,,,,,,,,,,,,,,,,,,,,,,,,,,,,,,,,,,,,,,,,,,,,,,,,,,,,,,,,,,,,"standard","cpu1","/Users/stefano/Documents/fastEmbedR-results/fastEmbedR-results/MNIST/standard/cpu1/20260727_073247_1118051","/Users/stefano/Documents/fastEmbedR-results/fastEmbedR-results/MNIST/standard/cpu1/20260727_073247_1118051/benchmark_summary_median_variability.csv",TRUE
"MNIST","fastEmbedR_tsne_cpu_knn","t-SNE","cpu","embedding_from_precomputed_knn",1,1,70000,784,,30,"float32",,3,3,"success",66.705,66.58,67.211,0.631,0.668242470963946,66.455,67.717,,,,,,,,,,,,,,,,,,,,,,,,,,,,,66.705,66.58,67.211,0.631,0.668242470963946,66.455,67.717,0.720977783203125,0.720758438110352,0.720981597900391,0.000223159790039062,0.000255508791145947,0.720539093017578,0.720985412597656,,,,,,,,,,,,,,,0.923268892699386,0.92291770543239,0.924308334042734,0.00139062861034445,0.00144628690898936,0.922566518165394,0.925347775386083,0.454248366013072,0.452147525676938,0.454808590102708,0.00266106442577052,0.00280578509828526,0.450046685340803,0.455368814192344,0.475723622782446,0.470681605975724,0.475746965452848,0.005065359477124,0.00583554310480316,0.465639589169001,0.475770308123249,0.463053221288515,0.46,0.466414565826331,0.00641456582633054,0.00641703213221765,0.456946778711485,0.469775910364146,0.358364832643382,0.356987460170605,0.366656214540208,0.00966875436960302,0.0104603690103009,0.355610087697828,0.374947596437034,0.950980392156863,0.947478991596639,0.956582633053221,0.00910364145658238,0.00918408756905028,0.943977591036415,0.96218487394958,2.22443385671365,2.22443385671365,2.22443385671365,0,0,2.22443385671365,2.22443385671365,,,,,,,,,,,,,,,,,,,,,,,,,,,,,,,,,,,,,,,,,,,,,,,,,,,,,,,,,,,,,,,,,,,,,,,,,,,,,,"standard","cpu1","/Users/stefano/Documents/fastEmbedR-results/fastEmbedR-results/MNIST/standard/cpu1/20260727_073247_1118051","/Users/stefano/Documents/fastEmbedR-results/fastEmbedR-results/MNIST/standard/cpu1/20260727_073247_1118051/benchmark_summary_median_variability.csv",TRUE
"MNIST","KlugerLab_FItSNE","t-SNE","cpu","full_pipeline",1,1,70000,784,,30,"standard_R_double",,3,3,"success",233.544,233.235,237.624,4.38900000000001,4.89933342404863,232.926,241.704,,,,,,,,,,,,,,,,,,,,,,,,,,,,,,,,,,,,3.12011337280273,3.11993408203125,3.12017440795898,0.000240325927734375,0.0002498359762982,3.11975479125977,3.12023544311523,,,,,,,,,,,,,,,0.916664166872731,0.913653942039913,0.917029204349372,0.0033752623094585,0.00370469086079773,0.910643717207095,0.917394241826012,0.437721755368814,0.433566760037348,0.441643323996265,0.00807656395891704,0.00807768828674762,0.429411764705882,0.445564892623716,0.461297852474323,0.458263305322129,0.46171802054155,0.00345471521942098,0.00377006409060507,0.455228758169935,0.462138188608777,0.459383753501401,0.454733893557423,0.461120448179272,0.00638655462184901,0.006604311008254,0.450084033613445,0.462857142857143,0.335344106781681,0.331016701181454,0.339412494907846,0.00839579372639149,0.00839712543950236,0.326689295581228,0.343480883034011,0.950980392156863,0.94467787114846,0.953781512605042,0.00910364145658238,0.00932538952167974,0.938375350140056,0.956582633053221,2.28072091890017,2.28002990719368,2.28073705699663,0.000707149802949836,0.000807390223900801,2.27933889548719,2.28075319509309,,,,,,,,,,,,,,,,,,,,,,,,,,,,,,,,,,,,,,,,,,,,,,,,,,,,,,,,,,,,,,,,,,,,,,,,,,,,,,"standard","cpu1","/Users/stefano/Documents/fastEmbedR-results/fastEmbedR-results/MNIST/standard/cpu1/20260727_073247_1118051","/Users/stefano/Documents/fastEmbedR-results/fastEmbedR-results/MNIST/standard/cpu1/20260727_073247_1118051/benchmark_summary_median_variability.csv",TRUE
"MNIST","Rtsne_full","t-SNE","cpu","full_pipeline",1,1,70000,784,,30,"standard_R_double",,3,3,"success",276.797,274.789,297.353,22.564,24.9761926108311,272.781,317.909,,,,,,,,,,,,,,,,,,,,,,,,,,,,,,,,,,,,2.1451416015625,2.14512062072754,2.14542388916016,0.000303268432617188,0.000338721346092705,2.14509963989258,2.14570617675781,,,,,,,,,,,,,,,0.906801196117617,0.904351870994418,0.906953683547707,0.0026018125532894,0.00292025963890477,0.901902545871219,0.907106170977798,0.449299719887955,0.448926237161531,0.452987861811391,0.00406162464985993,0.0044898904953754,0.448552754435107,0.456676003734827,0.455135387488329,0.451027077497666,0.456325863678805,0.00529878618113899,0.00556013066590473,0.446918767507003,0.457516339869281,0.441736694677871,0.429425770308123,0.442717086834734,0.013291316526611,0.0148139376406018,0.417114845938375,0.443697478991597,0.256734848666318,0.235841971534052,0.276443025706523,0.0406010541724715,0.040606815167145,0.214949094401785,0.296151202746728,0.953781512605042,0.948879551820728,0.955882352941176,0.00700280112044793,0.0071871168619702,0.943977591036415,0.957983193277311,2.10388009015842,2.08837435992723,2.12543713550764,0.0370627755804049,0.037227079820242,2.07286862969604,2.14699418085685,,,,,,,,,,,,,,,,,,,,,,,,,,,,,,,,,,,,,,,,,,,,,,,,,,,,,,,,,,,,,,,,,,,,,,,,,,,,,,"standard","cpu1","/Users/stefano/Documents/fastEmbedR-results/fastEmbedR-results/MNIST/standard/cpu1/20260727_073247_1118051","/Users/stefano/Documents/fastEmbedR-results/fastEmbedR-results/MNIST/standard/cpu1/20260727_073247_1118051/benchmark_summary_median_variability.csv",TRUE
"MNIST","Rtsne_neighbors","t-SNE","cpu","embedding_from_precomputed_knn",1,1,70000,784,,30,"standard_R_double",,3,3,"success",122.769,119.253,123.416,4.163,4.48043405635362,115.737,124.063,,,,,,,,,,,,,,,,,,,,,,,,,,,,,122.769,119.253,123.416,4.163,4.48043405635362,115.737,124.063,1.19229507446289,1.19214248657227,1.19242095947266,0.000278472900390625,0.000278899332258129,1.19198989868164,1.19254684448242,,,,,,,,,,,,,,,0.905623320239818,0.905050799866498,0.907784358316409,0.00273355844991141,0.00288330908800121,0.904478279493177,0.909945396393,0.440802987861811,0.44047619047619,0.444864612511671,0.00438842203548051,0.00488956980310059,0.44014939309057,0.448926237161531,0.451120448179272,0.447222222222223,0.453688141923436,0.00646591970121346,0.00651139177946744,0.443323996265173,0.4562558356676,0.442072829131653,0.441106442577031,0.444551820728292,0.0034453781512605,0.0035543337785809,0.440140056022409,0.44703081232493,0.198520301612292,0.198455734833279,0.200540355287601,0.00208462045432201,0.00237071412007144,0.198391168054266,0.20256040896291,0.928571428571429,0.920168067226891,0.929271708683474,0.00910364145658249,0.01013190215416,0.911764705882353,0.929971988795518,2.13850368368174,2.13850368368174,2.13850368368174,0,0,2.13850368368174,2.13850368368174,,,,,,,,,,,,,,,,,,,,,,,,,,,,,,,,,,,,,,,,,,,,,,,,,,,,,,,,,,,,,,,,,,,,,,,,,,,,,,"standard","cpu1","/Users/stefano/Documents/fastEmbedR-results/fastEmbedR-results/MNIST/standard/cpu1/20260727_073247_1118051","/Users/stefano/Documents/fastEmbedR-results/fastEmbedR-results/MNIST/standard/cpu1/20260727_073247_1118051/benchmark_summary_median_variability.csv",TRUE
"MNIST","fastEmbedR_umap_cpu_binary_full","UMAP","cpu","full_pipeline",1,1,70000,784,30,,"float32",,3,3,"success",132.816,132.5275,133.8205,1.29299999999998,1.35747351109821,132.239,134.825,0.0209999999999999,0.02,0.024,0.004,0.0041633319989323,0.0190000000000001,0.0270000000000001,40.739,40.4435,41.2485,0.805,0.814426383004218,40.148,41.758,,,,,,,,,,,,,,,91.849,91.839,92.329,0.490000000000009,0.560119034967865,91.829,92.809,0.790760040283203,0.790744781494141,0.790773391723633,2.86102294921875e-05,2.86314144114118e-05,0.790729522705078,0.790786743164062,,,,,,,,,,,,,,,0.927860135853666,0.927520771936368,0.930595788725524,0.00307501678915656,0.00337191268740889,0.927181408019069,0.933331441597382,0.471802054154995,0.470354808590102,0.474183006535947,0.00382819794584499,0.00386596719058646,0.46890756302521,0.4765639589169,0.497058823529412,0.493487394957983,0.499206349206349,0.00571895424836599,0.00577773925042342,0.489915966386555,0.501353874883287,0.482072829131653,0.479761904761905,0.484327731092437,0.00456582633053199,0.00456594089434823,0.477450980392157,0.486582633053221,0.511406897498762,0.484953824837155,0.514203250946071,0.0292494261089156,0.0322811975567145,0.458500752175548,0.516999604393379,0.946778711484594,0.938375350140056,0.951680672268908,0.0133053221288515,0.0134580161581695,0.929971988795518,0.956582633053221,,,,,,,,,,,,,,,,,,,,,,,,,,,,,,,,,,,,,,,,,,,,,,,,,,,,,,,,,,,,,,,,,,,,,,,,,,,,,,,,,,,,,"standard","cpu1","/Users/stefano/Documents/fastEmbedR-results/fastEmbedR-results/MNIST/standard/cpu1/20260727_073247_1118051","/Users/stefano/Documents/fastEmbedR-results/fastEmbedR-results/MNIST/standard/cpu1/20260727_073247_1118051/benchmark_summary_median_variability.csv",TRUE
"MNIST","fastEmbedR_umap_cpu_binary_knn","UMAP","cpu","embedding_from_precomputed_knn",1,1,70000,784,30,,"float32",,3,3,"success",91.264,91.03,91.269,0.239000000000004,0.273132446504129,90.796,91.274,,,,,,,,,,,,,,,,,,,,,,,,,,,,,91.264,91.03,91.269,0.239000000000004,0.273132446504129,90.796,91.274,0.808368682861328,0.808349609375,0.808629989624023,0.000280380249023438,0.00031332422627204,0.808330535888672,0.808891296386719,,,,,,,,,,,,,,,0.927860135853666,0.927520771936368,0.930595788725524,0.00307501678915656,0.00337191268740889,0.927181408019069,0.933331441597382,0.471802054154995,0.470354808590102,0.474183006535947,0.00382819794584499,0.00386596719058646,0.46890756302521,0.4765639589169,0.497058823529412,0.493487394957983,0.499206349206349,0.00571895424836599,0.00577773925042342,0.489915966386555,0.501353874883287,0.482072829131653,0.479761904761905,0.484327731092437,0.00456582633053199,0.00456594089434823,0.477450980392157,0.486582633053221,0.511406897498762,0.484953824837155,0.514203250946071,0.0292494261089156,0.0322811975567145,0.458500752175548,0.516999604393379,0.946778711484594,0.938375350140056,0.951680672268908,0.0133053221288515,0.0134580161581695,0.929971988795518,0.956582633053221,,,,,,,,,,,,,,,,,,,,,,,,,,,,,,,,,,,,,,,,,,,,,,,,,,,,,,,,,,,,,,,,,,,,,,,,,,,,,,,,,,,,,"standard","cpu1","/Users/stefano/Documents/fastEmbedR-results/fastEmbedR-results/MNIST/standard/cpu1/20260727_073247_1118051","/Users/stefano/Documents/fastEmbedR-results/fastEmbedR-results/MNIST/standard/cpu1/20260727_073247_1118051/benchmark_summary_median_variability.csv",TRUE
"MNIST","fastEmbedR_umap_cpu_fuzzy_full","UMAP","cpu","full_pipeline",1,1,70000,784,30,,"float32",,3,3,"success",64.294,63.6865,64.5325,0.846000000000004,0.872412173230062,63.079,64.771,0.012,0.011,0.0155000000000001,0.00450000000000005,0.00472581562625266,0.01,0.0190000000000001,44.702,44.5515,44.885,0.333499999999994,0.334027443982275,44.401,45.068,,,,,,,,,,,,,,,19.296,18.833,19.366,0.533000000000001,0.579285767130523,18.37,19.436,0.787982940673828,0.787906646728516,0.788108825683594,0.000202178955078125,0.000204196199199888,0.787830352783203,0.788234710693359,,,,,,,,,,,,,,,0.927186272482944,0.925744904811901,0.928696823640214,0.00295191882831303,0.00295218905569033,0.924303537140857,0.930207374797483,0.470868347338936,0.465919701213819,0.4734360410831,0.00751633986928102,0.00764100842672821,0.460971055088702,0.476003734827264,0.491363211951447,0.487745098039216,0.495704948646125,0.00795985060690951,0.00797080704789311,0.484126984126984,0.500046685340803,0.476946778711485,0.472717086834734,0.478445378151261,0.00572829131652652,0.0059413474936326,0.468487394957983,0.479943977591036,0.534195094993724,0.513502006965482,0.54622281568621,0.032720808720728,0.0331010702801737,0.49280891893724,0.558250536378696,0.959383753501401,0.956582633053221,0.960784313725491,0.00420168067226911,0.00427878216149019,0.953781512605042,0.96218487394958,,,,,,,,,,,,,,,,,,,,,,,,,,,,,,,,,,,,,,,,,,,,,,,,,,,,,,,,,,,,,,,,,,,,,,,,,,,,,,,,,,,,,"standard","cpu1","/Users/stefano/Documents/fastEmbedR-results/fastEmbedR-results/MNIST/standard/cpu1/20260727_073247_1118051","/Users/stefano/Documents/fastEmbedR-results/fastEmbedR-results/MNIST/standard/cpu1/20260727_073247_1118051/benchmark_summary_median_variability.csv",TRUE
"MNIST","fastEmbedR_umap_cpu_fuzzy_knn","UMAP","cpu","embedding_from_precomputed_knn",1,1,70000,784,30,,"float32",,3,3,"success",18.476,18.432,18.584,0.151999999999997,0.156426766677999,18.388,18.692,,,,,,,,,,,,,,,,,,,,,,,,,,,,,18.476,18.432,18.584,0.151999999999997,0.156426766677999,18.388,18.692,0.809379577636719,0.807657241821289,0.809450149536133,0.00179290771484375,0.00203075341159301,0.805934906005859,0.809520721435547,,,,,,,,,,,,,,,0.927186272482944,0.925744904811901,0.928696823640214,0.00295191882831303,0.00295218905569033,0.924303537140857,0.930207374797483,0.470868347338936,0.465919701213819,0.4734360410831,0.00751633986928102,0.00764100842672821,0.460971055088702,0.476003734827264,0.491363211951447,0.487745098039216,0.495704948646125,0.00795985060690951,0.00797080704789311,0.484126984126984,0.500046685340803,0.476946778711485,0.472717086834734,0.478445378151261,0.00572829131652652,0.0059413474936326,0.468487394957983,0.479943977591036,0.534195094993724,0.513502006965482,0.54622281568621,0.032720808720728,0.0331010702801737,0.49280891893724,0.558250536378696,0.959383753501401,0.956582633053221,0.960784313725491,0.00420168067226911,0.00427878216149019,0.953781512605042,0.96218487394958,,,,,,,,,,,,,,,,,,,,,,,,,,,,,,,,,,,,,,,,,,,,,,,,,,,,,,,,,,,,,,,,,,,,,,,,,,,,,,,,,,,,,"standard","cpu1","/Users/stefano/Documents/fastEmbedR-results/fastEmbedR-results/MNIST/standard/cpu1/20260727_073247_1118051","/Users/stefano/Documents/fastEmbedR-results/fastEmbedR-results/MNIST/standard/cpu1/20260727_073247_1118051/benchmark_summary_median_variability.csv",TRUE
"MNIST","umap_package","UMAP","cpu","full_pipeline",1,1,70000,784,30,,"standard_R_double",,3,3,"success",1035.533,1026.571,1038.5545,11.9835,12.4646481030686,1017.609,1041.576,,,,,,,,,,,,,,,,,,,,,,,,,,,,,,,,,,,,7.52146530151367,7.41373443603516,8.0633487701416,0.649614334106445,0.696296113266737,7.30600357055664,8.60523223876953,,,,,,,,,,,,,,,0.927126682800472,0.925843545329371,0.928841541440503,0.0029979961111315,0.00300833980875285,0.924560407858271,0.930556400080534,0.477684407096172,0.474183006535948,0.478571428571429,0.00438842203548051,0.00464075144362017,0.470681605975724,0.479458450046685,0.497525676937442,0.494817927170868,0.501680672268908,0.00686274509803908,0.00691342487645293,0.492110177404295,0.505835667600373,0.480896358543417,0.475560224089635,0.482759103641456,0.00719887955182097,0.00747297428563891,0.470224089635854,0.484621848739496,0.505385828419915,0.503438338627479,0.517943856727645,0.014505518100166,0.0157460438803663,0.501490848835043,0.530501885035375,0.963585434173669,0.956582633053221,0.963585434173669,0.00700280112044804,0.00808613822394418,0.949579831932773,0.963585434173669,,,,,,,,,,,,,,,,,,,,,,,,,,,,,,,,,,,,,,,,,,,,,,,,,,,,,,,,,,,,,,,,,,,,,,,,,,,,,,,,,,,,,"standard","cpu1","/Users/stefano/Documents/fastEmbedR-results/fastEmbedR-results/MNIST/standard/cpu1/20260727_073247_1118051","/Users/stefano/Documents/fastEmbedR-results/fastEmbedR-results/MNIST/standard/cpu1/20260727_073247_1118051/benchmark_summary_median_variability.csv",TRUE
"MNIST","umap_package_knn","UMAP","cpu","embedding_from_precomputed_knn",1,1,70000,784,30,,"standard_R_double",,3,3,"success",248.163,245.7135,249.596,3.88249999999999,3.92660544660821,243.264,251.029,,,,,,,,,,,,,,,,,,,,,,,,,,,,,248.163,245.7135,249.596,3.88249999999999,3.92660544660821,243.264,251.029,3.55432510375977,3.5543155670166,3.55437088012695,5.53131103515625e-05,5.9138061290657e-05,3.55430603027344,3.55441665649414,,,,,,,,,,,,,,,0.928336042569464,0.926911632959986,0.929459193228666,0.00254756026868042,0.00255349087347752,0.925487223350508,0.930582343887869,0.476844070961718,0.474323062558356,0.478104575163398,0.003781512605042,0.00385090394534106,0.471802054154995,0.479365079365079,0.496685340802988,0.494701213818861,0.50329131652661,0.0085901027077494,0.00899501860957555,0.492717086834734,0.509897292250233,0.482212885154062,0.477422969187676,0.484719887955183,0.00729691876750699,0.00741500197839785,0.472633053221289,0.487226890756303,0.511417908309919,0.5043835091039,0.523121506292366,0.0187379971884656,0.0189309185647766,0.497349109897881,0.534825104274812,0.96078431372549,0.954481792717087,0.961484593837535,0.00700280112044838,0.00771368423989678,0.948179271708683,0.96218487394958,,,,,,,,,,,,,,,,,,,,,,,,,,,,,,,,,,,,,,,,,,,,,,,,,,,,,,,,,,,,,,,,,,,,,,,,,,,,,,,,,,,,,"standard","cpu1","/Users/stefano/Documents/fastEmbedR-results/fastEmbedR-results/MNIST/standard/cpu1/20260727_073247_1118051","/Users/stefano/Documents/fastEmbedR-results/fastEmbedR-results/MNIST/standard/cpu1/20260727_073247_1118051/benchmark_summary_median_variability.csv",TRUE
"MNIST","uwot_default","UMAP","cpu","full_pipeline",1,1,70000,784,30,,"standard_R_double",,3,3,"success",134.355,133.2605,134.8155,1.55500000000001,1.5975012780381,132.166,135.276,,,,,,,,,,,,,,,,,,,,,,,,,,,,,,,,,,,,1.61605453491211,1.61604499816895,1.61607360839844,2.86102294921875e-05,2.91352316217794e-05,1.61603546142578,1.61609268188477,,,,,,,,,,,,,,,0.928699255872151,0.926980748884213,0.929589250075332,0.00260850119111811,0.00265199728674432,0.925262241896276,0.930479244278512,0.472082166199813,0.470448179271709,0.473716153127917,0.00326797385620897,0.003267973856209,0.468814192343604,0.475350140056022,0.490522875816993,0.488795518207283,0.495121381886088,0.006325863678805,0.00653944817560565,0.487068160597572,0.499719887955182,0.475966386554622,0.471358543417367,0.478319327731092,0.00696078431372549,0.00708148142785981,0.466750700280112,0.480672268907563,0.539390589356677,0.518607906049613,0.539659707647783,0.0210518015981696,0.0241546503545383,0.49782522274255,0.539928825938889,0.96218487394958,0.955882352941176,0.962885154061625,0.00700280112044815,0.00771368423989648,0.949579831932773,0.963585434173669,,,,,,,,,,,,,,,,,,,,,,,,,,,,,,,,,,,,,,,,,,,,,,,,,,,,,,,,,,,,,,,,,,,,,,,,,,,,,,,,,,,,,"standard","cpu1","/Users/stefano/Documents/fastEmbedR-results/fastEmbedR-results/MNIST/standard/cpu1/20260727_073247_1118051","/Users/stefano/Documents/fastEmbedR-results/fastEmbedR-results/MNIST/standard/cpu1/20260727_073247_1118051/benchmark_summary_median_variability.csv",TRUE
"MNIST","uwot_fast_sgd","UMAP","cpu","full_pipeline",1,1,70000,784,30,,"standard_R_double",,3,3,"success",128.711,128.7055,128.724,0.0184999999999889,0.0190000000000002,128.7,128.737,,,,,,,,,,,,,,,,,,,,,,,,,,,,,,,,,,,,1.60603332519531,1.6059627532959,1.60606575012207,0.000102996826171875,0.000105325258330682,1.60589218139648,1.60609817504883,,,,,,,,,,,,,,,0.927779466827734,0.927681299244252,0.929581412883532,0.00190011363928089,0.00213963833464695,0.927583131660769,0.931383358939331,0.474696545284781,0.471988795518207,0.475350140056022,0.003361344537815,0.00356442908240781,0.469281045751634,0.476003734827264,0.491830065359477,0.490079365079365,0.496708683473389,0.00662931839402447,0.00687089167146599,0.488328664799253,0.501587301587302,0.476890756302521,0.472254901960784,0.479719887955182,0.00746498599439754,0.0075375127322142,0.467619047619048,0.482549019607843,0.545802408020769,0.519769708704392,0.555021501076817,0.035251792372425,0.0365639346528015,0.493737009388016,0.564240594132866,0.957983193277311,0.955182072829131,0.961484593837535,0.00630252100840345,0.0063154758442899,0.952380952380952,0.964985994397759,,,,,,,,,,,,,,,,,,,,,,,,,,,,,,,,,,,,,,,,,,,,,,,,,,,,,,,,,,,,,,,,,,,,,,,,,,,,,,,,,,,,,"standard","cpu1","/Users/stefano/Documents/fastEmbedR-results/fastEmbedR-results/MNIST/standard/cpu1/20260727_073247_1118051","/Users/stefano/Documents/fastEmbedR-results/fastEmbedR-results/MNIST/standard/cpu1/20260727_073247_1118051/benchmark_summary_median_variability.csv",TRUE
"MNIST","uwot_knn","UMAP","cpu","embedding_from_precomputed_knn",1,1,70000,784,30,,"standard_R_double",,3,3,"success",24.095,24.03,24.213,0.183,0.185540651430713,23.965,24.331,,,,,,,,,,,,,,,,,,,,,,,,,,,,,24.095,24.03,24.213,0.183,0.185540651430713,23.965,24.331,1.46461486816406,1.46458435058594,1.46474266052246,0.000158309936523438,0.000167976675844604,1.46455383300781,1.46487045288086,,,,,,,,,,,,,,,0.925298184879355,0.924972536047705,0.927445372746301,0.00247283669859644,0.00268717748271814,0.924646887216054,0.929592560613247,0.470401493930906,0.469281045751634,0.473669467787115,0.00438842203548107,0.00456021236411893,0.468160597572362,0.476937441643324,0.492390289449113,0.489612511671335,0.495541549953315,0.00592903828197949,0.00593295806475634,0.486834733893557,0.498692810457516,0.476694677871148,0.471820728291316,0.477156862745098,0.0053361344537815,0.00591288594361399,0.466946778711485,0.477619047619048,0.543770652255127,0.538053826241216,0.556167756645505,0.0181139304042899,0.01851998509054,0.532337000227304,0.568564861035884,0.959383753501401,0.953781512605042,0.961484593837535,0.00770308123249308,0.00796392255332975,0.948179271708683,0.963585434173669,,,,,,,,,,,,,,,,,,,,,,,,,,,,,,,,,,,,,,,,,,,,,,,,,,,,,,,,,,,,,,,,,,,,,,,,,,,,,,,,,,,,,"standard","cpu1","/Users/stefano/Documents/fastEmbedR-results/fastEmbedR-results/MNIST/standard/cpu1/20260727_073247_1118051","/Users/stefano/Documents/fastEmbedR-results/fastEmbedR-results/MNIST/standard/cpu1/20260727_073247_1118051/benchmark_summary_median_variability.csv",TRUE
"MNIST","fastEmbedR_pca_cpu","PCA","cpu","pca_only",4,4,70000,784,,,"float32",,3,3,"success",2.096,2.093,2.097,0.004,0.00416333199893231,2.09,2.098,,,,,,,,,,,,,,,2.096,2.093,2.097,0.004,0.00416333199893231,2.09,2.098,,,,,,,,,,,,,,,1.70041656494141,1.6984806060791,1.70049667358398,0.00201606750488281,0.00228310932653931,1.6965446472168,1.70057678222656,,,,,,,,,,,,,,,,,,,,,,,,,,,,,,,,,,,,,,,,,,,,,,,,,,,,,,,,,,,,,,,,,,,,,,,,,,,,,,,,,,,,,,,,,,,,,,,,,,,,,,,,,,,,,,,,,,,,,,,,,,,,,,,,,,,,,,,,,,,,,"standard","cpu4","/Users/stefano/Documents/fastEmbedR-results/fastEmbedR-results/MNIST/standard/cpu4/20260727_073247_1118062","/Users/stefano/Documents/fastEmbedR-results/fastEmbedR-results/MNIST/standard/cpu4/20260727_073247_1118062/benchmark_summary_median_variability.csv",TRUE
"MNIST","irlba_pca","PCA","cpu","pca_only",4,4,70000,784,,,"standard_R_double",,3,3,"success",0.994,0.985,1.0015,0.0165000000000001,0.0165227116418583,0.976,1.009,,,,,,,,,,,,,,,0.994,0.985,1.0015,0.0165000000000001,0.0165227116418583,0.976,1.009,,,,,,,,,,,,,,,1.22818756103516,1.22817420959473,1.22830581665039,0.000131607055664062,0.000144874816299157,1.2281608581543,1.22842407226562,,,,,,,,,,,,,,,,,,,,,,,,,,,,,,,,,,,,,,,,,,,,,,,,,,,,,,,,,,,,,,,,,,,,,,,,,,,,,,,,,,,,,,,,,,,,,,,,,,,,,,,,,,,,,,,,,,,,,,,,,,,,,,,,,,,,,,,,,,,,,"standard","cpu4","/Users/stefano/Documents/fastEmbedR-results/fastEmbedR-results/MNIST/standard/cpu4/20260727_073247_1118062","/Users/stefano/Documents/fastEmbedR-results/fastEmbedR-results/MNIST/standard/cpu4/20260727_073247_1118062/benchmark_summary_median_variability.csv",TRUE
"MNIST","fastEmbedR_tsne_cpu_full","t-SNE","cpu","full_pipeline",4,4,70000,784,,30,"float32",,3,3,"success",43.287,43.0625,43.65,0.587499999999999,0.592916801358615,42.838,44.013,0.018,0.018,0.0184999999999999,0.000499999999999948,0.000577350269189568,0.018,0.0189999999999999,20.859,20.637,21.1005,0.4635,0.463636711229816,20.415,21.342,,,,,,,,,,,,,,,20.136,20.1215,20.2365,0.115000000000002,0.12526106072253,20.107,20.337,1.74188995361328,1.74165344238281,1.74189376831055,0.000240325927734375,0.000275328489377638,1.74141693115234,1.74189758300781,,,,,,,,,,,,,,,0.923649266749633,0.923403949133923,0.924872679414265,0.00146873028034156,0.00157354968504343,0.923158631518213,0.926096092078896,0.456769374416433,0.454248366013072,0.457236227824463,0.00298786181139099,0.0032146284055211,0.451727357609711,0.457703081232493,0.477124183006536,0.472152194211018,0.477194211017741,0.00504201680672256,0.00578201291272523,0.4671802054155,0.477264239028945,0.46453781512605,0.461274509803921,0.466960784313726,0.00568627450980402,0.00570693491059803,0.458011204481793,0.469383753501401,0.357363449095772,0.356225627590314,0.367665843166897,0.0114402155765835,0.0126045625023571,0.355087806084855,0.377968237238022,0.952380952380952,0.947478991596639,0.954481792717087,0.00700280112044804,0.0071871168619702,0.942577030812325,0.956582633053221,2.22366443327544,2.22327521895822,2.22404731081723,0.000772091859009727,0.000772100526911498,2.22288600464101,2.22443018835903,,,,,,,,,,,,,,,,,,,,,,,,,,,,,,,,,,,,,,,,,,,,,,,,,,,,,,,,,,,,,,,,,,,,,,,,,,,,,,"standard","cpu4","/Users/stefano/Documents/fastEmbedR-results/fastEmbedR-results/MNIST/standard/cpu4/20260727_073247_1118062","/Users/stefano/Documents/fastEmbedR-results/fastEmbedR-results/MNIST/standard/cpu4/20260727_073247_1118062/benchmark_summary_median_variability.csv",TRUE
"MNIST","fastEmbedR_tsne_cpu_knn","t-SNE","cpu","embedding_from_precomputed_knn",4,4,70000,784,,30,"float32",,3,3,"success",20.107,19.978,20.14,0.161999999999999,0.171219157806595,19.849,20.173,,,,,,,,,,,,,,,,,,,,,,,,,,,,,20.107,19.978,20.14,0.161999999999999,0.171219157806595,19.849,20.173,0.777511596679688,0.767133712768555,0.795698165893555,0.028564453125,0.028918042310111,0.756755828857422,0.813884735107422,,,,,,,,,,,,,,,0.923268892699386,0.92291770543239,0.924308334042734,0.00139062861034445,0.00144628690898936,0.922566518165394,0.925347775386083,0.454248366013072,0.452147525676938,0.454808590102708,0.00266106442577052,0.00280578509828526,0.450046685340803,0.455368814192344,0.475723622782446,0.470681605975724,0.475746965452848,0.005065359477124,0.00583554310480316,0.465639589169001,0.475770308123249,0.463053221288515,0.46,0.466414565826331,0.00641456582633054,0.00641703213221765,0.456946778711485,0.469775910364146,0.358364832643382,0.356987460170605,0.366656214540208,0.00966875436960302,0.0104603690103009,0.355610087697828,0.374947596437034,0.950980392156863,0.947478991596639,0.956582633053221,0.00910364145658238,0.00918408756905028,0.943977591036415,0.96218487394958,2.22443385671365,2.22443385671365,2.22443385671365,0,0,2.22443385671365,2.22443385671365,,,,,,,,,,,,,,,,,,,,,,,,,,,,,,,,,,,,,,,,,,,,,,,,,,,,,,,,,,,,,,,,,,,,,,,,,,,,,,"standard","cpu4","/Users/stefano/Documents/fastEmbedR-results/fastEmbedR-results/MNIST/standard/cpu4/20260727_073247_1118062","/Users/stefano/Documents/fastEmbedR-results/fastEmbedR-results/MNIST/standard/cpu4/20260727_073247_1118062/benchmark_summary_median_variability.csv",TRUE
"MNIST","KlugerLab_FItSNE","t-SNE","cpu","full_pipeline",4,4,70000,784,,30,"standard_R_double",,3,3,"success",88.693,88.295,88.7705,0.475499999999997,0.510235566511518,87.897,88.848,,,,,,,,,,,,,,,,,,,,,,,,,,,,,,,,,,,,3.12731170654297,3.12716674804688,3.12751960754395,0.000352859497070312,0.000354725825081412,3.12702178955078,3.12772750854492,,,,,,,,,,,,,,,0.916664166872731,0.913653942039913,0.917029204349372,0.0033752623094585,0.00370469086079773,0.910643717207095,0.917394241826012,0.437721755368814,0.433566760037348,0.441643323996265,0.00807656395891704,0.00807768828674762,0.429411764705882,0.445564892623716,0.461297852474323,0.458263305322129,0.46171802054155,0.00345471521942098,0.00377006409060507,0.455228758169935,0.462138188608777,0.459383753501401,0.454733893557423,0.461120448179272,0.00638655462184901,0.006604311008254,0.450084033613445,0.462857142857143,0.335344106781681,0.331016701181454,0.339412494907846,0.00839579372639149,0.00839712543950236,0.326689295581228,0.343480883034011,0.950980392156863,0.94467787114846,0.953781512605042,0.00910364145658238,0.00932538952167974,0.938375350140056,0.956582633053221,2.28072091890017,2.28002990719368,2.28073705699663,0.000707149802949836,0.000807390223900801,2.27933889548719,2.28075319509309,,,,,,,,,,,,,,,,,,,,,,,,,,,,,,,,,,,,,,,,,,,,,,,,,,,,,,,,,,,,,,,,,,,,,,,,,,,,,,"standard","cpu4","/Users/stefano/Documents/fastEmbedR-results/fastEmbedR-results/MNIST/standard/cpu4/20260727_073247_1118062","/Users/stefano/Documents/fastEmbedR-results/fastEmbedR-results/MNIST/standard/cpu4/20260727_073247_1118062/benchmark_summary_median_variability.csv",TRUE
"MNIST","Rtsne_full","t-SNE","cpu","full_pipeline",4,4,70000,784,,30,"standard_R_double",,3,3,"success",93.812,93.7865,94.4715,0.685000000000002,0.7766661659512,93.761,95.131,,,,,,,,,,,,,,,,,,,,,,,,,,,,,,,,,,,,2.149658203125,2.14962196350098,2.14966773986816,4.57763671875e-05,4.83027646718917e-05,2.14958572387695,2.14967727661133,,,,,,,,,,,,,,,0.902215087675205,0.8992433731814,0.907751996119239,0.00850862293783849,0.00863655434567177,0.896271658687595,0.913288904563272,0.444724556489262,0.442390289449113,0.452427637721755,0.010037348272642,0.0105050661884452,0.440056022408964,0.460130718954248,0.449766573295985,0.445798319327731,0.46062091503268,0.0148225957049485,0.0153465113848038,0.441830065359477,0.471475256769374,0.42921568627451,0.423207282913166,0.441624649859944,0.0184173669467785,0.0187844384792223,0.417198879551821,0.454033613445378,0.23576301847193,0.231900395424616,0.27224733835855,0.0403469429339335,0.0445264060867926,0.228037772377303,0.30873165824517,0.946778711484594,0.946078431372549,0.951680672268908,0.00560224089635852,0.00610490048114928,0.945378151260504,0.956582633053221,2.12706015293749,2.10968033218525,2.15316657047157,0.043486238286325,0.0437771334994188,2.092300511433,2.17927298800565,,,,,,,,,,,,,,,,,,,,,,,,,,,,,,,,,,,,,,,,,,,,,,,,,,,,,,,,,,,,,,,,,,,,,,,,,,,,,,"standard","cpu4","/Users/stefano/Documents/fastEmbedR-results/fastEmbedR-results/MNIST/standard/cpu4/20260727_073247_1118062","/Users/stefano/Documents/fastEmbedR-results/fastEmbedR-results/MNIST/standard/cpu4/20260727_073247_1118062/benchmark_summary_median_variability.csv",TRUE
"MNIST","Rtsne_neighbors","t-SNE","cpu","embedding_from_precomputed_knn",4,4,70000,784,,30,"standard_R_double",,3,3,"success",54.054,53.925,54.0885,0.163499999999999,0.172362989066678,53.796,54.123,,,,,,,,,,,,,,,,,,,,,,,,,,,,,54.054,53.925,54.0885,0.163499999999999,0.172362989066678,53.796,54.123,1.20716857910156,1.20063018798828,1.23381805419922,0.0331878662109375,0.0351603900714608,1.194091796875,1.26046752929688,,,,,,,,,,,,,,,0.905623320239818,0.905050799866498,0.907784358316409,0.00273355844991141,0.00288330908800121,0.904478279493177,0.909945396393,0.440802987861811,0.44047619047619,0.444864612511671,0.00438842203548051,0.00488956980310059,0.44014939309057,0.448926237161531,0.451120448179272,0.447222222222223,0.453688141923436,0.00646591970121346,0.00651139177946744,0.443323996265173,0.4562558356676,0.442072829131653,0.441106442577031,0.444551820728292,0.0034453781512605,0.0035543337785809,0.440140056022409,0.44703081232493,0.198520301612292,0.198455734833279,0.200540355287601,0.00208462045432201,0.00237071412007144,0.198391168054266,0.20256040896291,0.928571428571429,0.920168067226891,0.929271708683474,0.00910364145658249,0.01013190215416,0.911764705882353,0.929971988795518,2.13850368368174,2.13850368368174,2.13850368368174,0,0,2.13850368368174,2.13850368368174,,,,,,,,,,,,,,,,,,,,,,,,,,,,,,,,,,,,,,,,,,,,,,,,,,,,,,,,,,,,,,,,,,,,,,,,,,,,,,"standard","cpu4","/Users/stefano/Documents/fastEmbedR-results/fastEmbedR-results/MNIST/standard/cpu4/20260727_073247_1118062","/Users/stefano/Documents/fastEmbedR-results/fastEmbedR-results/MNIST/standard/cpu4/20260727_073247_1118062/benchmark_summary_median_variability.csv",TRUE
"MNIST","fastEmbedR_umap_cpu_binary_full","UMAP","cpu","full_pipeline",4,4,70000,784,30,,"float32",,3,3,"success",61.463,61.3465,61.5405,0.194000000000003,0.195302329735211,61.23,61.618,0.0189999999999999,0.0189999999999999,0.019,1.00613961606655e-16,1.16187629306821e-16,0.0189999999999999,0.0190000000000001,20.405,20.3175,20.661,0.343499999999999,0.357010270627238,20.23,20.917,,,,,,,,,,,,,,,40.581,40.4405,40.865,0.424500000000002,0.432509344793074,40.3,41.149,0.789577484130859,0.789533615112305,0.789585113525391,5.14984130859375e-05,5.55864791727559e-05,0.78948974609375,0.789592742919922,,,,,,,,,,,,,,,0.927869594533424,0.926967506732554,0.930747870783625,0.00378036405107141,0.00394878790952226,0.926065418931683,0.933626147033826,0.470121381886088,0.468767507002801,0.473482726423903,0.00471521942110198,0.0048555746992937,0.467413632119514,0.476844070961718,0.497385620915033,0.493627450980393,0.498926237161532,0.00529878618113899,0.00545126741654578,0.489869281045752,0.50046685340803,0.48249299719888,0.479579831932774,0.484705882352942,0.005126050420168,0.00514197014660203,0.476666666666667,0.486918767507003,0.50355809628166,0.483024644027998,0.504822881671288,0.0217982376432895,0.0244729171110782,0.462491191774336,0.506087667060915,0.945378151260504,0.938375350140056,0.949579831932773,0.0112044817927169,0.011320593513522,0.931372549019608,0.953781512605042,,,,,,,,,,,,,,,,,,,,,,,,,,,,,,,,,,,,,,,,,,,,,,,,,,,,,,,,,,,,,,,,,,,,,,,,,,,,,,,,,,,,,"standard","cpu4","/Users/stefano/Documents/fastEmbedR-results/fastEmbedR-results/MNIST/standard/cpu4/20260727_073247_1118062","/Users/stefano/Documents/fastEmbedR-results/fastEmbedR-results/MNIST/standard/cpu4/20260727_073247_1118062/benchmark_summary_median_variability.csv",TRUE
"MNIST","fastEmbedR_umap_cpu_binary_knn","UMAP","cpu","embedding_from_precomputed_knn",4,4,70000,784,30,,"float32",,3,3,"success",40.291,40.2365,40.358,0.121499999999997,0.121714145986951,40.182,40.425,,,,,,,,,,,,,,,,,,,,,,,,,,,,,40.291,40.2365,40.358,0.121499999999997,0.121714145986951,40.182,40.425,0.806884765625,0.806880950927734,0.806970596313477,8.96453857421875e-05,0.000101382951178373,0.806877136230469,0.807056427001953,,,,,,,,,,,,,,,0.927313694411677,0.927106752010983,0.930480325270485,0.00337357325950149,0.00378165507772995,0.926899809610289,0.933646956129292,0.4703081232493,0.469094304388422,0.473809523809524,0.00471521942110198,0.00489669659391562,0.467880485527544,0.477310924369748,0.497058823529412,0.49327731092437,0.49859943977591,0.00532212885154049,0.0054771276848038,0.489495798319328,0.500140056022409,0.482324929971989,0.478879551820728,0.484887955182073,0.00600840336134451,0.00602996073980173,0.475434173669468,0.487450980392157,0.504330995001035,0.488423127816884,0.507419020853062,0.018995893036178,0.0203869254548643,0.472515260632733,0.510507046705089,0.943977591036415,0.939075630252101,0.950280112044818,0.0112044817927169,0.0112336222367095,0.934173669467787,0.956582633053221,,,,,,,,,,,,,,,,,,,,,,,,,,,,,,,,,,,,,,,,,,,,,,,,,,,,,,,,,,,,,,,,,,,,,,,,,,,,,,,,,,,,,"standard","cpu4","/Users/stefano/Documents/fastEmbedR-results/fastEmbedR-results/MNIST/standard/cpu4/20260727_073247_1118062","/Users/stefano/Documents/fastEmbedR-results/fastEmbedR-results/MNIST/standard/cpu4/20260727_073247_1118062/benchmark_summary_median_variability.csv",TRUE
"MNIST","fastEmbedR_umap_cpu_fuzzy_full","UMAP","cpu","full_pipeline",4,4,70000,784,30,,"float32",,3,3,"success",29.294,29.293,29.379,0.0859999999999985,0.0987319603775785,29.292,29.464,0.018,0.018,0.0185000000000001,0.000500000000000052,0.000577350269189684,0.018,0.0190000000000001,20.58,20.5235,20.639,0.115500000000001,0.115509018406934,20.467,20.698,,,,,,,,,,,,,,,8.525,8.4965,8.554,0.0574999999999992,0.0575007246331152,8.468,8.583,0.793121337890625,0.793045043945312,0.793235778808594,0.00019073486328125,0.000192002218507659,0.79296875,0.793350219726562,,,,,,,,,,,,,,,0.925359531173782,0.924716205826277,0.927898713754677,0.00318250792840047,0.00336547890561362,0.924072880478771,0.930437896335572,0.471802054154995,0.465126050420168,0.472222222222222,0.00709617180205402,0.00796246282320604,0.458450046685341,0.472642390289449,0.490756302521008,0.486321195144724,0.494584500466853,0.00826330532212849,0.00827073119695605,0.481886087768441,0.498412698412698,0.475406162464986,0.466106442577031,0.47766106442577,0.0115546218487395,0.0122495893513359,0.456806722689076,0.479915966386555,0.536702655301948,0.486052841203725,0.549121488380649,0.0630686471769235,0.0668195846537445,0.435403027105503,0.56154032145935,0.957983193277311,0.955182072829131,0.961484593837535,0.00630252100840345,0.0063154758442899,0.952380952380952,0.964985994397759,,,,,,,,,,,,,,,,,,,,,,,,,,,,,,,,,,,,,,,,,,,,,,,,,,,,,,,,,,,,,,,,,,,,,,,,,,,,,,,,,,,,,"standard","cpu4","/Users/stefano/Documents/fastEmbedR-results/fastEmbedR-results/MNIST/standard/cpu4/20260727_073247_1118062","/Users/stefano/Documents/fastEmbedR-results/fastEmbedR-results/MNIST/standard/cpu4/20260727_073247_1118062/benchmark_summary_median_variability.csv",TRUE
"MNIST","fastEmbedR_umap_cpu_fuzzy_knn","UMAP","cpu","embedding_from_precomputed_knn",4,4,70000,784,30,,"float32",,3,3,"success",8.716,8.7075,8.722,0.0145,0.0145716619962629,8.699,8.728,,,,,,,,,,,,,,,,,,,,,,,,,,,,,8.716,8.7075,8.722,0.0145,0.0145716619962629,8.699,8.728,0.810428619384766,0.810417175292969,0.81043815612793,2.09808349609375e-05,2.10097143069691e-05,0.810405731201172,0.810447692871094,,,,,,,,,,,,,,,0.925311697279008,0.924697018218768,0.927440981216413,0.00274396299764457,0.00287993210170312,0.924082339158529,0.929570265153818,0.468160597572362,0.462605042016807,0.469047619047619,0.00644257703081247,0.00698368591439523,0.457049486461251,0.469934640522876,0.490102707749767,0.485177404295052,0.49327731092437,0.00809990662931848,0.00816272858142054,0.480252100840336,0.496451914098973,0.47515406162465,0.466036414565827,0.476456582633054,0.010420168067227,0.011355114894938,0.456918767507003,0.477759103641457,0.535917517749203,0.494525215237916,0.544461459243572,0.049936244005656,0.0534162903294336,0.453132912726629,0.553005400737941,0.96078431372549,0.957282913165266,0.96078431372549,0.00350140056022397,0.00404306911197209,0.953781512605042,0.96078431372549,,,,,,,,,,,,,,,,,,,,,,,,,,,,,,,,,,,,,,,,,,,,,,,,,,,,,,,,,,,,,,,,,,,,,,,,,,,,,,,,,,,,,"standard","cpu4","/Users/stefano/Documents/fastEmbedR-results/fastEmbedR-results/MNIST/standard/cpu4/20260727_073247_1118062","/Users/stefano/Documents/fastEmbedR-results/fastEmbedR-results/MNIST/standard/cpu4/20260727_073247_1118062/benchmark_summary_median_variability.csv",TRUE
"MNIST","umap_package","UMAP","cpu","full_pipeline",4,4,70000,784,30,,"standard_R_double",,3,3,"success",938.783,922.178,942.2865,20.1084999999999,21.4841384824557,905.573,945.79,,,,,,,,,,,,,,,,,,,,,,,,,,,,,,,,,,,,7.45376586914062,7.28114128112793,8.08094787597656,0.799806594848633,0.841762875259881,7.10851669311523,8.7081298828125,,,,,,,,,,,,,,,0.927126682800472,0.925843545329371,0.928841541440503,0.0029979961111315,0.00300833980875285,0.924560407858271,0.930556400080534,0.477684407096172,0.474183006535948,0.478571428571429,0.00438842203548051,0.00464075144362017,0.470681605975724,0.479458450046685,0.497525676937442,0.494817927170868,0.501680672268908,0.00686274509803908,0.00691342487645293,0.492110177404295,0.505835667600373,0.480896358543417,0.475560224089635,0.482759103641456,0.00719887955182097,0.00747297428563891,0.470224089635854,0.484621848739496,0.505385828419915,0.503438338627479,0.517943856727645,0.014505518100166,0.0157460438803663,0.501490848835043,0.530501885035375,0.963585434173669,0.956582633053221,0.963585434173669,0.00700280112044804,0.00808613822394418,0.949579831932773,0.963585434173669,,,,,,,,,,,,,,,,,,,,,,,,,,,,,,,,,,,,,,,,,,,,,,,,,,,,,,,,,,,,,,,,,,,,,,,,,,,,,,,,,,,,,"standard","cpu4","/Users/stefano/Documents/fastEmbedR-results/fastEmbedR-results/MNIST/standard/cpu4/20260727_073247_1118062","/Users/stefano/Documents/fastEmbedR-results/fastEmbedR-results/MNIST/standard/cpu4/20260727_073247_1118062/benchmark_summary_median_variability.csv",TRUE
"MNIST","umap_package_knn","UMAP","cpu","embedding_from_precomputed_knn",4,4,70000,784,30,,"standard_R_double",,3,3,"success",214.971,213.3235,223.8085,10.485,11.2768461164163,211.676,232.646,,,,,,,,,,,,,,,,,,,,,,,,,,,,,214.971,213.3235,223.8085,10.485,11.2768461164163,211.676,232.646,3.5545654296875,3.55443382263184,3.55457496643066,0.000141143798828125,0.000157761293348263,3.55430221557617,3.55458450317383,,,,,,,,,,,,,,,0.928336042569464,0.926911632959986,0.929459193228666,0.00254756026868042,0.00255349087347752,0.925487223350508,0.930582343887869,0.476844070961718,0.474323062558356,0.478104575163398,0.003781512605042,0.00385090394534106,0.471802054154995,0.479365079365079,0.496685340802988,0.494701213818861,0.50329131652661,0.0085901027077494,0.00899501860957555,0.492717086834734,0.509897292250233,0.482212885154062,0.477422969187676,0.484719887955183,0.00729691876750699,0.00741500197839785,0.472633053221289,0.487226890756303,0.511417908309919,0.5043835091039,0.523121506292366,0.0187379971884656,0.0189309185647766,0.497349109897881,0.534825104274812,0.96078431372549,0.954481792717087,0.961484593837535,0.00700280112044838,0.00771368423989678,0.948179271708683,0.96218487394958,,,,,,,,,,,,,,,,,,,,,,,,,,,,,,,,,,,,,,,,,,,,,,,,,,,,,,,,,,,,,,,,,,,,,,,,,,,,,,,,,,,,,"standard","cpu4","/Users/stefano/Documents/fastEmbedR-results/fastEmbedR-results/MNIST/standard/cpu4/20260727_073247_1118062","/Users/stefano/Documents/fastEmbedR-results/fastEmbedR-results/MNIST/standard/cpu4/20260727_073247_1118062/benchmark_summary_median_variability.csv",TRUE
"MNIST","uwot_default","UMAP","cpu","full_pipeline",4,4,70000,784,30,,"standard_R_double",,3,3,"success",68.042,67.8455,68.103,0.257500000000007,0.269121410024051,67.649,68.164,,,,,,,,,,,,,,,,,,,,,,,,,,,,,,,,,,,,1.61745071411133,1.61734580993652,1.61746788024902,0.0001220703125,0.000132163341787538,1.61724090576172,1.61748504638672,,,,,,,,,,,,,,,0.928699255872151,0.926980748884213,0.929589250075332,0.00260850119111811,0.00265199728674432,0.925262241896276,0.930479244278512,0.472082166199813,0.470448179271709,0.473716153127917,0.00326797385620897,0.003267973856209,0.468814192343604,0.475350140056022,0.490522875816993,0.488795518207283,0.495121381886088,0.006325863678805,0.00653944817560565,0.487068160597572,0.499719887955182,0.475966386554622,0.471358543417367,0.478319327731092,0.00696078431372549,0.00708148142785981,0.466750700280112,0.480672268907563,0.539390589356677,0.518607906049613,0.539659707647783,0.0210518015981696,0.0241546503545383,0.49782522274255,0.539928825938889,0.96218487394958,0.955882352941176,0.962885154061625,0.00700280112044815,0.00771368423989648,0.949579831932773,0.963585434173669,,,,,,,,,,,,,,,,,,,,,,,,,,,,,,,,,,,,,,,,,,,,,,,,,,,,,,,,,,,,,,,,,,,,,,,,,,,,,,,,,,,,,"standard","cpu4","/Users/stefano/Documents/fastEmbedR-results/fastEmbedR-results/MNIST/standard/cpu4/20260727_073247_1118062","/Users/stefano/Documents/fastEmbedR-results/fastEmbedR-results/MNIST/standard/cpu4/20260727_073247_1118062/benchmark_summary_median_variability.csv",TRUE
"MNIST","uwot_fast_sgd","UMAP","cpu","full_pipeline",4,4,70000,784,30,,"standard_R_double",,3,3,"success",48.807,48.7955,49.1445,0.348999999999997,0.396517759165126,48.784,49.482,,,,,,,,,,,,,,,,,,,,,,,,,,,,,,,,,,,,1.60727691650391,1.60723686218262,1.60729598999023,5.91278076171875e-05,6.03558567622163e-05,1.60719680786133,1.60731506347656,,,,,,,,,,,,,,,0.928754791834727,0.927407875837262,0.929499797989625,0.00209192215236309,0.00212059035280435,0.926060959839797,0.930244804144523,0.469467787114846,0.467226890756303,0.472595704948646,0.00536881419234347,0.00539318411186111,0.464985994397759,0.475723622782446,0.491269841269841,0.489005602240896,0.49593837535014,0.00693277310924395,0.00707037631357611,0.486741363211951,0.500606909430439,0.478487394957983,0.472731092436975,0.479985994397759,0.00725490196078449,0.00766004444960385,0.466974789915966,0.481484593837535,0.521006575643528,0.514304777166045,0.543307124877186,0.0290023477111411,0.0303684570095741,0.507602978688562,0.565607674110844,0.959383753501401,0.955182072829132,0.96218487394958,0.00700280112044793,0.0070493318723348,0.950980392156863,0.964985994397759,,,,,,,,,,,,,,,,,,,,,,,,,,,,,,,,,,,,,,,,,,,,,,,,,,,,,,,,,,,,,,,,,,,,,,,,,,,,,,,,,,,,,"standard","cpu4","/Users/stefano/Documents/fastEmbedR-results/fastEmbedR-results/MNIST/standard/cpu4/20260727_073247_1118062","/Users/stefano/Documents/fastEmbedR-results/fastEmbedR-results/MNIST/standard/cpu4/20260727_073247_1118062/benchmark_summary_median_variability.csv",TRUE
"MNIST","uwot_knn","UMAP","cpu","embedding_from_precomputed_knn",4,4,70000,784,30,,"standard_R_double",,3,3,"success",12.588,12.5875,12.61,0.0225000000000009,0.0256969518296108,12.587,12.632,,,,,,,,,,,,,,,,,,,,,,,,,,,,,12.588,12.5875,12.61,0.0225000000000009,0.0256969518296108,12.587,12.632,1.46511459350586,1.46506118774414,1.46534729003906,0.000286102294921875,0.000304252499424493,1.46500778198242,1.46557998657227,,,,,,,,,,,,,,,0.925523166333586,0.923864654400111,0.927884390611044,0.00401973621093343,0.00404015850575425,0.922206142466635,0.930245614888502,0.471615312791783,0.467320261437909,0.473856209150327,0.006535947712418,0.00664267491911778,0.463025210084034,0.47609710550887,0.490709617180205,0.488422035480859,0.495354808590103,0.00693277310924351,0.00706513393362165,0.486134453781513,0.5,0.475098039215686,0.470798319327731,0.476862745098039,0.00606442577030802,0.00623853817757882,0.466498599439776,0.478627450980392,0.545957016367366,0.539284900573894,0.558969940133561,0.0196850395596675,0.0200225555573705,0.532612784780421,0.571982863899756,0.956582633053221,0.951680672268908,0.958683473389355,0.00700280112044793,0.0071871168619702,0.946778711484594,0.96078431372549,,,,,,,,,,,,,,,,,,,,,,,,,,,,,,,,,,,,,,,,,,,,,,,,,,,,,,,,,,,,,,,,,,,,,,,,,,,,,,,,,,,,,"standard","cpu4","/Users/stefano/Documents/fastEmbedR-results/fastEmbedR-results/MNIST/standard/cpu4/20260727_073247_1118062","/Users/stefano/Documents/fastEmbedR-results/fastEmbedR-results/MNIST/standard/cpu4/20260727_073247_1118062/benchmark_summary_median_variability.csv",TRUE
"MNIST","fastEmbedR_pca_cuda","PCA","cuda","pca_only",1,,70000,784,,,"float32",,3,3,"success",2.794,2.78,2.7945,0.0145,0.0164620776331543,2.766,2.795,,,,,,,,,,,,,,,2.794,2.78,2.7945,0.0145,0.0164620776331543,2.766,2.795,,,,,,,,,,,,,,,1.87445068359375,1.81710052490234,1.87629890441895,0.0591983795166016,0.0673147074545613,1.75975036621094,1.87814712524414,437,437,549,112,129.326460298476,437,661,437,437,549,112,129.326460298476,437,661,,,,,,,,,,,,,,,,,,,,,,,,,,,,,,,,,,,,,,,,,,,,,,,,,,,,,,,,,,,,,,,,,,,,,,,,,,,,,,,,,,,,,,,,,,,,,,,,,,,,,,,,,,,,,,,,,,,,,,,,,,,,,,,"standard","cuda","/Users/stefano/Documents/fastEmbedR-results/fastEmbedR-results/MNIST/standard/cuda/20260727_091326_1118073","/Users/stefano/Documents/fastEmbedR-results/fastEmbedR-results/MNIST/standard/cuda/20260727_091326_1118073/benchmark_summary_median_variability.csv",TRUE
"MNIST","fastEmbedR_tsne_cuda_full","t-SNE","cuda","full_pipeline",1,,70000,784,,30,"float32",,3,3,"success",1.911,1.899,1.9465,0.0474999999999999,0.0493997300937296,1.887,1.982,0.052,0.0484999999999999,0.0570000000000001,0.0085000000000001,0.00854400374531763,0.0449999999999999,0.0620000000000001,0.626,0.6135,0.6275,0.014,0.015373136743467,0.601,0.629,,,,,,,,,,,,,,,0.957,0.954,0.9925,0.0385,0.0428291178210962,0.951,1.028,1.45043182373047,1.45040512084961,1.45048904418945,8.392333984375e-05,8.57529464726123e-05,1.45037841796875,1.45054626464844,2807,2807,2807,0,0,2807,2807,2807,2807,2807,0,0,2807,2807,0.925154683195034,0.924629456220501,0.926887107954614,0.00225765173411341,0.0023627879401151,0.924104229245968,0.928619532714195,0.457983193277311,0.454108309990663,0.45812324929972,0.00401493930905705,0.00455734380459848,0.450233426704015,0.458263305322129,0.475116713352007,0.470658263305322,0.477497665732959,0.00683940242763748,0.00694378074857027,0.466199813258637,0.479878618113912,0.466386554621849,0.462605042016807,0.469411764705883,0.00680672268907551,0.0068207139118328,0.458823529411765,0.472436974789916,0.377748560880446,0.374534891294183,0.390131298328407,0.015596407034224,0.0164703323441878,0.37132122170792,0.402514035776368,0.96078431372549,0.954481792717087,0.961484593837535,0.00700280112044838,0.00771368423989678,0.948179271708683,0.96218487394958,2.20381906268046,2.20356602385023,2.20637274480502,0.00280672095479018,0.00310515738312444,2.20331298502,2.20892642692958,,,,,,,,,,,,,,,,,,,,,,,,,,,,,,,,,,,,,,,,,,,,,,,,,,,,,,,,,,,,,,,,,,,,,,,,,,,,,,"standard","cuda","/Users/stefano/Documents/fastEmbedR-results/fastEmbedR-results/MNIST/standard/cuda/20260727_091326_1118073","/Users/stefano/Documents/fastEmbedR-results/fastEmbedR-results/MNIST/standard/cuda/20260727_091326_1118073/benchmark_summary_median_variability.csv",TRUE
"MNIST","fastEmbedR_tsne_cuda_knn","t-SNE","cuda","embedding_from_precomputed_knn",1,,70000,784,,30,"float32",,3,3,"success",0.609,0.6085,0.617,0.00849999999999995,0.00953939201416946,0.608,0.625,,,,,,,,,,,,,,,,,,,,,,,,,,,,,0.609,0.6085,0.617,0.00849999999999995,0.00953939201416946,0.608,0.625,0.854621887207031,0.8544921875,0.854694366455078,0.000202178955078125,0.00020486025363308,0.854362487792969,0.854766845703125,553,553,553,0,0,553,553,553,553,553,0,0,553,553,0.924695531854807,0.924153481942705,0.925887663314241,0.00173418137153547,0.00177433190302931,0.923611432030603,0.927079794773674,0.455929038281979,0.453267973856209,0.456535947712418,0.00326797385620903,0.0034765170367021,0.450606909430439,0.457142857142857,0.476377217553688,0.471055088702148,0.476867413632119,0.00581232492997197,0.00644714245741392,0.465732959850607,0.477357609710551,0.464201680672269,0.460196078431373,0.4656162464986,0.005420168067227,0.00562281469647155,0.456190476190476,0.46703081232493,0.375931098162486,0.374233045291561,0.384631462321611,0.0103984170300495,0.0111566660726421,0.372534992420637,0.393331826480736,0.953781512605042,0.949579831932773,0.957282913165266,0.00770308123249308,0.00771368423989653,0.945378151260504,0.96078431372549,2.21341276271841,2.21179239747272,2.21383531754902,0.00204292007629991,0.00215679678419352,2.21017203222703,2.21425787237963,,,,,,,,,,,,,,,,,,,,,,,,,,,,,,,,,,,,,,,,,,,,,,,,,,,,,,,,,,,,,,,,,,,,,,,,,,,,,,"standard","cuda","/Users/stefano/Documents/fastEmbedR-results/fastEmbedR-results/MNIST/standard/cuda/20260727_091326_1118073","/Users/stefano/Documents/fastEmbedR-results/fastEmbedR-results/MNIST/standard/cuda/20260727_091326_1118073/benchmark_summary_median_variability.csv",TRUE
"MNIST","rapids_cuml_tsne_full","t-SNE","cuda","full_pipeline",1,,70000,784,,30,"standard_R_double",,3,3,"success",4.666,4.6405,5.7675,1.127,1.28687774607122,4.615,6.869,,,,,,,,,,,,,,,,,,,,,,,,,,,,,,,,,,,,2.57844543457031,2.57663154602051,2.57854270935059,0.00191116333007812,0.00215285846077954,2.5748176574707,2.57863998413086,1243,1243,1243,0,0,1243,1243,1243,1243,1243,0,0,1243,1243,0.918518068105197,0.917030217779345,0.920128948829894,0.00309873105054859,0.0030995450660777,0.915542367453494,0.921739829554591,0.451447245564893,0.449439775910365,0.451587301587302,0.00214752567693743,0.00240297269180927,0.447432306255836,0.451727357609711,0.469654528478058,0.46781045751634,0.470401493930905,0.00259103641456548,0.00266733634939472,0.465966386554622,0.471148459383753,0.456442577030812,0.452703081232493,0.458767507002801,0.00606442577030802,0.00611917141035039,0.448963585434174,0.46109243697479,0.386670737444658,0.366726203687403,0.390598986526345,0.0238727828389415,0.0256011110190854,0.346781669930149,0.394527235608032,0.953781512605042,0.939775910364145,0.954481792717087,0.0147058823529416,0.0165913684817154,0.925770308123249,0.955182072829132,2.19551794473527,2.17740184090394,2.19921965190392,0.0218178109999849,0.0233511274648722,2.15928573707261,2.20292135907258,,,,,,,,,,,,,,,,,,,,,,,,,,,,,,,,,,,,,,,,,,,,,,,,,,,,,,,,,,,,,,,,,,,,,,,,,,,,,,"standard","cuda","/Users/stefano/Documents/fastEmbedR-results/fastEmbedR-results/MNIST/standard/cuda/20260727_091326_1118073","/Users/stefano/Documents/fastEmbedR-results/fastEmbedR-results/MNIST/standard/cuda/20260727_091326_1118073/benchmark_summary_median_variability.csv",TRUE
"MNIST","fastEmbedR_umap_cuda_binary_full","UMAP","cuda","full_pipeline",1,,70000,784,30,,"float32",,3,3,"success",1.059,1.0555,1.0625,0.00700000000000012,0.00700000000000001,1.052,1.066,0.0459999999999998,0.0449999999999999,0.0459999999999998,0.000999999999999897,0.00115470053837914,0.044,0.0459999999999998,0.622,0.616,0.627,0.011,0.0110151410945722,0.61,0.632,,,,,,,,,,,,,,,0.132,0.132,0.132,0,0,0.132,0.132,1.11877822875977,1.11853790283203,1.1229190826416,0.00438117980957031,0.00492606428067707,1.1182975769043,1.12705993652344,2807,2807,2807,0,0,2807,2807,2807,2807,2807,0,0,2807,2807,0.92611663092637,0.925066109415305,0.929357107049284,0.004290997633979,0.00447339853230177,0.92401558790424,0.932597583172198,0.469747899159664,0.468767507002801,0.471848739495798,0.00308123249299747,0.00314840621850397,0.467787114845938,0.473949579831933,0.499393090569561,0.494584500466854,0.501237161531279,0.00665266106442541,0.00686930543436188,0.489775910364146,0.503081232492997,0.48453781512605,0.4803081232493,0.488165266106443,0.00785714285714301,0.00786483260533677,0.476078431372549,0.491792717086835,0.494579018363537,0.488881081348788,0.49995120020146,0.011070118852671,0.0110717163781113,0.48318314433404,0.505323382039382,0.948179271708683,0.945378151260504,0.951680672268908,0.00630252100840356,0.00631547584428994,0.942577030812325,0.955182072829132,,,,,,,,,,,,,,,,,,,,,,,,,,,,,,,,,,,,,,,,,,,,,,,,,,,,,,,,,,,,,,,,,,,,,,,,,,,,,,,,,,,,,"standard","cuda","/Users/stefano/Documents/fastEmbedR-results/fastEmbedR-results/MNIST/standard/cuda/20260727_091326_1118073","/Users/stefano/Documents/fastEmbedR-results/fastEmbedR-results/MNIST/standard/cuda/20260727_091326_1118073/benchmark_summary_median_variability.csv",TRUE
"MNIST","fastEmbedR_umap_cuda_binary_knn","UMAP","cuda","embedding_from_precomputed_knn",1,,70000,784,30,,"float32",,3,3,"success",1.868,1.8665,1.8985,0.032,0.0361155552820849,1.865,1.929,,,,,,,,,,,,,,,,,,,,,,,,,,,,,1.868,1.8665,1.8985,0.032,0.0361155552820849,1.865,1.929,0.834796905517578,0.833713531494141,0.837665557861328,0.0039520263671875,0.00408422803402771,0.832630157470703,0.840534210205078,487,487,487,0,0,487,487,487,487,487,0,0,487,487,0.925427228296046,0.924313266068608,0.926694894069543,0.002381628000935,0.00238328069297933,0.92319930384117,0.92796255984304,0.466386554621849,0.461531279178338,0.467040149393091,0.00550887021475249,0.00601933201168496,0.456676003734827,0.467693744164332,0.491596638655462,0.488842203548086,0.49640522875817,0.00756302521008401,0.00765544694384215,0.48608776844071,0.501213818860878,0.477535014005602,0.473305322128851,0.480700280112044,0.00739495798319301,0.0074204495133396,0.469075630252101,0.483865546218487,0.501556920718994,0.497580406626975,0.504374762899444,0.00679435627246905,0.00682720909475159,0.493603892534956,0.507192605079894,0.949579831932773,0.942577030812325,0.951680672268908,0.0091036414565826,0.00953341636632202,0.935574229691877,0.953781512605042,,,,,,,,,,,,,,,,,,,,,,,,,,,,,,,,,,,,,,,,,,,,,,,,,,,,,,,,,,,,,,,,,,,,,,,,,,,,,,,,,,,,,"standard","cuda","/Users/stefano/Documents/fastEmbedR-results/fastEmbedR-results/MNIST/standard/cuda/20260727_091326_1118073","/Users/stefano/Documents/fastEmbedR-results/fastEmbedR-results/MNIST/standard/cuda/20260727_091326_1118073/benchmark_summary_median_variability.csv",TRUE
"MNIST","fastEmbedR_umap_cuda_fuzzy_full","UMAP","cuda","full_pipeline",1,,70000,784,30,,"float32",,3,3,"success",0.973,0.96,0.9855,0.0255000000000001,0.0255016339345802,0.947,0.998,0.046,0.045,0.0524999999999999,0.00749999999999995,0.00814452781524702,0.044,0.0589999999999999,0.625,0.6035,0.6325,0.0290000000000001,0.0301053705064949,0.582,0.64,,,,,,,,,,,,,,,0.0539999999999998,0.0539999999999998,0.0624999999999998,0.00849999999999995,0.00981495457622358,0.0539999999999998,0.0709999999999997,1.12820053100586,1.1231803894043,1.12870979309082,0.00552940368652344,0.00611203592373039,1.11816024780273,1.12921905517578,2807,2807,2807,0,0,2807,2807,2807,2807,2807,0,0,2807,2807,0.924496359083913,0.92437440967704,0.926068526783603,0.00169411710656298,0.00188972938177833,0.924252460270167,0.927640694483293,0.466760037348273,0.465873015873016,0.468160597572363,0.00228758169934651,0.00230671571287749,0.464985994397759,0.469561157796452,0.484453781512605,0.483986928104575,0.491666666666666,0.00767973856209148,0.00861092518189714,0.483520074696545,0.498879551820728,0.467282913165266,0.463053221288516,0.475070028011204,0.012016806722689,0.0121910648921399,0.458823529411765,0.482857142857143,0.528186933176626,0.462885476005726,0.53954700671108,0.076661530705354,0.0827458835610128,0.397584018834826,0.550907080245534,0.964985994397759,0.960084033613446,0.967086834733893,0.00700280112044793,0.0071871168619702,0.955182072829132,0.969187675070028,,,,,,,,,,,,,,,,,,,,,,,,,,,,,,,,,,,,,,,,,,,,,,,,,,,,,,,,,,,,,,,,,,,,,,,,,,,,,,,,,,,,,"standard","cuda","/Users/stefano/Documents/fastEmbedR-results/fastEmbedR-results/MNIST/standard/cuda/20260727_091326_1118073","/Users/stefano/Documents/fastEmbedR-results/fastEmbedR-results/MNIST/standard/cuda/20260727_091326_1118073/benchmark_summary_median_variability.csv",TRUE
"MNIST","fastEmbedR_umap_cuda_fuzzy_knn","UMAP","cuda","embedding_from_precomputed_knn",1,,70000,784,30,,"float32",,3,3,"success",2.639,2.601,2.6415,0.0404999999999998,0.0453908948285151,2.563,2.644,,,,,,,,,,,,,,,,,,,,,,,,,,,,,2.639,2.601,2.6415,0.0404999999999998,0.0453908948285151,2.563,2.644,0.851253509521484,0.85108757019043,0.851362228393555,0.000274658203125,0.00027663789000421,0.850921630859375,0.851470947265625,437,437,462,25,28.8675134594813,437,487,437,437,462,25,28.8675134594813,437,487,0.925487493598501,0.924507236565634,0.927089118329435,0.00258188176380048,0.00260668615569903,0.923526979532768,0.928690743060369,0.468067226890756,0.464659197012138,0.469701213818861,0.00504201680672256,0.00514499850431087,0.46125116713352,0.471335200746965,0.489869281045752,0.489729225023343,0.493837535014006,0.00410830999066297,0.00466510923240161,0.489589169000934,0.49780578898226,0.47593837535014,0.473655462184874,0.476974789915967,0.00331932773109256,0.00339644758130235,0.471372549019608,0.478011204481793,0.528197613981581,0.509561789916997,0.542691087411246,0.033129297494249,0.0332155090591226,0.490925965852413,0.557184560840911,0.959383753501401,0.955882352941177,0.961484593837535,0.00560224089635852,0.00566029675676109,0.952380952380952,0.963585434173669,,,,,,,,,,,,,,,,,,,,,,,,,,,,,,,,,,,,,,,,,,,,,,,,,,,,,,,,,,,,,,,,,,,,,,,,,,,,,,,,,,,,,"standard","cuda","/Users/stefano/Documents/fastEmbedR-results/fastEmbedR-results/MNIST/standard/cuda/20260727_091326_1118073","/Users/stefano/Documents/fastEmbedR-results/fastEmbedR-results/MNIST/standard/cuda/20260727_091326_1118073/benchmark_summary_median_variability.csv",TRUE
"MNIST","rapids_cuml_umap_full","UMAP","cuda","full_pipeline",1,,70000,784,30,,"standard_R_double",,3,3,"success",4.464,4.4265,4.472,0.0454999999999997,0.0485832618638698,4.389,4.48,,,,,,,,,,,,,,,,,,,,,,,,,,,,,,,,,,,,2.70853805541992,2.70812797546387,2.70858573913574,0.000457763671875,0.000503313610916514,2.70771789550781,2.70863342285156,853,853,853,0,0,853,853,853,853,853,0,0,853,853,0.9199180878333,0.919585344991831,0.923807834759567,0.00422248976773565,0.00469540688954526,0.919252602150363,0.927697581685834,0.460971055088702,0.457236227824463,0.463211951447245,0.00597572362278248,0.00603764987387849,0.453501400560224,0.465452847805789,0.490709617180205,0.487511671335201,0.495214752567694,0.00770308123249303,0.00773996395174933,0.484313725490196,0.499719887955182,0.479187675070028,0.473375350140056,0.483781512605042,0.0104061624649859,0.0104299147212033,0.467563025210084,0.488375350140056,0.44666331824755,0.440929114198778,0.452604652810752,0.011675538611974,0.0116761510308991,0.435194910150005,0.458545987373953,0.955182072829132,0.952380952380953,0.956582633053221,0.00420168067226889,0.00427878216149019,0.949579831932773,0.957983193277311,,,,,,,,,,,,,,,,,,,,,,,,,,,,,,,,,,,,,,,,,,,,,,,,,,,,,,,,,,,,,,,,,,,,,,,,,,,,,,,,,,,,,"standard","cuda","/Users/stefano/Documents/fastEmbedR-results/fastEmbedR-results/MNIST/standard/cuda/20260727_091326_1118073","/Users/stefano/Documents/fastEmbedR-results/fastEmbedR-results/MNIST/standard/cuda/20260727_091326_1118073/benchmark_summary_median_variability.csv",TRUE
"Macosko2015_retina","fastEmbedR_pca_cpu","PCA","cpu","pca_only",1,1,44808,50,,,"float32",,3,3,"success",0.9,0.8855,0.9595,0.0740000000000001,0.0784283112147647,0.871,1.019,,,,,,,,,,,,,,,0.9,0.8855,0.9595,0.0740000000000001,0.0784283112147647,0.871,1.019,,,,,,,,,,,,,,,0.538253784179688,0.538236618041992,0.538324356079102,8.7738037109375e-05,9.29983240927457e-05,0.538219451904297,0.538394927978516,,,,,,,,,,,,,,,,,,,,,,,,,,,,,,,,,,,,,,,,,,,,,,,,,,,,,,,,,,,,,,,,,,,,,,,,,,,,,,,,,,,,,,,,,,,,,,,,,,,,,,,,,,,,,,,,,,,,,,,,,,,,,,,,,,,,,,,,,,,,,"standard","cpu1","/Users/stefano/Documents/fastEmbedR-results/fastEmbedR-results/Macosko2015_retina/standard/cpu1/20260727_073247_1118048","/Users/stefano/Documents/fastEmbedR-results/fastEmbedR-results/Macosko2015_retina/standard/cpu1/20260727_073247_1118048/benchmark_summary_median_variability.csv",TRUE
"Macosko2015_retina","irlba_pca","PCA","cpu","pca_only",1,1,44808,50,,,"standard_R_double",,3,3,"success",0.596,0.574,0.597,0.0229999999999999,0.026,0.552,0.598,,,,,,,,,,,,,,,0.596,0.574,0.597,0.0229999999999999,0.026,0.552,0.598,,,,,,,,,,,,,,,0.222705841064453,0.216836929321289,0.222814559936523,0.00597763061523438,0.00684046843495291,0.210968017578125,0.222923278808594,,,,,,,,,,,,,,,,,,,,,,,,,,,,,,,,,,,,,,,,,,,,,,,,,,,,,,,,,,,,,,,,,,,,,,,,,,,,,,,,,,,,,,,,,,,,,,,,,,,,,,,,,,,,,,,,,,,,,,,,,,,,,,,,,,,,,,,,,,,,,"standard","cpu1","/Users/stefano/Documents/fastEmbedR-results/fastEmbedR-results/Macosko2015_retina/standard/cpu1/20260727_073247_1118048","/Users/stefano/Documents/fastEmbedR-results/fastEmbedR-results/Macosko2015_retina/standard/cpu1/20260727_073247_1118048/benchmark_summary_median_variability.csv",TRUE
"Macosko2015_retina","fastEmbedR_tsne_cpu_full","t-SNE","cpu","full_pipeline",1,1,44808,50,,30,"float32",,3,3,"success",27.09,26.8585,27.2325,0.374000000000002,0.37751335517215,26.627,27.375,0.002,0.002,0.002,0,0,0.002,0.002,7.963,7.9075,8.051,0.1435,0.14472157176224,7.852,8.139,,,,,,,,,,,,,,,17.875,17.846,18.149,0.303000000000001,0.334390988714308,17.817,18.423,0.584453582763672,0.584346771240234,0.585136413574219,0.000789642333984375,0.000856816445917262,0.584239959716797,0.585819244384766,,,,,,,,,,,,,,,0.92644833923453,0.923980888551677,0.927795203169785,0.00381431461810799,0.00386879407036297,0.921513437868825,0.929142067105041,0.3878,0.383866666666666,0.38875,0.00488333333333352,0.0051781950237226,0.379933333333333,0.3897,0.420983333333333,0.419266666666666,0.424675,0.00540833333333357,0.00552723057034718,0.41755,0.428366666666667,0.45394,0.4507,0.4562,0.0055,0.00552902643630261,0.44746,0.45846,-0.00468253321437287,-0.0214748827878841,0.0295070996535431,0.0509819824414272,0.0519620151873775,-0.0382672323613954,0.063696732521459,0.9685,0.9655,0.972,0.00649999999999995,0.00650640709864772,0.9625,0.9755,1.97046545437,1.96921333600623,1.99114296588535,0.0219296298791201,0.0246310907797377,1.96796121764246,2.0118204774007,,,,,,,,,,,,,,,,,,,,,,,,,,,,,,,,,,,,,,,,,,,,,,,,,,,,,,,,,,,,,,,,,,,,,,,,,,,,,,"standard","cpu1","/Users/stefano/Documents/fastEmbedR-results/fastEmbedR-results/Macosko2015_retina/standard/cpu1/20260727_073247_1118048","/Users/stefano/Documents/fastEmbedR-results/fastEmbedR-results/Macosko2015_retina/standard/cpu1/20260727_073247_1118048/benchmark_summary_median_variability.csv",TRUE
"Macosko2015_retina","fastEmbedR_tsne_cpu_knn","t-SNE","cpu","embedding_from_precomputed_knn",1,1,44808,50,,30,"float32",,3,3,"success",17.985,17.8945,18.0055,0.110999999999997,0.118128461148588,17.804,18.026,,,,,,,,,,,,,,,,,,,,,,,,,,,,,17.985,17.8945,18.0055,0.110999999999997,0.118128461148588,17.804,18.026,0.479019165039062,0.478981018066406,0.506555557250977,0.0275745391845703,0.0318183339442455,0.47894287109375,0.534091949462891,,,,,,,,,,,,,,,0.924328426909459,0.92195182094082,0.926046552014838,0.00409473107401803,0.00411234178025399,0.91957521497218,0.927764677120216,0.389033333333333,0.383183333333333,0.390183333333333,0.00700000000000001,0.00750755175362335,0.377333333333333,0.391333333333333,0.418383333333333,0.4177,0.422575,0.00487500000000007,0.00527905540091479,0.417016666666667,0.426766666666667,0.4512,0.44714,0.454425,0.00728499999999999,0.00730093373023845,0.44308,0.45765,-0.0697727061834645,-0.076119215847868,-0.0631985937349739,0.0129206221128942,0.0129212903171466,-0.0824657255122716,-0.0566244812864832,0.97,0.96475,0.97275,0.00800000000000001,0.00812916559883813,0.9595,0.9755,2.01699680387061,2.01699680387061,2.01699680387061,0,0,2.01699680387061,2.01699680387061,,,,,,,,,,,,,,,,,,,,,,,,,,,,,,,,,,,,,,,,,,,,,,,,,,,,,,,,,,,,,,,,,,,,,,,,,,,,,,"standard","cpu1","/Users/stefano/Documents/fastEmbedR-results/fastEmbedR-results/Macosko2015_retina/standard/cpu1/20260727_073247_1118048","/Users/stefano/Documents/fastEmbedR-results/fastEmbedR-results/Macosko2015_retina/standard/cpu1/20260727_073247_1118048/benchmark_summary_median_variability.csv",TRUE
"Macosko2015_retina","KlugerLab_FItSNE","t-SNE","cpu","full_pipeline",1,1,44808,50,,30,"standard_R_double",,3,3,"success",40.871,40.3695,41.068,0.698499999999996,0.720283971777798,39.868,41.265,,,,,,,,,,,,,,,,,,,,,,,,,,,,,,,,,,,,0.578548431396484,0.578470230102539,0.598049163818359,0.0195789337158203,0.0225627912853652,0.578392028808594,0.617549896240234,,,,,,,,,,,,,,,0.923544073512055,0.922090465351542,0.924801407857023,0.0027109425054801,0.00271330986157275,0.92063685719103,0.92605874220199,0.375533333333333,0.371,0.376933333333333,0.00593333333333301,0.00620298613871033,0.366466666666667,0.378333333333333,0.4115,0.40975,0.415166666666666,0.00541666666666651,0.00552854545199847,0.408,0.418833333333333,0.4487,0.44554,0.450345,0.004805,0.00488396355432757,0.44238,0.45199,0.0182321860217816,0.00803356190715401,0.021856508072882,0.013822946165728,0.0143346081184005,-0.00216506220747358,0.0254808301239824,0.968,0.965,0.97025,0.00525000000000009,0.0052678268764264,0.962,0.9725,2.00508474253989,2.00347749629698,2.0058101988368,0.00233270253982454,0.00238761086491592,2.00187025005406,2.00653565513371,,,,,,,,,,,,,,,,,,,,,,,,,,,,,,,,,,,,,,,,,,,,,,,,,,,,,,,,,,,,,,,,,,,,,,,,,,,,,,"standard","cpu1","/Users/stefano/Documents/fastEmbedR-results/fastEmbedR-results/Macosko2015_retina/standard/cpu1/20260727_073247_1118048","/Users/stefano/Documents/fastEmbedR-results/fastEmbedR-results/Macosko2015_retina/standard/cpu1/20260727_073247_1118048/benchmark_summary_median_variability.csv",TRUE
"Macosko2015_retina","Rtsne_full","t-SNE","cpu","full_pipeline",1,1,44808,50,,30,"standard_R_double",,3,3,"success",95.538,94.883,97.718,2.83499999999999,2.96857429304596,94.228,99.898,,,,,,,,,,,,,,,,,,,,,,,,,,,,,,,,,,,,0.539081573486328,0.539007186889648,0.57183837890625,0.0328311920166016,0.0378673210382017,0.538932800292969,0.604595184326172,,,,,,,,,,,,,,,0.91951239251391,0.919414542235711,0.92131046197943,0.0018959197437195,0.00213496918859959,0.919316691957511,0.92310853144495,0.3791,0.375516666666666,0.38065,0.00513333333333349,0.0052658578844535,0.371933333333333,0.3822,0.415266666666667,0.41395,0.418166666666667,0.00421666666666698,0.00431461770333458,0.412633333333333,0.421066666666667,0.44765,0.44624,0.44859,0.00235000000000002,0.00236561478971816,0.44483,0.44953,-0.0849249512131615,-0.0872573052650772,-0.0815948412254198,0.00566246403965749,0.00569169025594094,-0.089589659316993,-0.078264731237678,0.969,0.966,0.97125,0.00524999999999998,0.0052678268764264,0.963,0.9735,1.85758226557451,1.85070173433383,1.88687842765703,0.0361766933231999,0.0384218684494487,1.84382120309315,1.91617458973955,,,,,,,,,,,,,,,,,,,,,,,,,,,,,,,,,,,,,,,,,,,,,,,,,,,,,,,,,,,,,,,,,,,,,,,,,,,,,,"standard","cpu1","/Users/stefano/Documents/fastEmbedR-results/fastEmbedR-results/Macosko2015_retina/standard/cpu1/20260727_073247_1118048","/Users/stefano/Documents/fastEmbedR-results/fastEmbedR-results/Macosko2015_retina/standard/cpu1/20260727_073247_1118048/benchmark_summary_median_variability.csv",TRUE
"Macosko2015_retina","Rtsne_neighbors","t-SNE","cpu","embedding_from_precomputed_knn",1,1,44808,50,,30,"standard_R_double",,3,3,"success",73.516,73.3615,74.756,1.39449999999999,1.52885589030926,73.207,75.996,,,,,,,,,,,,,,,,,,,,,,,,,,,,,73.516,73.3615,74.756,1.39449999999999,1.52885589030926,73.207,75.996,0.570625305175781,0.570606231689453,0.570671081542969,6.4849853515625e-05,6.66572185367897e-05,0.570587158203125,0.570716857910156,,,,,,,,,,,,,,,0.918233872871354,0.91781250210757,0.921054122407688,0.00324162030011799,0.00352509696678955,0.917391131343787,0.923874371944023,0.376466666666667,0.3744,0.380033333333334,0.00563333333333349,0.00569951264973118,0.372333333333333,0.3836,0.40875,0.407066666666666,0.411933333333333,0.00486666666666702,0.00494312092148754,0.405383333333333,0.415116666666667,0.43769,0.43501,0.43868,0.00367000000000001,0.00379749039937343,0.43233,0.43967,-0.0150886379820302,-0.0270309878102541,-0.0141847088541353,0.0128462789561187,0.0143402391962002,-0.0389733376384779,-0.0132807797262405,0.9655,0.9635,0.968,0.00449999999999995,0.0045092497528229,0.9615,0.9705,1.97001178617977,1.97001178617977,1.97001178617977,0,0,1.97001178617977,1.97001178617977,,,,,,,,,,,,,,,,,,,,,,,,,,,,,,,,,,,,,,,,,,,,,,,,,,,,,,,,,,,,,,,,,,,,,,,,,,,,,,"standard","cpu1","/Users/stefano/Documents/fastEmbedR-results/fastEmbedR-results/Macosko2015_retina/standard/cpu1/20260727_073247_1118048","/Users/stefano/Documents/fastEmbedR-results/fastEmbedR-results/Macosko2015_retina/standard/cpu1/20260727_073247_1118048/benchmark_summary_median_variability.csv",TRUE
"Macosko2015_retina","fastEmbedR_umap_cpu_binary_full","UMAP","cpu","full_pipeline",1,1,44808,50,30,,"float32",,3,3,"success",75.45,75.2055,75.815,0.609499999999997,0.613457686669047,74.961,76.18,0.002,0.002,0.002,0,0,0.002,0.002,7.722,7.678,7.729,0.0509999999999993,0.0552931581059837,7.634,7.736,,,,,,,,,,,,,,,67.487,67.2955,67.836,0.540499999999994,0.548095794546904,67.104,68.185,0.527015686035156,0.527006149291992,0.527042388916016,3.62396240234375e-05,3.7570410926041e-05,0.526996612548828,0.527069091796875,,,,,,,,,,,,,,,0.918811751812511,0.918094587759231,0.921684513572753,0.00358992581352202,0.00379953082691533,0.917377423705952,0.924557275332996,0.3544,0.354366666666666,0.358216666666667,0.00385000000000002,0.00442647757293571,0.354333333333333,0.362033333333333,0.416566666666667,0.412883333333333,0.419241666666667,0.00635833333333347,0.00638492872433334,0.4092,0.421916666666667,0.46942,0.46403,0.47181,0.00778000000000001,0.00797047050054137,0.45864,0.4742,0.182146511710177,0.177345404949085,0.354126649240236,0.176781244291151,0.201414707612787,0.172544298187992,0.526106786770294,0.964,0.9455,0.96775,0.02225,0.0238240074994391,0.927,0.9715,,,,,,,,,,,,,,,,,,,,,,,,,,,,,,,,,,,,,,,,,,,,,,,,,,,,,,,,,,,,,,,,,,,,,,,,,,,,,,,,,,,,,"standard","cpu1","/Users/stefano/Documents/fastEmbedR-results/fastEmbedR-results/Macosko2015_retina/standard/cpu1/20260727_073247_1118048","/Users/stefano/Documents/fastEmbedR-results/fastEmbedR-results/Macosko2015_retina/standard/cpu1/20260727_073247_1118048/benchmark_summary_median_variability.csv",TRUE
"Macosko2015_retina","fastEmbedR_umap_cpu_binary_knn","UMAP","cpu","embedding_from_precomputed_knn",1,1,44808,50,30,,"float32",,3,3,"success",67.741,67.5895,68.3675,0.778000000000006,0.824919592041147,67.438,68.994,,,,,,,,,,,,,,,,,,,,,,,,,,,,,67.741,67.5895,68.3675,0.778000000000006,0.824919592041147,67.438,68.994,0.539760589599609,0.539644241333008,0.539871215820312,0.000226974487304688,0.000226998528241147,0.539527893066406,0.539981842041016,,,,,,,,,,,,,,,0.918811751812511,0.918094587759231,0.921684513572753,0.00358992581352202,0.00379953082691533,0.917377423705952,0.924557275332996,0.3544,0.354366666666666,0.358216666666667,0.00385000000000002,0.00442647757293571,0.354333333333333,0.362033333333333,0.416566666666667,0.412883333333333,0.419241666666667,0.00635833333333347,0.00638492872433334,0.4092,0.421916666666667,0.46942,0.46403,0.47181,0.00778000000000001,0.00797047050054137,0.45864,0.4742,0.182146511710177,0.177345404949085,0.354126649240236,0.176781244291151,0.201414707612787,0.172544298187992,0.526106786770294,0.964,0.9455,0.96775,0.02225,0.0238240074994391,0.927,0.9715,,,,,,,,,,,,,,,,,,,,,,,,,,,,,,,,,,,,,,,,,,,,,,,,,,,,,,,,,,,,,,,,,,,,,,,,,,,,,,,,,,,,,"standard","cpu1","/Users/stefano/Documents/fastEmbedR-results/fastEmbedR-results/Macosko2015_retina/standard/cpu1/20260727_073247_1118048","/Users/stefano/Documents/fastEmbedR-results/fastEmbedR-results/Macosko2015_retina/standard/cpu1/20260727_073247_1118048/benchmark_summary_median_variability.csv",TRUE
"Macosko2015_retina","fastEmbedR_umap_cpu_fuzzy_full","UMAP","cpu","full_pipeline",1,1,44808,50,30,,"float32",,3,3,"success",20.551,20.5235,20.7015,0.178000000000001,0.19164289707683,20.496,20.852,0.002,0.0015,0.002,5e-04,0.000577350269189626,0.001,0.002,7.854,7.825,7.878,0.0529999999999999,0.0530785581316347,7.796,7.902,,,,,,,,,,,,,,,12.402,12.3925,12.6145,0.222000000000001,0.251038509662031,12.383,12.827,0.528018951416016,0.52800178527832,0.528165817260742,0.000164031982421875,0.000180315915156098,0.527984619140625,0.528312683105469,,,,,,,,,,,,,,,0.917943281065588,0.91703411734952,0.920441637160682,0.00340751981116194,0.0035288858585459,0.916124953633451,0.922939993255775,0.3548,0.351783333333334,0.356666666666666,0.00488333333333296,0.00492826316036131,0.348766666666667,0.358533333333333,0.407416666666667,0.405658333333333,0.411216666666667,0.00555833333333355,0.00568194834867747,0.4039,0.415016666666667,0.45587,0.45337,0.45726,0.00389,0.00394243579529205,0.45087,0.45865,0.391140535183111,0.383993662884036,0.455963787366061,0.0719701244820249,0.0793004019543902,0.376846790584961,0.520787039549011,0.9695,0.967,0.97125,0.00424999999999986,0.00427200187265874,0.9645,0.973,,,,,,,,,,,,,,,,,,,,,,,,,,,,,,,,,,,,,,,,,,,,,,,,,,,,,,,,,,,,,,,,,,,,,,,,,,,,,,,,,,,,,"standard","cpu1","/Users/stefano/Documents/fastEmbedR-results/fastEmbedR-results/Macosko2015_retina/standard/cpu1/20260727_073247_1118048","/Users/stefano/Documents/fastEmbedR-results/fastEmbedR-results/Macosko2015_retina/standard/cpu1/20260727_073247_1118048/benchmark_summary_median_variability.csv",TRUE
"Macosko2015_retina","fastEmbedR_umap_cpu_fuzzy_knn","UMAP","cpu","embedding_from_precomputed_knn",1,1,44808,50,30,,"float32",,3,3,"success",12.634,12.6315,12.708,0.0765000000000011,0.0869271725833375,12.629,12.782,,,,,,,,,,,,,,,,,,,,,,,,,,,,,12.634,12.6315,12.708,0.0765000000000011,0.0869271725833375,12.629,12.782,0.538650512695312,0.538631439208984,0.538665771484375,3.4332275390625e-05,3.44028454042274e-05,0.538612365722656,0.538681030273438,,,,,,,,,,,,,,,0.917943281065588,0.91703411734952,0.920441637160682,0.00340751981116194,0.0035288858585459,0.916124953633451,0.922939993255775,0.3548,0.351783333333334,0.356666666666666,0.00488333333333296,0.00492826316036131,0.348766666666667,0.358533333333333,0.407416666666667,0.405658333333333,0.411216666666667,0.00555833333333355,0.00568194834867747,0.4039,0.415016666666667,0.45587,0.45337,0.45726,0.00389,0.00394243579529205,0.45087,0.45865,0.391140535183111,0.383993662884036,0.455963787366061,0.0719701244820249,0.0793004019543902,0.376846790584961,0.520787039549011,0.9695,0.967,0.97125,0.00424999999999986,0.00427200187265874,0.9645,0.973,,,,,,,,,,,,,,,,,,,,,,,,,,,,,,,,,,,,,,,,,,,,,,,,,,,,,,,,,,,,,,,,,,,,,,,,,,,,,,,,,,,,,"standard","cpu1","/Users/stefano/Documents/fastEmbedR-results/fastEmbedR-results/Macosko2015_retina/standard/cpu1/20260727_073247_1118048","/Users/stefano/Documents/fastEmbedR-results/fastEmbedR-results/Macosko2015_retina/standard/cpu1/20260727_073247_1118048/benchmark_summary_median_variability.csv",TRUE
"Macosko2015_retina","umap_package","UMAP","cpu","full_pipeline",1,1,44808,50,30,,"standard_R_double",,3,3,"success",393.359,379.434,395.519,16.085,17.4604018663183,365.509,397.679,,,,,,,,,,,,,,,,,,,,,,,,,,,,,,,,,,,,3.61208343505859,3.56092834472656,3.70680618286133,0.145877838134766,0.148030595659707,3.50977325439453,3.80152893066406,,,,,,,,,,,,,,,0.919731562974203,0.918441358961389,0.921761869836452,0.00332051087506346,0.00334789135835214,0.917151154948575,0.923792176698702,0.3617,0.3594,0.364116666666667,0.00471666666666654,0.00471714760013718,0.3571,0.366533333333333,0.415733333333333,0.414391666666666,0.419241666666667,0.00485000000000002,0.00500872387088922,0.41305,0.42275,0.46586,0.46242,0.467705,0.00528500000000004,0.00536462797716053,0.45898,0.46955,0.38943800959058,0.349917254216564,0.419680409272185,0.069763155055621,0.0699685198126004,0.310396498842547,0.449922808953789,0.9635,0.96325,0.9665,0.00325000000000009,0.00361708906903514,0.963,0.9695,,,,,,,,,,,,,,,,,,,,,,,,,,,,,,,,,,,,,,,,,,,,,,,,,,,,,,,,,,,,,,,,,,,,,,,,,,,,,,,,,,,,,"standard","cpu1","/Users/stefano/Documents/fastEmbedR-results/fastEmbedR-results/Macosko2015_retina/standard/cpu1/20260727_073247_1118048","/Users/stefano/Documents/fastEmbedR-results/fastEmbedR-results/Macosko2015_retina/standard/cpu1/20260727_073247_1118048/benchmark_summary_median_variability.csv",TRUE
"Macosko2015_retina","umap_package_knn","UMAP","cpu","embedding_from_precomputed_knn",1,1,44808,50,30,,"standard_R_double",,3,3,"success",152.4,152.2425,153.4515,1.209,1.31456951128496,152.085,154.503,,,,,,,,,,,,,,,,,,,,,,,,,,,,,152.4,152.2425,153.4515,1.209,1.31456951128496,152.085,154.503,1.39380264282227,1.39377212524414,1.39395332336426,0.000181198120117188,0.000194025268188927,1.39374160766602,1.39410400390625,,,,,,,,,,,,,,,0.920570510875063,0.918193786882482,0.922720426572248,0.00452663968976552,0.00452853334041469,0.915817062889901,0.924870342269432,0.360533333333333,0.357733333333333,0.36365,0.00591666666666701,0.00591949071883507,0.354933333333333,0.366766666666667,0.416766666666667,0.415725,0.4206,0.00487499999999996,0.00513453268817373,0.414683333333333,0.424433333333333,0.46747,0.46339,0.47124,0.00785000000000002,0.0078520400746133,0.45931,0.47501,0.357223894396831,0.326794163369923,0.365788272175748,0.0389941088058255,0.0409866451312338,0.296364432343015,0.374352649954666,0.968,0.9635,0.97,0.00649999999999995,0.0066583281184794,0.959,0.972,,,,,,,,,,,,,,,,,,,,,,,,,,,,,,,,,,,,,,,,,,,,,,,,,,,,,,,,,,,,,,,,,,,,,,,,,,,,,,,,,,,,,"standard","cpu1","/Users/stefano/Documents/fastEmbedR-results/fastEmbedR-results/Macosko2015_retina/standard/cpu1/20260727_073247_1118048","/Users/stefano/Documents/fastEmbedR-results/fastEmbedR-results/Macosko2015_retina/standard/cpu1/20260727_073247_1118048/benchmark_summary_median_variability.csv",TRUE
"Macosko2015_retina","uwot_default","UMAP","cpu","full_pipeline",1,1,44808,50,30,,"standard_R_double",,3,3,"success",34.367,33.586,34.6345,1.0485,1.08960833941987,32.805,34.902,,,,,,,,,,,,,,,,,,,,,,,,,,,,,,,,,,,,0.730327606201172,0.73023796081543,0.730379104614258,0.000141143798828125,0.000142851796588562,0.730148315429688,0.730430603027344,,,,,,,,,,,,,,,0.917999207553532,0.917617922778621,0.920453447985162,0.00283552520654196,0.0030777564743131,0.917236638003709,0.922907688416793,0.353133333333333,0.351966666666667,0.35595,0.00398333333333345,0.0040956616613737,0.3508,0.358766666666667,0.410433333333333,0.40655,0.411475,0.00492500000000001,0.00519108031288415,0.402666666666667,0.412516666666667,0.46234,0.456545,0.463755,0.00720999999999999,0.00764060861450185,0.45075,0.46517,0.41284505351065,0.394836119712038,0.416417246758159,0.0215811270461205,0.0231347834186406,0.376827185913427,0.419989440005668,0.9665,0.96425,0.96775,0.00349999999999995,0.0035472994422988,0.962,0.969,,,,,,,,,,,,,,,,,,,,,,,,,,,,,,,,,,,,,,,,,,,,,,,,,,,,,,,,,,,,,,,,,,,,,,,,,,,,,,,,,,,,,"standard","cpu1","/Users/stefano/Documents/fastEmbedR-results/fastEmbedR-results/Macosko2015_retina/standard/cpu1/20260727_073247_1118048","/Users/stefano/Documents/fastEmbedR-results/fastEmbedR-results/Macosko2015_retina/standard/cpu1/20260727_073247_1118048/benchmark_summary_median_variability.csv",TRUE
"Macosko2015_retina","uwot_fast_sgd","UMAP","cpu","full_pipeline",1,1,44808,50,30,,"standard_R_double",,3,3,"success",30.828,30.6395,30.8585,0.219000000000001,0.237238979371715,30.451,30.889,,,,,,,,,,,,,,,,,,,,,,,,,,,,,,,,,,,,0.730068206787109,0.730020523071289,0.730094909667969,7.43865966796875e-05,7.53664220822014e-05,0.729972839355469,0.730121612548828,,,,,,,,,,,,,,,0.919295818580341,0.918118462316642,0.920982077221379,0.00286361490473797,0.00287864856009288,0.916941106052942,0.922668335862418,0.351166666666667,0.349466666666667,0.354683333333334,0.00521666666666648,0.00532106227211276,0.347766666666667,0.3582,0.413483333333333,0.40695,0.413608333333333,0.00665833333333304,0.00761723800434312,0.400416666666667,0.413733333333333,0.45747,0.45218,0.46176,0.00957999999999998,0.0095973815873567,0.44689,0.46605,0.428205767134515,0.418177825612804,0.462087383137772,0.0439095575249671,0.0460186393844448,0.408149884091094,0.495968999141028,0.9615,0.961,0.9645,0.00349999999999995,0.00378593889720019,0.9605,0.9675,,,,,,,,,,,,,,,,,,,,,,,,,,,,,,,,,,,,,,,,,,,,,,,,,,,,,,,,,,,,,,,,,,,,,,,,,,,,,,,,,,,,,"standard","cpu1","/Users/stefano/Documents/fastEmbedR-results/fastEmbedR-results/Macosko2015_retina/standard/cpu1/20260727_073247_1118048","/Users/stefano/Documents/fastEmbedR-results/fastEmbedR-results/Macosko2015_retina/standard/cpu1/20260727_073247_1118048/benchmark_summary_median_variability.csv",TRUE
"Macosko2015_retina","uwot_knn","UMAP","cpu","embedding_from_precomputed_knn",1,1,44808,50,30,,"standard_R_double",,3,3,"success",18.94,18.926,19.057,0.131,0.143865678093607,18.912,19.174,,,,,,,,,,,,,,,,,,,,,,,,,,,,,18.94,18.926,19.057,0.131,0.143865678093607,18.912,19.174,0.724201202392578,0.724159240722656,0.745328903198242,0.0211696624755859,0.0244204301278749,0.724117279052734,0.766456604003906,,,,,,,,,,,,,,,0.917052335187995,0.915789419996628,0.920451618614061,0.00466219861743344,0.00482259809229525,0.914526504805261,0.923850902040128,0.3527,0.349766666666667,0.356783333333334,0.007016666666667,0.00704800996341869,0.346833333333333,0.360866666666667,0.4053,0.404691666666667,0.411875,0.00718333333333349,0.00796663761036087,0.404083333333333,0.41845,0.4541,0.454015,0.459345,0.00533,0.006106070749672,0.45393,0.46459,0.410124662099846,0.405343628315186,0.411951966485404,0.0066083381702185,0.00682483009505298,0.400562594530525,0.413779270870962,0.9665,0.961,0.96875,0.00774999999999992,0.00797391580927044,0.9555,0.971,,,,,,,,,,,,,,,,,,,,,,,,,,,,,,,,,,,,,,,,,,,,,,,,,,,,,,,,,,,,,,,,,,,,,,,,,,,,,,,,,,,,,"standard","cpu1","/Users/stefano/Documents/fastEmbedR-results/fastEmbedR-results/Macosko2015_retina/standard/cpu1/20260727_073247_1118048","/Users/stefano/Documents/fastEmbedR-results/fastEmbedR-results/Macosko2015_retina/standard/cpu1/20260727_073247_1118048/benchmark_summary_median_variability.csv",TRUE
"Macosko2015_retina","fastEmbedR_pca_cpu","PCA","cpu","pca_only",4,4,44808,50,,,"float32",,3,3,"success",0.808,0.8045,0.8105,0.00600000000000001,0.00602771377334166,0.801,0.813,,,,,,,,,,,,,,,0.808,0.8045,0.8105,0.00600000000000001,0.00602771377334166,0.801,0.813,,,,,,,,,,,,,,,0.545215606689453,0.545042037963867,0.545261383056641,0.000219345092773438,0.000231421474109037,0.544868469238281,0.545307159423828,,,,,,,,,,,,,,,,,,,,,,,,,,,,,,,,,,,,,,,,,,,,,,,,,,,,,,,,,,,,,,,,,,,,,,,,,,,,,,,,,,,,,,,,,,,,,,,,,,,,,,,,,,,,,,,,,,,,,,,,,,,,,,,,,,,,,,,,,,,,,"standard","cpu4","/Users/stefano/Documents/fastEmbedR-results/fastEmbedR-results/Macosko2015_retina/standard/cpu4/20260727_073247_1118059","/Users/stefano/Documents/fastEmbedR-results/fastEmbedR-results/Macosko2015_retina/standard/cpu4/20260727_073247_1118059/benchmark_summary_median_variability.csv",TRUE
"Macosko2015_retina","irlba_pca","PCA","cpu","pca_only",4,4,44808,50,,,"standard_R_double",,3,3,"success",0.516,0.509,0.5235,0.0145000000000001,0.0145028732785381,0.502,0.531,,,,,,,,,,,,,,,0.516,0.509,0.5235,0.0145000000000001,0.0145028732785381,0.502,0.531,,,,,,,,,,,,,,,0.229286193847656,0.229106903076172,0.229320526123047,0.000213623046875,0.000229432186101716,0.228927612304688,0.229354858398438,,,,,,,,,,,,,,,,,,,,,,,,,,,,,,,,,,,,,,,,,,,,,,,,,,,,,,,,,,,,,,,,,,,,,,,,,,,,,,,,,,,,,,,,,,,,,,,,,,,,,,,,,,,,,,,,,,,,,,,,,,,,,,,,,,,,,,,,,,,,,"standard","cpu4","/Users/stefano/Documents/fastEmbedR-results/fastEmbedR-results/Macosko2015_retina/standard/cpu4/20260727_073247_1118059","/Users/stefano/Documents/fastEmbedR-results/fastEmbedR-results/Macosko2015_retina/standard/cpu4/20260727_073247_1118059/benchmark_summary_median_variability.csv",TRUE
"Macosko2015_retina","fastEmbedR_tsne_cpu_full","t-SNE","cpu","full_pipeline",4,4,44808,50,,30,"float32",,3,3,"success",11.695,11.3525,11.727,0.374500000000001,0.415195134846255,11.01,11.759,0.002,0.002,0.002,0,0,0.002,0.002,4.481,4.417,4.486,0.069,0.0769502003462846,4.353,4.491,,,,,,,,,,,,,,,6.328,6.062,6.347,0.284999999999999,0.318686889177031,5.796,6.366,0.605396270751953,0.593910217285156,0.605703353881836,0.0117931365966797,0.0134437543138991,0.582424163818359,0.606010437011719,,,,,,,,,,,,,,,0.925181301635475,0.923405016017535,0.9275034311246,0.00409841510706455,0.00411051354055074,0.921628730399595,0.929825560613724,0.3868,0.3821,0.389166666666666,0.0070666666666665,0.00719392748035386,0.3774,0.391533333333333,0.418516666666667,0.41705,0.422808333333333,0.00575833333333342,0.00598486517067109,0.415583333333333,0.4271,0.4516,0.44778,0.455675,0.00789499999999999,0.00789637258492783,0.44396,0.45975,-0.0106501767444388,-0.0153473146438163,-0.000983379203605045,0.0143639354402113,0.0146477010817806,-0.0200444525431938,0.00868341833722871,0.9675,0.9635,0.97175,0.00824999999999998,0.00825126252965769,0.9595,0.976,2.01303228158539,2.00562088724931,2.01382572112105,0.00820483387173532,0.00905087882158013,1.99820949291323,2.0146191606567,,,,,,,,,,,,,,,,,,,,,,,,,,,,,,,,,,,,,,,,,,,,,,,,,,,,,,,,,,,,,,,,,,,,,,,,,,,,,,"standard","cpu4","/Users/stefano/Documents/fastEmbedR-results/fastEmbedR-results/Macosko2015_retina/standard/cpu4/20260727_073247_1118059","/Users/stefano/Documents/fastEmbedR-results/fastEmbedR-results/Macosko2015_retina/standard/cpu4/20260727_073247_1118059/benchmark_summary_median_variability.csv",TRUE
"Macosko2015_retina","fastEmbedR_tsne_cpu_knn","t-SNE","cpu","embedding_from_precomputed_knn",4,4,44808,50,,30,"float32",,3,3,"success",6.111,6.1035,6.135,0.0314999999999994,0.0329089653438086,6.096,6.159,,,,,,,,,,,,,,,,,,,,,,,,,,,,,6.111,6.1035,6.135,0.0314999999999994,0.0329089653438086,6.096,6.159,0.535049438476562,0.51500129699707,0.543258666992188,0.0282573699951172,0.0290723049039739,0.494953155517578,0.551467895507812,,,,,,,,,,,,,,,0.924328426909459,0.92195182094082,0.926046552014838,0.00409473107401803,0.00411234178025399,0.91957521497218,0.927764677120216,0.389033333333333,0.383183333333333,0.390183333333333,0.00700000000000001,0.00750755175362335,0.377333333333333,0.391333333333333,0.418383333333333,0.4177,0.422575,0.00487500000000007,0.00527905540091479,0.417016666666667,0.426766666666667,0.4512,0.44714,0.454425,0.00728499999999999,0.00730093373023845,0.44308,0.45765,-0.0697727061834645,-0.076119215847868,-0.0631985937349739,0.0129206221128942,0.0129212903171466,-0.0824657255122716,-0.0566244812864832,0.97,0.96475,0.97275,0.00800000000000001,0.00812916559883813,0.9595,0.9755,2.01699680387061,2.01699680387061,2.01699680387061,0,0,2.01699680387061,2.01699680387061,,,,,,,,,,,,,,,,,,,,,,,,,,,,,,,,,,,,,,,,,,,,,,,,,,,,,,,,,,,,,,,,,,,,,,,,,,,,,,"standard","cpu4","/Users/stefano/Documents/fastEmbedR-results/fastEmbedR-results/Macosko2015_retina/standard/cpu4/20260727_073247_1118059","/Users/stefano/Documents/fastEmbedR-results/fastEmbedR-results/Macosko2015_retina/standard/cpu4/20260727_073247_1118059/benchmark_summary_median_variability.csv",TRUE
"Macosko2015_retina","KlugerLab_FItSNE","t-SNE","cpu","full_pipeline",4,4,44808,50,,30,"standard_R_double",,3,3,"success",21.806,21.8025,21.8395,0.036999999999999,0.0408533964316316,21.799,21.873,,,,,,,,,,,,,,,,,,,,,,,,,,,,,,,,,,,,0.585304260253906,0.569862365722656,0.585464477539062,0.0156021118164062,0.017923981503828,0.554420471191406,0.585624694824219,,,,,,,,,,,,,,,0.92447376496375,0.922579640870005,0.92510563142809,0.002525990558085,0.00262901624323592,0.92068551677626,0.92573749789243,0.3753,0.371983333333333,0.37655,0.00456666666666655,0.00471997332070285,0.368666666666667,0.3778,0.410566666666667,0.409516666666667,0.4145,0.00498333333333301,0.00525402843681026,0.408466666666667,0.418433333333333,0.44878,0.44553,0.450295,0.00476500000000002,0.00486915119228529,0.44228,0.45181,0.0253299828301987,0.014766865284837,0.0304085830468082,0.0156417177619712,0.0159590093047248,0.00420374773947521,0.0354871832634176,0.9675,0.966,0.97075,0.00475000000000003,0.00485626742811113,0.9645,0.974,2.00261638683096,2.00203628210868,2.00374367783808,0.00170739572940493,0.00173637681784823,2.00145617738639,2.0048709688452,,,,,,,,,,,,,,,,,,,,,,,,,,,,,,,,,,,,,,,,,,,,,,,,,,,,,,,,,,,,,,,,,,,,,,,,,,,,,,"standard","cpu4","/Users/stefano/Documents/fastEmbedR-results/fastEmbedR-results/Macosko2015_retina/standard/cpu4/20260727_073247_1118059","/Users/stefano/Documents/fastEmbedR-results/fastEmbedR-results/Macosko2015_retina/standard/cpu4/20260727_073247_1118059/benchmark_summary_median_variability.csv",TRUE
"Macosko2015_retina","Rtsne_full","t-SNE","cpu","full_pipeline",4,4,44808,50,,30,"standard_R_double",,3,3,"success",34.887,34.6195,35.0625,0.442999999999998,0.446172985884774,34.352,35.238,,,,,,,,,,,,,,,,,,,,,,,,,,,,,,,,,,,,0.546363830566406,0.546257019042969,0.546367645263672,0.000110626220703125,0.000125595685067401,0.546150207519531,0.546371459960938,,,,,,,,,,,,,,,0.92017403473276,0.919310234361828,0.92244940988029,0.00313917551846243,0.00324323974635799,0.918446433990895,0.92472478502782,0.3794,0.375416666666667,0.380016666666667,0.00459999999999999,0.00499381098442351,0.371433333333333,0.380633333333333,0.414216666666667,0.412291666666667,0.419433333333334,0.00714166666666655,0.0073902024730443,0.410366666666667,0.42465,0.4491,0.447115,0.453095,0.00597999999999999,0.00609155973458357,0.44513,0.45709,-0.118127880161425,-0.140733119451251,-0.0714835309050846,0.0692495885461668,0.0706267072936349,-0.163338358741078,-0.0248391816487443,0.9665,0.96325,0.96975,0.00650000000000006,0.00650000000000001,0.96,0.973,1.85861836213312,1.8503301608374,1.86548987767977,0.0151597168423649,0.0151817658473761,1.84204195954169,1.87236139322642,,,,,,,,,,,,,,,,,,,,,,,,,,,,,,,,,,,,,,,,,,,,,,,,,,,,,,,,,,,,,,,,,,,,,,,,,,,,,,"standard","cpu4","/Users/stefano/Documents/fastEmbedR-results/fastEmbedR-results/Macosko2015_retina/standard/cpu4/20260727_073247_1118059","/Users/stefano/Documents/fastEmbedR-results/fastEmbedR-results/Macosko2015_retina/standard/cpu4/20260727_073247_1118059/benchmark_summary_median_variability.csv",TRUE
"Macosko2015_retina","Rtsne_neighbors","t-SNE","cpu","embedding_from_precomputed_knn",4,4,44808,50,,30,"standard_R_double",,3,3,"success",30.179,30.1195,30.3705,0.251000000000001,0.262314696500217,30.06,30.562,,,,,,,,,,,,,,,,,,,,,,,,,,,,,30.179,30.1195,30.3705,0.251000000000001,0.262314696500217,30.06,30.562,0.572093963623047,0.571979522705078,0.572126388549805,0.000146865844726562,0.00015431067348702,0.571865081787109,0.572158813476562,,,,,,,,,,,,,,,0.918233872871354,0.91781250210757,0.921054122407688,0.00324162030011799,0.00352509696678955,0.917391131343787,0.923874371944023,0.376466666666667,0.3744,0.380033333333334,0.00563333333333349,0.00569951264973118,0.372333333333333,0.3836,0.40875,0.407066666666666,0.411933333333333,0.00486666666666702,0.00494312092148754,0.405383333333333,0.415116666666667,0.43769,0.43501,0.43868,0.00367000000000001,0.00379749039937343,0.43233,0.43967,-0.01508863798203,-0.0270309878102539,-0.0141847088541349,0.0128462789561191,0.0143402391962004,-0.0389733376384778,-0.0132807797262397,0.9655,0.9635,0.968,0.00449999999999995,0.0045092497528229,0.9615,0.9705,1.97001178617977,1.97001178617977,1.97001178617977,0,0,1.97001178617977,1.97001178617977,,,,,,,,,,,,,,,,,,,,,,,,,,,,,,,,,,,,,,,,,,,,,,,,,,,,,,,,,,,,,,,,,,,,,,,,,,,,,,"standard","cpu4","/Users/stefano/Documents/fastEmbedR-results/fastEmbedR-results/Macosko2015_retina/standard/cpu4/20260727_073247_1118059","/Users/stefano/Documents/fastEmbedR-results/fastEmbedR-results/Macosko2015_retina/standard/cpu4/20260727_073247_1118059/benchmark_summary_median_variability.csv",TRUE
"Macosko2015_retina","fastEmbedR_umap_cpu_binary_full","UMAP","cpu","full_pipeline",4,4,44808,50,30,,"float32",,3,3,"success",32.805,32.7705,32.903,0.1325,0.137478483164942,32.736,33.001,0.002,0.0015,0.002,5e-04,0.000577350269189626,0.001,0.002,4.3,4.28,4.307,0.027000000000001,0.0280237994093117,4.26,4.314,,,,,,,,,,,,,,,28.3,28.2825,28.388,0.105499999999999,0.113079617968933,28.265,28.476,0.528003692626953,0.527927398681641,0.528167724609375,0.000240325927734375,0.00024560647234955,0.527851104736328,0.528331756591797,,,,,,,,,,,,,,,0.91941593323217,0.917175004215141,0.922185036250211,0.00501003203507,0.00501930376156654,0.914934075198112,0.924954139268252,0.3553,0.35345,0.3595,0.00605,0.00620026881137692,0.3516,0.3637,0.415033333333333,0.413316666666666,0.419433333333333,0.00611666666666649,0.00630981011629525,0.4116,0.423833333333333,0.46542,0.46239,0.46939,0.00700000000000001,0.00702100657550849,0.45936,0.47336,0.220712818476982,0.20441795089767,0.277909731143934,0.073491780246265,0.077192621805557,0.188123083318357,0.335106643810887,0.9665,0.96325,0.9705,0.00725000000000009,0.00726291952316701,0.96,0.9745,,,,,,,,,,,,,,,,,,,,,,,,,,,,,,,,,,,,,,,,,,,,,,,,,,,,,,,,,,,,,,,,,,,,,,,,,,,,,,,,,,,,,"standard","cpu4","/Users/stefano/Documents/fastEmbedR-results/fastEmbedR-results/Macosko2015_retina/standard/cpu4/20260727_073247_1118059","/Users/stefano/Documents/fastEmbedR-results/fastEmbedR-results/Macosko2015_retina/standard/cpu4/20260727_073247_1118059/benchmark_summary_median_variability.csv",TRUE
"Macosko2015_retina","fastEmbedR_umap_cpu_binary_knn","UMAP","cpu","embedding_from_precomputed_knn",4,4,44808,50,30,,"float32",,3,3,"success",28.562,28.41,28.577,0.166999999999998,0.184784559239492,28.258,28.592,,,,,,,,,,,,,,,,,,,,,,,,,,,,,28.562,28.41,28.577,0.166999999999998,0.184784559239492,28.258,28.592,0.540325164794922,0.540159225463867,0.540407180786133,0.000247955322265625,0.000252645108462496,0.539993286132812,0.540489196777344,,,,,,,,,,,,,,,0.919736924633283,0.918910040465352,0.921199241274659,0.00228920080930706,0.00231841148665076,0.91808315629742,0.922661557916034,0.355833333333333,0.3543,0.359666666666666,0.00536666666666646,0.00552851195571135,0.352766666666667,0.3635,0.416583333333333,0.413691666666666,0.419733333333333,0.0060416666666665,0.00604350738242947,0.4108,0.422883333333333,0.46805,0.46366,0.47064,0.00697999999999999,0.00705693984670408,0.45927,0.47323,0.366875364977111,0.304540267060207,0.413926592133926,0.109386325073719,0.109741667937041,0.242205169143303,0.460977819290741,0.965,0.96175,0.96775,0.00600000000000001,0.00600694043031337,0.9585,0.9705,,,,,,,,,,,,,,,,,,,,,,,,,,,,,,,,,,,,,,,,,,,,,,,,,,,,,,,,,,,,,,,,,,,,,,,,,,,,,,,,,,,,,"standard","cpu4","/Users/stefano/Documents/fastEmbedR-results/fastEmbedR-results/Macosko2015_retina/standard/cpu4/20260727_073247_1118059","/Users/stefano/Documents/fastEmbedR-results/fastEmbedR-results/Macosko2015_retina/standard/cpu4/20260727_073247_1118059/benchmark_summary_median_variability.csv",TRUE
"Macosko2015_retina","fastEmbedR_umap_cpu_fuzzy_full","UMAP","cpu","full_pipeline",4,4,44808,50,30,,"float32",,3,3,"success",10.07,10.0505,10.084,0.0335000000000001,0.0336501609703927,10.031,10.098,0.001,0.001,0.0015,5e-04,0.000577350269189626,0.001,0.002,4.319,4.3125,4.337,0.0244999999999997,0.0253837218179948,4.306,4.355,,,,,,,,,,,,,,,5.53,5.5235,5.532,0.00849999999999973,0.00888819441731536,5.517,5.534,0.528812408447266,0.528736114501953,0.529027938842773,0.000291824340820312,0.000302694084706337,0.528659820556641,0.529243469238281,,,,,,,,,,,,,,,0.917130972854493,0.91612076378351,0.918921404484909,0.0028006407013994,0.00283663605098573,0.915110554712527,0.920711836115326,0.354933333333333,0.3523,0.35645,0.00414999999999999,0.00419977953565988,0.349666666666667,0.357966666666667,0.408066666666667,0.406916666666667,0.410158333333334,0.00324166666666648,0.00328694105232818,0.405766666666667,0.41225,0.45348,0.452005,0.45442,0.002415,0.00243467314712537,0.45053,0.45536,0.390940925766658,0.370839697904411,0.453850195942864,0.0830104980384535,0.086611694438511,0.350738470042164,0.516759466119071,0.966,0.9625,0.9675,0.00500000000000012,0.00513160143944689,0.959,0.969,,,,,,,,,,,,,,,,,,,,,,,,,,,,,,,,,,,,,,,,,,,,,,,,,,,,,,,,,,,,,,,,,,,,,,,,,,,,,,,,,,,,,"standard","cpu4","/Users/stefano/Documents/fastEmbedR-results/fastEmbedR-results/Macosko2015_retina/standard/cpu4/20260727_073247_1118059","/Users/stefano/Documents/fastEmbedR-results/fastEmbedR-results/Macosko2015_retina/standard/cpu4/20260727_073247_1118059/benchmark_summary_median_variability.csv",TRUE
"Macosko2015_retina","fastEmbedR_umap_cpu_fuzzy_knn","UMAP","cpu","embedding_from_precomputed_knn",4,4,44808,50,30,,"float32",,3,3,"success",5.657,5.642,5.6625,0.0205000000000002,0.0212210587231962,5.627,5.668,,,,,,,,,,,,,,,,,,,,,,,,,,,,,5.657,5.642,5.6625,0.0205000000000002,0.0212210587231962,5.627,5.668,0.540733337402344,0.539350509643555,0.540771484375,0.00142097473144531,0.00161922553286162,0.537967681884766,0.540809631347656,,,,,,,,,,,,,,,0.915955336368235,0.91585633114146,0.917715334682178,0.001859003540718,0.00209177600209566,0.915757325914686,0.919475332996122,0.354366666666667,0.350933333333333,0.35615,0.00521666666666648,0.00530293419826326,0.3475,0.357933333333333,0.405483333333333,0.403,0.409933333333333,0.00693333333333296,0.00702569358642732,0.400516666666667,0.414383333333333,0.45257,0.44702,0.454905,0.00788500000000003,0.00810053290428064,0.44147,0.45724,0.389744154942374,0.340790977698224,0.439497797284186,0.0987068195859625,0.0987079014782164,0.291837800454073,0.489251439625998,0.964,0.9605,0.96625,0.00575000000000014,0.00579511288357127,0.957,0.9685,,,,,,,,,,,,,,,,,,,,,,,,,,,,,,,,,,,,,,,,,,,,,,,,,,,,,,,,,,,,,,,,,,,,,,,,,,,,,,,,,,,,,"standard","cpu4","/Users/stefano/Documents/fastEmbedR-results/fastEmbedR-results/Macosko2015_retina/standard/cpu4/20260727_073247_1118059","/Users/stefano/Documents/fastEmbedR-results/fastEmbedR-results/Macosko2015_retina/standard/cpu4/20260727_073247_1118059/benchmark_summary_median_variability.csv",TRUE
"Macosko2015_retina","umap_package","UMAP","cpu","full_pipeline",4,4,44808,50,30,,"standard_R_double",,3,3,"success",363.6,359.0475,366.193,7.14549999999997,7.23450415255485,354.495,368.786,,,,,,,,,,,,,,,,,,,,,,,,,,,,,,,,,,,,3.55006790161133,3.54454803466797,3.68244552612305,0.137897491455078,0.156141010098866,3.53902816772461,3.81482315063477,,,,,,,,,,,,,,,0.919731562974203,0.918441358961389,0.921761869836452,0.00332051087506346,0.00334789135835214,0.917151154948575,0.923792176698702,0.3617,0.3594,0.364116666666667,0.00471666666666654,0.00471714760013718,0.3571,0.366533333333333,0.415733333333333,0.414391666666666,0.419241666666667,0.00485000000000002,0.00500872387088922,0.41305,0.42275,0.46586,0.46242,0.467705,0.00528500000000004,0.00536462797716053,0.45898,0.46955,0.38943800959058,0.349917254216564,0.419680409272185,0.069763155055621,0.0699685198126004,0.310396498842547,0.449922808953789,0.9635,0.96325,0.9665,0.00325000000000009,0.00361708906903514,0.963,0.9695,,,,,,,,,,,,,,,,,,,,,,,,,,,,,,,,,,,,,,,,,,,,,,,,,,,,,,,,,,,,,,,,,,,,,,,,,,,,,,,,,,,,,"standard","cpu4","/Users/stefano/Documents/fastEmbedR-results/fastEmbedR-results/Macosko2015_retina/standard/cpu4/20260727_073247_1118059","/Users/stefano/Documents/fastEmbedR-results/fastEmbedR-results/Macosko2015_retina/standard/cpu4/20260727_073247_1118059/benchmark_summary_median_variability.csv",TRUE
"Macosko2015_retina","umap_package_knn","UMAP","cpu","embedding_from_precomputed_knn",4,4,44808,50,30,,"standard_R_double",,3,3,"success",149.043,148.571,149.161,0.590000000000003,0.624397309411249,148.099,149.279,,,,,,,,,,,,,,,,,,,,,,,,,,,,,149.043,148.571,149.161,0.590000000000003,0.624397309411249,148.099,149.279,1.39493179321289,1.39481544494629,1.39504623413086,0.000230789184570312,0.000230791811757333,1.39469909667969,1.39516067504883,,,,,,,,,,,,,,,0.920570510875063,0.918193786882482,0.922720426572248,0.00452663968976552,0.00452853334041469,0.915817062889901,0.924870342269432,0.360533333333333,0.357733333333333,0.36365,0.00591666666666701,0.00591949071883507,0.354933333333333,0.366766666666667,0.416766666666667,0.415725,0.4206,0.00487499999999996,0.00513453268817373,0.414683333333333,0.424433333333333,0.46747,0.46339,0.47124,0.00785000000000002,0.0078520400746133,0.45931,0.47501,0.357223894396831,0.326794163369923,0.365788272175748,0.0389941088058255,0.0409866451312338,0.296364432343015,0.374352649954666,0.968,0.9635,0.97,0.00649999999999995,0.0066583281184794,0.959,0.972,,,,,,,,,,,,,,,,,,,,,,,,,,,,,,,,,,,,,,,,,,,,,,,,,,,,,,,,,,,,,,,,,,,,,,,,,,,,,,,,,,,,,"standard","cpu4","/Users/stefano/Documents/fastEmbedR-results/fastEmbedR-results/Macosko2015_retina/standard/cpu4/20260727_073247_1118059","/Users/stefano/Documents/fastEmbedR-results/fastEmbedR-results/Macosko2015_retina/standard/cpu4/20260727_073247_1118059/benchmark_summary_median_variability.csv",TRUE
"Macosko2015_retina","uwot_default","UMAP","cpu","full_pipeline",4,4,44808,50,30,,"standard_R_double",,3,3,"success",25.561,25.5325,25.71,0.177500000000002,0.190647143522618,25.504,25.859,,,,,,,,,,,,,,,,,,,,,,,,,,,,,,,,,,,,0.731662750244141,0.716678619384766,0.731788635253906,0.0151100158691406,0.0173753197421369,0.701694488525391,0.731914520263672,,,,,,,,,,,,,,,0.917999207553532,0.917617922778621,0.920453447985162,0.00283552520654196,0.0030777564743131,0.917236638003709,0.922907688416793,0.353133333333333,0.351966666666667,0.35595,0.00398333333333345,0.0040956616613737,0.3508,0.358766666666667,0.410433333333333,0.40655,0.411475,0.00492500000000001,0.00519108031288415,0.402666666666667,0.412516666666667,0.46234,0.456545,0.463755,0.00720999999999999,0.00764060861450185,0.45075,0.46517,0.41284505351065,0.394836119712038,0.416417246758159,0.0215811270461205,0.0231347834186406,0.376827185913427,0.419989440005668,0.9665,0.96425,0.96775,0.00349999999999995,0.0035472994422988,0.962,0.969,,,,,,,,,,,,,,,,,,,,,,,,,,,,,,,,,,,,,,,,,,,,,,,,,,,,,,,,,,,,,,,,,,,,,,,,,,,,,,,,,,,,,"standard","cpu4","/Users/stefano/Documents/fastEmbedR-results/fastEmbedR-results/Macosko2015_retina/standard/cpu4/20260727_073247_1118059","/Users/stefano/Documents/fastEmbedR-results/fastEmbedR-results/Macosko2015_retina/standard/cpu4/20260727_073247_1118059/benchmark_summary_median_variability.csv",TRUE
"Macosko2015_retina","uwot_fast_sgd","UMAP","cpu","full_pipeline",4,4,44808,50,30,,"standard_R_double",,3,3,"success",12.583,12.498,12.599,0.100999999999999,0.10857255638512,12.413,12.615,,,,,,,,,,,,,,,,,,,,,,,,,,,,,,,,,,,,0.731285095214844,0.716419219970703,0.731372833251953,0.01495361328125,0.0172165132920439,0.701553344726562,0.731460571289062,,,,,,,,,,,,,,,0.917688349350868,0.917047445624684,0.921119946046198,0.00407250042151441,0.00437964025530807,0.916406541898499,0.924551542741528,0.349933333333333,0.349916666666666,0.353333333333333,0.00341666666666651,0.0039356396251764,0.3499,0.356733333333333,0.40915,0.403358333333333,0.412483333333334,0.00912500000000005,0.00923472211777875,0.397566666666667,0.415816666666667,0.4554,0.450235,0.45801,0.00777499999999998,0.00791369909292317,0.44507,0.46062,0.46162038409712,0.397328235344019,0.463504180316656,0.066175944972637,0.0753493409504872,0.333036086590917,0.465387976536191,0.959,0.95675,0.9645,0.00774999999999992,0.00797391580927044,0.9545,0.97,,,,,,,,,,,,,,,,,,,,,,,,,,,,,,,,,,,,,,,,,,,,,,,,,,,,,,,,,,,,,,,,,,,,,,,,,,,,,,,,,,,,,"standard","cpu4","/Users/stefano/Documents/fastEmbedR-results/fastEmbedR-results/Macosko2015_retina/standard/cpu4/20260727_073247_1118059","/Users/stefano/Documents/fastEmbedR-results/fastEmbedR-results/Macosko2015_retina/standard/cpu4/20260727_073247_1118059/benchmark_summary_median_variability.csv",TRUE
"Macosko2015_retina","uwot_knn","UMAP","cpu","embedding_from_precomputed_knn",4,4,44808,50,30,,"standard_R_double",,3,3,"success",9.454,9.3975,9.6235,0.225999999999999,0.235228257939673,9.341,9.793,,,,,,,,,,,,,,,,,,,,,,,,,,,,,9.454,9.3975,9.6235,0.225999999999999,0.235228257939673,9.341,9.793,0.724967956542969,0.710166931152344,0.725021362304688,0.0148544311523438,0.0171216691096211,0.695365905761719,0.725074768066406,,,,,,,,,,,,,,,0.917800843028157,0.915598988366211,0.919336486258641,0.00373749789242961,0.00375723786662289,0.913397133704266,0.920872129489125,0.349533333333333,0.348466666666666,0.354983333333333,0.0065166666666665,0.00699081407859485,0.3474,0.360433333333333,0.4059,0.401175,0.410216666666666,0.00904166666666645,0.00904473962117271,0.39645,0.414533333333333,0.45633,0.44651,0.459455,0.012945,0.0135097754730911,0.43669,0.46258,0.379996438235396,0.33454152832506,0.418862900372711,0.0843213720476514,0.0844071264685892,0.289086618414724,0.457729362510027,0.963,0.9595,0.965,0.00549999999999995,0.00556776436283003,0.956,0.967,,,,,,,,,,,,,,,,,,,,,,,,,,,,,,,,,,,,,,,,,,,,,,,,,,,,,,,,,,,,,,,,,,,,,,,,,,,,,,,,,,,,,"standard","cpu4","/Users/stefano/Documents/fastEmbedR-results/fastEmbedR-results/Macosko2015_retina/standard/cpu4/20260727_073247_1118059","/Users/stefano/Documents/fastEmbedR-results/fastEmbedR-results/Macosko2015_retina/standard/cpu4/20260727_073247_1118059/benchmark_summary_median_variability.csv",TRUE
"Macosko2015_retina","fastEmbedR_pca_cuda","PCA","cuda","pca_only",1,,44808,50,,,"float32",,3,3,"success",1.167,1.156,1.1855,0.0294999999999999,0.0298161030317511,1.145,1.204,,,,,,,,,,,,,,,1.167,1.156,1.1855,0.0294999999999999,0.0298161030317511,1.145,1.204,,,,,,,,,,,,,,,0.726650238037109,0.726572036743164,0.726795196533203,0.000223159790039062,0.000226463683409005,0.726493835449219,0.726940155029297,461,461,461,0,0,461,461,461,461,461,0,0,461,461,,,,,,,,,,,,,,,,,,,,,,,,,,,,,,,,,,,,,,,,,,,,,,,,,,,,,,,,,,,,,,,,,,,,,,,,,,,,,,,,,,,,,,,,,,,,,,,,,,,,,,,,,,,,,,,,,,,,,,,,,,,,,,,"standard","cuda","/Users/stefano/Documents/fastEmbedR-results/fastEmbedR-results/Macosko2015_retina/standard/cuda/20260727_090725_1118070","/Users/stefano/Documents/fastEmbedR-results/fastEmbedR-results/Macosko2015_retina/standard/cuda/20260727_090725_1118070/benchmark_summary_median_variability.csv",TRUE
"Macosko2015_retina","fastEmbedR_tsne_cuda_full","t-SNE","cuda","full_pipeline",1,,44808,50,,30,"float32",,3,3,"success",0.905,0.8935,0.95,0.0565,0.0597187854308285,0.882,0.995,0.00299999999999989,0.00299999999999989,0.003,1.10154940724527e-16,1.2694558359329e-16,0.00299999999999989,0.00300000000000011,0.326,0.326,0.33,0.004,0.00461880215351701,0.326,0.334,,,,,,,,,,,,,,,0.278,0.278,0.319,0.041,0.0473427220735493,0.278,0.36,0.986907958984375,0.986900329589844,0.987798690795898,0.000898361206054688,0.0010329615108237,0.986892700195312,0.988689422607422,2107,2107,2107,0,0,2107,2107,2107,2107,2107,0,0,2107,2107,0.923888872028326,0.923751492159839,0.926657275332996,0.00290578317315748,0.00327887236053073,0.923614112291351,0.929425678637666,0.388666666666667,0.3862,0.39135,0.00514999999999999,0.00515151901366463,0.383733333333333,0.394033333333333,0.42575,0.423475,0.429066666666666,0.00559166666666644,0.00562391553332053,0.4212,0.432383333333333,0.46217,0.456565,0.466195,0.00963000000000003,0.00967310877295057,0.45096,0.47022,0.0786187155395391,0.0772376462483931,0.0804915325143609,0.0032538862659678,0.00326624878007183,0.0758565769572472,0.0823643494891828,0.9645,0.96375,0.9705,0.00675000000000003,0.0073993242934744,0.963,0.9765,1.91625935737624,1.90850063314593,1.91658066705485,0.0080800339089202,0.00915015444535839,1.90074190891562,1.91690197673346,,,,,,,,,,,,,,,,,,,,,,,,,,,,,,,,,,,,,,,,,,,,,,,,,,,,,,,,,,,,,,,,,,,,,,,,,,,,,,"standard","cuda","/Users/stefano/Documents/fastEmbedR-results/fastEmbedR-results/Macosko2015_retina/standard/cuda/20260727_090725_1118070","/Users/stefano/Documents/fastEmbedR-results/fastEmbedR-results/Macosko2015_retina/standard/cuda/20260727_090725_1118070/benchmark_summary_median_variability.csv",TRUE
"Macosko2015_retina","fastEmbedR_tsne_cuda_knn","t-SNE","cuda","embedding_from_precomputed_knn",1,,44808,50,,30,"float32",,3,3,"success",0.533,0.5295,0.537,0.00749999999999995,0.00750555349946514,0.526,0.541,,,,,,,,,,,,,,,,,,,,,,,,,,,,,0.533,0.5295,0.537,0.00749999999999995,0.00750555349946514,0.526,0.541,0.612751007080078,0.612648010253906,0.612874984741211,0.000226974487304688,0.000227297491625209,0.612545013427734,0.612998962402344,543,543,543,0,0,543,543,543,543,543,0,0,543,543,0.927952638678132,0.926178974877761,0.92956518293711,0.00338620805934908,0.00338748552617915,0.92440531107739,0.931177727196088,0.389233333333333,0.387066666666667,0.391216666666666,0.00414999999999999,0.00415134962436357,0.3849,0.3932,0.422833333333333,0.420133333333333,0.425941666666666,0.00580833333333347,0.00581311575790615,0.417433333333333,0.42905,0.46119,0.45549,0.46302,0.00752999999999998,0.00785450189381858,0.44979,0.46485,0.0549145647033389,0.0522366686959351,0.0558070073804233,0.00357033868448815,0.00371617180086383,0.0495587726885313,0.0566994500575076,0.9645,0.9625,0.97,0.00749999999999995,0.00776745346515404,0.9605,0.9755,1.91017310100196,1.90943772075167,1.91097710244977,0.00153938169809997,0.00153989143622579,1.90870234050138,1.91178110389758,,,,,,,,,,,,,,,,,,,,,,,,,,,,,,,,,,,,,,,,,,,,,,,,,,,,,,,,,,,,,,,,,,,,,,,,,,,,,,"standard","cuda","/Users/stefano/Documents/fastEmbedR-results/fastEmbedR-results/Macosko2015_retina/standard/cuda/20260727_090725_1118070","/Users/stefano/Documents/fastEmbedR-results/fastEmbedR-results/Macosko2015_retina/standard/cuda/20260727_090725_1118070/benchmark_summary_median_variability.csv",TRUE
"Macosko2015_retina","rapids_cuml_tsne_full","t-SNE","cuda","full_pipeline",1,,44808,50,,30,"standard_R_double",,3,3,"success",3.95,3.94,5.1395,1.1995,1.37932604315779,3.93,6.329,,,,,,,,,,,,,,,,,,,,,,,,,,,,,,,,,,,,1.19874572753906,1.19759559631348,1.19895935058594,0.00136375427246094,0.00146702927893514,1.19644546508789,1.19917297363281,595,595,595,0,0,595,595,595,595,595,0,0,595,595,0.805995852301467,0.666706086663295,0.859780357443938,0.193074270780644,0.199285533581735,0.527416321025122,0.91356486258641,0.286366666666667,0.15145,0.328066666666667,0.176616666666667,0.184634492784869,0.0165333333333333,0.369766666666667,0.290733333333333,0.159216666666667,0.346958333333333,0.187741666666667,0.192708445825793,0.0277,0.403183333333333,0.30118,0.1721,0.366875,0.194775,0.198183046785878,0.04302,0.43257,-0.262514360871727,-0.324014950612968,-0.237863260974914,0.0861516896380545,0.0887397426640954,-0.38551554035421,-0.213212161078101,0.88,0.77,0.918,0.148,0.153727030804605,0.66,0.956,2.9412838042587,2.49081362999493,5.20584640428657,2.71503277429164,2.91004812249145,2.04034345573116,7.47040900431444,,,,,,,,,,,,,,,,,,,,,,,,,,,,,,,,,,,,,,,,,,,,,,,,,,,,,,,,,,,,,,,,,,,,,,,,,,,,,,"standard","cuda","/Users/stefano/Documents/fastEmbedR-results/fastEmbedR-results/Macosko2015_retina/standard/cuda/20260727_090725_1118070","/Users/stefano/Documents/fastEmbedR-results/fastEmbedR-results/Macosko2015_retina/standard/cuda/20260727_090725_1118070/benchmark_summary_median_variability.csv",TRUE
"Macosko2015_retina","fastEmbedR_umap_cuda_binary_full","UMAP","cuda","full_pipeline",1,,44808,50,30,,"float32",,3,3,"success",0.672,0.6675,0.673,0.00550000000000006,0.00585946527708232,0.663,0.674,0.002,0.002,0.00250000000000006,0.000500000000000055,0.000577350269189689,0.002,0.00300000000000011,0.329,0.325,0.331,0.00600000000000001,0.00611010092660779,0.321,0.333,,,,,,,,,,,,,,,0.097,0.097,0.104,0.00700000000000001,0.00808290376865476,0.097,0.111,0.941539764404297,0.941278457641602,0.942310333251953,0.00103187561035156,0.00107294760619116,0.941017150878906,0.943080902099609,2003,2003,2003,0,0,2003,2003,2003,2003,2003,0,0,2003,2003,0.920797487776092,0.920015638172315,0.922561810824482,0.0025461726521665,0.00260859090911105,0.919233788568538,0.924326133872871,0.356233333333333,0.354166666666667,0.3588,0.00463333333333349,0.00464231742894782,0.3521,0.361366666666667,0.4177,0.414158333333334,0.4205,0.00634166666666647,0.00635610671658291,0.410616666666667,0.4233,0.46543,0.46162,0.469315,0.00769500000000001,0.00769512183139423,0.45781,0.4732,0.162001401169992,0.150215654578324,0.251716315373211,0.101500660794887,0.111025684100611,0.138429907986656,0.341431229576431,0.968,0.964,0.97,0.00600000000000001,0.00611010092660779,0.96,0.972,,,,,,,,,,,,,,,,,,,,,,,,,,,,,,,,,,,,,,,,,,,,,,,,,,,,,,,,,,,,,,,,,,,,,,,,,,,,,,,,,,,,,"standard","cuda","/Users/stefano/Documents/fastEmbedR-results/fastEmbedR-results/Macosko2015_retina/standard/cuda/20260727_090725_1118070","/Users/stefano/Documents/fastEmbedR-results/fastEmbedR-results/Macosko2015_retina/standard/cuda/20260727_090725_1118070/benchmark_summary_median_variability.csv",TRUE
"Macosko2015_retina","fastEmbedR_umap_cuda_binary_knn","UMAP","cuda","embedding_from_precomputed_knn",1,,44808,50,30,,"float32",,3,3,"success",1.053,1.041,1.053,0.012,0.013856406460551,1.029,1.053,,,,,,,,,,,,,,,,,,,,,,,,,,,,,1.053,1.041,1.053,0.012,0.013856406460551,1.029,1.053,0.599193572998047,0.599161148071289,0.599214553833008,5.340576171875e-05,5.38129271685253e-05,0.599128723144531,0.599235534667969,437,437,458,21,24.2487113059643,437,479,437,437,458,21,24.2487113059643,437,479,0.919172078907436,0.917430871691115,0.919343314786714,0.00191244309559946,0.00211637471326608,0.915689664474793,0.919514550665992,0.3433,0.341666666666667,0.345783333333333,0.00411666666666699,0.00414581448906972,0.340033333333333,0.348266666666667,0.408633333333333,0.404075,0.410533333333333,0.00645833333333296,0.00663819615167728,0.399516666666667,0.412433333333333,0.46332,0.460315,0.46675,0.00643499999999997,0.00643967649290966,0.45731,0.47018,0.254190112124861,0.24902972121859,0.284966251100383,0.0359365298817935,0.0388607303456093,0.243869330312319,0.315742390075906,0.969,0.96625,0.97,0.00374999999999992,0.00388372673257699,0.9635,0.971,,,,,,,,,,,,,,,,,,,,,,,,,,,,,,,,,,,,,,,,,,,,,,,,,,,,,,,,,,,,,,,,,,,,,,,,,,,,,,,,,,,,,"standard","cuda","/Users/stefano/Documents/fastEmbedR-results/fastEmbedR-results/Macosko2015_retina/standard/cuda/20260727_090725_1118070","/Users/stefano/Documents/fastEmbedR-results/fastEmbedR-results/Macosko2015_retina/standard/cuda/20260727_090725_1118070/benchmark_summary_median_variability.csv",TRUE
"Macosko2015_retina","fastEmbedR_umap_cuda_fuzzy_full","UMAP","cuda","full_pipeline",1,,44808,50,30,,"float32",,3,3,"success",0.611,0.607,0.634,0.027,0.0291433239925259,0.603,0.657,0.002,0.002,0.003,0.001,0.00115470053837925,0.002,0.004,0.324,0.322,0.345,0.023,0.0254820198048218,0.32,0.366,,,,,,,,,,,,,,,0.048,0.0465000000000001,0.05,0.00349999999999991,0.00351188458428415,0.0450000000000002,0.052,0.941432952880859,0.941125869750977,0.942235946655273,0.00111007690429688,0.00114640591527309,0.940818786621094,0.943038940429688,2003,2003,2051,48,55.4256258422041,2003,2099,2003,2003,2051,48,55.4256258422041,2003,2099,0.91506051256112,0.914329151913674,0.918610293373799,0.00428114146012493,0.0045799566530917,0.913597791266228,0.922160074186478,0.347533333333333,0.347333333333333,0.353166666666667,0.00583333333333347,0.00662330341658531,0.347133333333333,0.3588,0.40275,0.399916666666666,0.408658333333334,0.00874166666666704,0.00892012394034506,0.397083333333333,0.414566666666667,0.45213,0.44628,0.45689,0.01061,0.0106286468251294,0.44043,0.46165,0.380603187927349,0.36963538204898,0.398771278194678,0.029135896145698,0.0294309668428828,0.358667576170611,0.416939368462007,0.962,0.9575,0.964,0.00649999999999995,0.0066583281184794,0.953,0.966,,,,,,,,,,,,,,,,,,,,,,,,,,,,,,,,,,,,,,,,,,,,,,,,,,,,,,,,,,,,,,,,,,,,,,,,,,,,,,,,,,,,,"standard","cuda","/Users/stefano/Documents/fastEmbedR-results/fastEmbedR-results/Macosko2015_retina/standard/cuda/20260727_090725_1118070","/Users/stefano/Documents/fastEmbedR-results/fastEmbedR-results/Macosko2015_retina/standard/cuda/20260727_090725_1118070/benchmark_summary_median_variability.csv",TRUE
"Macosko2015_retina","fastEmbedR_umap_cuda_fuzzy_knn","UMAP","cuda","embedding_from_precomputed_knn",1,,44808,50,30,,"float32",,3,3,"success",1.39,1.3805,1.3955,0.0149999999999999,0.0151767365837763,1.371,1.401,,,,,,,,,,,,,,,,,,,,,,,,,,,,,1.39,1.3805,1.3955,0.0149999999999999,0.0151767365837763,1.371,1.401,0.658485412597656,0.658334732055664,0.659225463867188,0.000890731811523438,0.00095351408566058,0.658184051513672,0.659965515136719,437,437,437,0,0,437,437,437,437,437,0,0,437,437,0.916106154105547,0.915920763783511,0.918237270274827,0.00231650649131643,0.00257451976399262,0.915735373461474,0.920368386444107,0.350766666666667,0.3484,0.352233333333334,0.00383333333333347,0.0038683904203746,0.346033333333333,0.3537,0.404266666666667,0.4031,0.407366666666667,0.00426666666666697,0.00441025740409477,0.401933333333333,0.410466666666667,0.45453,0.45312,0.456965,0.00384499999999999,0.00389027419770551,0.45171,0.4594,0.381969614384713,0.373459297075754,0.440944956296817,0.0674856592210625,0.0735066013128529,0.364948979766795,0.49992029820892,0.968,0.964,0.97,0.00600000000000001,0.00611010092660779,0.96,0.972,,,,,,,,,,,,,,,,,,,,,,,,,,,,,,,,,,,,,,,,,,,,,,,,,,,,,,,,,,,,,,,,,,,,,,,,,,,,,,,,,,,,,"standard","cuda","/Users/stefano/Documents/fastEmbedR-results/fastEmbedR-results/Macosko2015_retina/standard/cuda/20260727_090725_1118070","/Users/stefano/Documents/fastEmbedR-results/fastEmbedR-results/Macosko2015_retina/standard/cuda/20260727_090725_1118070/benchmark_summary_median_variability.csv",TRUE
"Macosko2015_retina","rapids_cuml_umap_full","UMAP","cuda","full_pipeline",1,,44808,50,30,,"standard_R_double",,3,3,"success",3.613,3.5745,3.6205,0.0459999999999998,0.0493592274385787,3.536,3.628,,,,,,,,,,,,,,,,,,,,,,,,,,,,,,,,,,,,1.31975173950195,1.31963539123535,1.32102012634277,0.00138473510742188,0.00153619300324623,1.31951904296875,1.32228851318359,641,641,642,1,1.15470053837925,641,643,641,641,642,1,1.15470053837925,641,643,0.909043483392345,0.908414904737818,0.914292513909964,0.00587760917214641,0.00645464804515981,0.907786326083291,0.919541544427584,0.337933333333333,0.3373,0.344483333333333,0.00718333333333299,0.00795419758739093,0.336666666666667,0.351033333333333,0.3974,0.394491666666666,0.404075,0.0095833333333335,0.00982698005681501,0.391583333333333,0.41075,0.45346,0.44887,0.458415,0.00954500000000003,0.00954732597816443,0.44428,0.46337,0.314217706141125,0.313749641588164,0.343115598352683,0.0293659567645185,0.0336419051718947,0.313281577035204,0.372013490564241,0.968,0.96575,0.97225,0.00650000000000006,0.0066017674401128,0.9635,0.9765,,,,,,,,,,,,,,,,,,,,,,,,,,,,,,,,,,,,,,,,,,,,,,,,,,,,,,,,,,,,,,,,,,,,,,,,,,,,,,,,,,,,,"standard","cuda","/Users/stefano/Documents/fastEmbedR-results/fastEmbedR-results/Macosko2015_retina/standard/cuda/20260727_090725_1118070","/Users/stefano/Documents/fastEmbedR-results/fastEmbedR-results/Macosko2015_retina/standard/cuda/20260727_090725_1118070/benchmark_summary_median_variability.csv",TRUE
"MetRef","fastEmbedR_pca_cpu","PCA","cpu","pca_only",1,1,873,375,,,"float32",,3,3,"success",0.707,0.706,0.716,0.01,0.0110151410945722,0.705,0.725,,,,,,,,,,,,,,,0.707,0.706,0.716,0.01,0.0110151410945722,0.705,0.725,,,,,,,,,,,,,,,0.474292755126953,0.474252700805664,0.507390975952148,0.0331382751464844,0.0382416797558733,0.474212646484375,0.540489196777344,,,,,,,,,,,,,,,,,,,,,,,,,,,,,,,,,,,,,,,,,,,,,,,,,,,,,,,,,,,,,,,,,,,,,,,,,,,,,,,,,,,,,,,,,,,,,,,,,,,,,,,,,,,,,,,,,,,,,,,,,,,,,,,,,,,,,,,,,,,,,"standard","cpu1","/Users/stefano/Documents/fastEmbedR-results/fastEmbedR-results/MetRef/standard/cpu1/20260727_073247_1118050","/Users/stefano/Documents/fastEmbedR-results/fastEmbedR-results/MetRef/standard/cpu1/20260727_073247_1118050/benchmark_summary_median_variability.csv",TRUE
"MetRef","irlba_pca","PCA","cpu","pca_only",1,1,873,375,,,"standard_R_double",,3,3,"success",0.529,0.5245,0.541,0.0165000000000001,0.017058722109232,0.52,0.553,,,,,,,,,,,,,,,0.529,0.5245,0.541,0.0165000000000001,0.017058722109232,0.52,0.553,,,,,,,,,,,,,,,0.195411682128906,0.190301895141602,0.195468902587891,0.00516700744628906,0.00593358594143324,0.185192108154297,0.195526123046875,,,,,,,,,,,,,,,,,,,,,,,,,,,,,,,,,,,,,,,,,,,,,,,,,,,,,,,,,,,,,,,,,,,,,,,,,,,,,,,,,,,,,,,,,,,,,,,,,,,,,,,,,,,,,,,,,,,,,,,,,,,,,,,,,,,,,,,,,,,,,"standard","cpu1","/Users/stefano/Documents/fastEmbedR-results/fastEmbedR-results/MetRef/standard/cpu1/20260727_073247_1118050","/Users/stefano/Documents/fastEmbedR-results/fastEmbedR-results/MetRef/standard/cpu1/20260727_073247_1118050/benchmark_summary_median_variability.csv",TRUE
"MetRef","fastEmbedR_tsne_cpu_full","t-SNE","cpu","full_pipeline",1,1,873,375,,30,"float32",,3,3,"success",2.758,2.7545,2.783,0.0284999999999997,0.0310859024854246,2.751,2.808,0.001,0.001,0.001,0,0,0.001,0.001,0.395,0.394,0.4025,0.00849999999999995,0.00929157324317754,0.393,0.41,,,,,,,,,,,,,,,1.455,1.411,1.463,0.052,0.056,1.367,1.471,0.511070251464844,0.510946273803711,0.539218902587891,0.0282726287841797,0.0325750770669387,0.510822296142578,0.567367553710938,,,,,,,,,,,,,,,0.88761521011612,0.886461109988096,0.888943647103744,0.00248253711564794,0.00248457675351523,0.885307009860072,0.890272084091368,0.439557082856052,0.436120656739214,0.440817105765559,0.00469644902634597,0.00486164002822366,0.432684230622375,0.442077128675067,0.446888125238641,0.443604429171439,0.447842688048874,0.00423825887743451,0.00444647338404918,0.440320733104238,0.448797250859107,0.404879725085911,0.403379152348225,0.405234822451317,0.00185567010309295,0.00196999563646212,0.401878579610538,0.405589919816724,0.0310100026439473,0.0257404591941525,0.0483168248227911,0.0225763656286386,0.0236218326567799,0.0204709157443577,0.0656236470016349,0.709049255441008,0.709049255441008,0.714203894616266,0.00515463917525749,0.00595206463082061,0.709049255441008,0.719358533791523,1.83221103071495,1.83091525953256,1.83832055741364,0.00740529788108013,0.00790964711166673,1.82961948835017,1.84443008411233,,,,,,,,,,,,,,,,,,,,,,,,,,,,,,,,,,,,,,,,,,,,,,,,,,,,,,,,,,,,,,,,,,,,,,,,,,,,,,"standard","cpu1","/Users/stefano/Documents/fastEmbedR-results/fastEmbedR-results/MetRef/standard/cpu1/20260727_073247_1118050","/Users/stefano/Documents/fastEmbedR-results/fastEmbedR-results/MetRef/standard/cpu1/20260727_073247_1118050/benchmark_summary_median_variability.csv",TRUE
"MetRef","fastEmbedR_tsne_cpu_knn","t-SNE","cpu","embedding_from_precomputed_knn",1,1,873,375,,30,"float32",,3,3,"success",1.52,1.516,1.552,0.036,0.03946306289853,1.512,1.584,,,,,,,,,,,,,,,,,,,,,,,,,,,,,1.52,1.516,1.552,0.036,0.03946306289853,1.512,1.584,0.432926177978516,0.430479049682617,0.433135986328125,0.00265693664550781,0.0029542927837747,0.428031921386719,0.433345794677734,,,,,,,,,,,,,,,0.888764099454215,0.888764099454215,0.888764099454215,0,0,0.888764099454215,0.888764099454215,0.438411607483772,0.438411607483772,0.438411607483772,0,0,0.438411607483772,0.438411607483772,0.445017182130584,0.445017182130584,0.445017182130584,0,0,0.445017182130584,0.445017182130584,0.405910652920962,0.405910652920962,0.405910652920962,0,0,0.405910652920962,0.405910652920962,0.0346581205699129,0.0346581205699129,0.0346581205699129,0,0,0.0346581205699129,0.0346581205699129,0.706758304696449,0.706758304696449,0.706758304696449,0,0,0.706758304696449,0.706758304696449,1.83353271206429,1.83353271206429,1.83353271206429,0,0,1.83353271206429,1.83353271206429,,,,,,,,,,,,,,,,,,,,,,,,,,,,,,,,,,,,,,,,,,,,,,,,,,,,,,,,,,,,,,,,,,,,,,,,,,,,,,"standard","cpu1","/Users/stefano/Documents/fastEmbedR-results/fastEmbedR-results/MetRef/standard/cpu1/20260727_073247_1118050","/Users/stefano/Documents/fastEmbedR-results/fastEmbedR-results/MetRef/standard/cpu1/20260727_073247_1118050/benchmark_summary_median_variability.csv",TRUE
"MetRef","KlugerLab_FItSNE","t-SNE","cpu","full_pipeline",1,1,873,375,,30,"standard_R_double",,3,3,"success",4.69,4.422,4.932,0.51,0.510220867206873,4.154,5.174,,,,,,,,,,,,,,,,,,,,,,,,,,,,,,,,,,,,0.528182983398438,0.528169631958008,0.561420440673828,0.0332508087158203,0.0383870205898682,0.528156280517578,0.594657897949219,,,,,,,,,,,,,,,0.868530692001887,0.868155425285807,0.869648451362218,0.00149302607641011,0.0015533486323947,0.867780158569728,0.870766210722548,0.437647957235586,0.43631156930126,0.439404352806415,0.00309278350515452,0.00310227528565661,0.434975181366934,0.441160748377243,0.403512791141657,0.403340969835815,0.406815578465063,0.00347460862924798,0.00391670199625802,0.403169148529973,0.410118365788469,0.368339060710195,0.364203894616266,0.371145475372279,0.00694158075601348,0.00698384351066564,0.360068728522337,0.373951890034364,0.0216918840889561,0.0115210763463782,0.0435843390312303,0.0320632626848521,0.0327696783376932,0.00135026860380036,0.0654767939735045,0.7262313860252,0.72508591065292,0.730240549828179,0.00515463917525805,0.00541330541380626,0.723940435280641,0.734249713631157,2.1166902407364,2.09768944668141,2.12323770679018,0.0255482601087698,0.0265406993255127,2.07868865262642,2.12978517284396,,,,,,,,,,,,,,,,,,,,,,,,,,,,,,,,,,,,,,,,,,,,,,,,,,,,,,,,,,,,,,,,,,,,,,,,,,,,,,"standard","cpu1","/Users/stefano/Documents/fastEmbedR-results/fastEmbedR-results/MetRef/standard/cpu1/20260727_073247_1118050","/Users/stefano/Documents/fastEmbedR-results/fastEmbedR-results/MetRef/standard/cpu1/20260727_073247_1118050/benchmark_summary_median_variability.csv",TRUE
"MetRef","Rtsne_full","t-SNE","cpu","full_pipeline",1,1,873,375,,30,"standard_R_double",,3,3,"success",1.208,1.1885,1.2095,0.0210000000000001,0.02343074902772,1.169,1.211,,,,,,,,,,,,,,,,,,,,,,,,,,,,,,,,,,,,0.423843383789062,0.412441253662109,0.454219818115234,0.041778564453125,0.043190931004615,0.401039123535156,0.484596252441406,,,,,,,,,,,,,,,0.876777934999888,0.874836825910204,0.878817465130382,0.00398063922017799,0.0039810447751368,0.87289571682052,0.880856995260876,0.437571592210767,0.436578846888125,0.441809851088201,0.00523100420007649,0.00555648489178772,0.435586101565483,0.446048109965636,0.406185567010309,0.405116456662849,0.409889270714013,0.00477281405116448,0.00500933608554206,0.404047346315388,0.413592974417717,0.373539518900344,0.369312714776633,0.374490263459336,0.00517754868270348,0.00551221665505764,0.365085910652921,0.375441008018328,0.0234681726731903,0.0103412422245872,0.0255465148351878,0.0152052726106007,0.0164891100286923,-0.00278568822401594,0.0276248569971854,0.698739977090493,0.688430698739978,0.702176403207331,0.0137457044673539,0.0143069828142003,0.678121420389462,0.70561282932417,2.04185033576717,2.01346739189745,2.04272756479383,0.0292601728963748,0.033291828340724,1.98508444802774,2.04360479382049,,,,,,,,,,,,,,,,,,,,,,,,,,,,,,,,,,,,,,,,,,,,,,,,,,,,,,,,,,,,,,,,,,,,,,,,,,,,,,"standard","cpu1","/Users/stefano/Documents/fastEmbedR-results/fastEmbedR-results/MetRef/standard/cpu1/20260727_073247_1118050","/Users/stefano/Documents/fastEmbedR-results/fastEmbedR-results/MetRef/standard/cpu1/20260727_073247_1118050/benchmark_summary_median_variability.csv",TRUE
"MetRef","Rtsne_neighbors","t-SNE","cpu","embedding_from_precomputed_knn",1,1,873,375,,30,"standard_R_double",,3,3,"success",0.77,0.758,0.7815,0.0235000000000001,0.0235017729827631,0.746,0.793,,,,,,,,,,,,,,,,,,,,,,,,,,,,,0.77,0.758,0.7815,0.0235000000000001,0.0235017729827631,0.746,0.793,0.430446624755859,0.42877197265625,0.432924270629883,0.00415229797363281,0.00417809902496551,0.427097320556641,0.435401916503906,,,,,,,,,,,,,,,0.876007726343688,0.876007726343688,0.876007726343688,0,0,0.876007726343688,0.876007726343688,0.441313478426881,0.441313478426881,0.441313478426881,0,0,0.441313478426881,0.441313478426881,0.404314623902253,0.404314623902253,0.404314623902253,0,0,0.404314623902253,0.404314623902253,0.36991981672394,0.36991981672394,0.36991981672394,0,0,0.36991981672394,0.36991981672394,0.0267235993426524,0.0267235993426524,0.0267235993426524,0,0,0.0267235993426524,0.0267235993426524,0.713631156930126,0.713631156930126,0.713631156930126,0,0,0.713631156930126,0.713631156930126,2.02451905897656,2.02451905897656,2.02451905897656,0,0,2.02451905897656,2.02451905897656,,,,,,,,,,,,,,,,,,,,,,,,,,,,,,,,,,,,,,,,,,,,,,,,,,,,,,,,,,,,,,,,,,,,,,,,,,,,,,"standard","cpu1","/Users/stefano/Documents/fastEmbedR-results/fastEmbedR-results/MetRef/standard/cpu1/20260727_073247_1118050","/Users/stefano/Documents/fastEmbedR-results/fastEmbedR-results/MetRef/standard/cpu1/20260727_073247_1118050/benchmark_summary_median_variability.csv",TRUE
"MetRef","fastEmbedR_umap_cpu_binary_full","UMAP","cpu","full_pipeline",1,1,873,375,30,,"float32",,3,3,"success",3.959,3.9585,3.9625,0.00400000000000045,0.0043588989435407,3.958,3.966,0.001,0.001,0.001,0,0,0.001,0.001,0.388,0.3845,0.392,0.00750000000000001,0.00750555349946514,0.381,0.396,,,,,,,,,,,,,,,3.339,3.3365,3.3465,0.00999999999999979,0.0104083299973307,3.334,3.354,0.419651031494141,0.419645309448242,0.419849395751953,0.000204086303710938,0.000232425385803933,0.419639587402344,0.420047760009766,,,,,,,,,,,,,,,0.807346944275992,0.806790782292299,0.808656200166206,0.00186541787390748,0.00191542005531589,0.806234620308605,0.80996545605642,0.281939671630393,0.280068728522336,0.284956090110729,0.00488736158839248,0.00493190374722184,0.27819778541428,0.287972508591065,0.349904543718977,0.349541809851089,0.351870943108056,0.00232913325696799,0.00250641365899564,0.3491790759832,0.353837342497136,0.362474226804124,0.362164948453608,0.364043528064147,0.0018785796105385,0.00201451746016068,0.361855670103093,0.36561282932417,-0.0303113784483505,-0.0331615779103792,-0.0287067636882442,0.0044548142221349,0.00451248602992738,-0.0360117773724078,-0.027102148928138,0.565864833906071,0.562428407789233,0.56815578465063,0.00572737686139746,0.00576543294026025,0.558991981672394,0.570446735395189,,,,,,,,,,,,,,,,,,,,,,,,,,,,,,,,,,,,,,,,,,,,,,,,,,,,,,,,,,,,,,,,,,,,,,,,,,,,,,,,,,,,,"standard","cpu1","/Users/stefano/Documents/fastEmbedR-results/fastEmbedR-results/MetRef/standard/cpu1/20260727_073247_1118050","/Users/stefano/Documents/fastEmbedR-results/fastEmbedR-results/MetRef/standard/cpu1/20260727_073247_1118050/benchmark_summary_median_variability.csv",TRUE
"MetRef","fastEmbedR_umap_cpu_binary_knn","UMAP","cpu","embedding_from_precomputed_knn",1,1,873,375,30,,"float32",,3,3,"success",3.261,3.2585,3.2915,0.0330000000000004,0.0367468819538929,3.256,3.322,,,,,,,,,,,,,,,,,,,,,,,,,,,,,3.261,3.2585,3.2915,0.0330000000000004,0.0367468819538929,3.256,3.322,0.426441192626953,0.422571182250977,0.428888320922852,0.006317138671875,0.00637033009120939,0.418701171875,0.43133544921875,,,,,,,,,,,,,,,0.807346944275992,0.806790782292299,0.808656200166206,0.00186541787390748,0.00191542005531589,0.806234620308605,0.80996545605642,0.281939671630393,0.280068728522336,0.284956090110729,0.00488736158839248,0.00493190374722184,0.27819778541428,0.287972508591065,0.349904543718977,0.349541809851089,0.351870943108056,0.00232913325696799,0.00250641365899564,0.3491790759832,0.353837342497136,0.362474226804124,0.362164948453608,0.364043528064147,0.0018785796105385,0.00201451746016068,0.361855670103093,0.36561282932417,-0.0303113784483505,-0.0331615779103792,-0.0287067636882442,0.0044548142221349,0.00451248602992738,-0.0360117773724078,-0.027102148928138,0.565864833906071,0.562428407789233,0.56815578465063,0.00572737686139746,0.00576543294026025,0.558991981672394,0.570446735395189,,,,,,,,,,,,,,,,,,,,,,,,,,,,,,,,,,,,,,,,,,,,,,,,,,,,,,,,,,,,,,,,,,,,,,,,,,,,,,,,,,,,,"standard","cpu1","/Users/stefano/Documents/fastEmbedR-results/fastEmbedR-results/MetRef/standard/cpu1/20260727_073247_1118050","/Users/stefano/Documents/fastEmbedR-results/fastEmbedR-results/MetRef/standard/cpu1/20260727_073247_1118050/benchmark_summary_median_variability.csv",TRUE
"MetRef","fastEmbedR_umap_cpu_fuzzy_full","UMAP","cpu","full_pipeline",1,1,873,375,30,,"float32",,3,3,"success",1.227,1.2145,1.232,0.0175000000000001,0.01802775637732,1.202,1.237,0.001,0.001,0.001,0,0,0.001,0.001,0.377,0.3665,0.3775,0.011,0.0124230967690562,0.356,0.378,,,,,,,,,,,,,,,0.604,0.601,0.6045,0.00350000000000006,0.00378593889720019,0.598,0.605,0.427413940429688,0.423730850219727,0.427726745605469,0.00399589538574219,0.00444448576001779,0.420047760009766,0.42803955078125,,,,,,,,,,,,,,,0.862881566830627,0.86275799025223,0.864902320149136,0.00214432989690694,0.00240788508194289,0.862634413673832,0.866923073467646,0.41008018327606,0.408323787705231,0.410996563573883,0.00267277586865244,0.00271642032774973,0.406567392134402,0.411912943871707,0.419282168766705,0.419243986254295,0.420714012982054,0.00147002672775898,0.00167583100611997,0.419205803741886,0.422145857197404,0.384948453608247,0.384730813287514,0.385567010309278,0.000836197021763962,0.000867642461234689,0.384513172966781,0.386185567010309,0.168235029602385,0.163900181137839,0.169864409355763,0.00596422821792403,0.00616537686475995,0.159565332673293,0.171493789109141,0.731958762886598,0.730813287514319,0.733676975945017,0.00286368843069851,0.00288271647012986,0.729667812142039,0.735395189003436,,,,,,,,,,,,,,,,,,,,,,,,,,,,,,,,,,,,,,,,,,,,,,,,,,,,,,,,,,,,,,,,,,,,,,,,,,,,,,,,,,,,,"standard","cpu1","/Users/stefano/Documents/fastEmbedR-results/fastEmbedR-results/MetRef/standard/cpu1/20260727_073247_1118050","/Users/stefano/Documents/fastEmbedR-results/fastEmbedR-results/MetRef/standard/cpu1/20260727_073247_1118050/benchmark_summary_median_variability.csv",TRUE
"MetRef","fastEmbedR_umap_cpu_fuzzy_knn","UMAP","cpu","embedding_from_precomputed_knn",1,1,873,375,30,,"float32",,3,3,"success",0.688,0.6865,0.694,0.00749999999999995,0.00793725393319374,0.685,0.7,,,,,,,,,,,,,,,,,,,,,,,,,,,,,0.688,0.6865,0.694,0.00749999999999995,0.00793725393319374,0.685,0.7,0.426570892333984,0.426418304443359,0.454471588134766,0.0280532836914062,0.0323054054827013,0.426265716552734,0.482372283935547,,,,,,,,,,,,,,,0.862881566830627,0.86275799025223,0.864902320149136,0.00214432989690694,0.00240788508194289,0.862634413673832,0.866923073467646,0.41008018327606,0.408323787705231,0.410996563573883,0.00267277586865244,0.00271642032774973,0.406567392134402,0.411912943871707,0.419282168766705,0.419243986254295,0.420714012982054,0.00147002672775898,0.00167583100611997,0.419205803741886,0.422145857197404,0.384948453608247,0.384730813287514,0.385567010309278,0.000836197021763962,0.000867642461234689,0.384513172966781,0.386185567010309,0.168235029602385,0.163900181137839,0.169864409355763,0.00596422821792403,0.00616537686475995,0.159565332673293,0.171493789109141,0.731958762886598,0.730813287514319,0.733676975945017,0.00286368843069851,0.00288271647012986,0.729667812142039,0.735395189003436,,,,,,,,,,,,,,,,,,,,,,,,,,,,,,,,,,,,,,,,,,,,,,,,,,,,,,,,,,,,,,,,,,,,,,,,,,,,,,,,,,,,,"standard","cpu1","/Users/stefano/Documents/fastEmbedR-results/fastEmbedR-results/MetRef/standard/cpu1/20260727_073247_1118050","/Users/stefano/Documents/fastEmbedR-results/fastEmbedR-results/MetRef/standard/cpu1/20260727_073247_1118050/benchmark_summary_median_variability.csv",TRUE
"MetRef","umap_package","UMAP","cpu","full_pipeline",1,1,873,375,30,,"standard_R_double",,3,3,"success",3.67,3.6355,3.6865,0.0509999999999997,0.0520480547186924,3.601,3.703,,,,,,,,,,,,,,,,,,,,,,,,,,,,,,,,,,,,0.543838500976562,0.54380989074707,0.543893814086914,8.392333984375e-05,8.5327652332599e-05,0.543781280517578,0.543949127197266,,,,,,,,,,,,,,,0.8487654470723,0.846317723423848,0.850946836466545,0.00462911304269698,0.00463166624521403,0.843869999775397,0.853128225860791,0.386254295532646,0.385834287896143,0.388239786177931,0.00240549828178704,0.0025696953776551,0.385414280259641,0.390225276823215,0.406491027109584,0.40479190530737,0.406872852233677,0.00208094692630745,0.00221557297845019,0.403092783505155,0.40725467735777,0.378991981672394,0.378407789232531,0.380813287514319,0.00240549828178704,0.00250929708089748,0.377823596792669,0.382634593356243,0.123906733485295,0.117057897971762,0.134636697120102,0.017578799148339,0.017721039228242,0.11020906245823,0.145366660754908,0.710194730813288,0.710194730813288,0.711340206185567,0.00114547537227949,0.0013226810290713,0.710194730813288,0.712485681557847,,,,,,,,,,,,,,,,,,,,,,,,,,,,,,,,,,,,,,,,,,,,,,,,,,,,,,,,,,,,,,,,,,,,,,,,,,,,,,,,,,,,,"standard","cpu1","/Users/stefano/Documents/fastEmbedR-results/fastEmbedR-results/MetRef/standard/cpu1/20260727_073247_1118050","/Users/stefano/Documents/fastEmbedR-results/fastEmbedR-results/MetRef/standard/cpu1/20260727_073247_1118050/benchmark_summary_median_variability.csv",TRUE
"MetRef","umap_package_knn","UMAP","cpu","embedding_from_precomputed_knn",1,1,873,375,30,,"standard_R_double",,3,3,"success",3.378,3.372,3.4195,0.0475000000000003,0.0517332903779889,3.366,3.461,,,,,,,,,,,,,,,,,,,,,,,,,,,,,3.378,3.372,3.4195,0.0475000000000003,0.0517332903779889,3.366,3.461,0.5728759765625,0.571897506713867,0.575160980224609,0.00326347351074219,0.00334951780966084,0.570919036865234,0.577445983886719,,,,,,,,,,,,,,,0.844091817712194,0.843379601554253,0.845505648765806,0.00212604721155352,0.00216429308698328,0.842667385396312,0.846919479819419,0.378617793050783,0.376365024818633,0.378694158075601,0.00232913325696849,0.00264646406279731,0.374112256586483,0.37877052310042,0.401221840397098,0.400916380297824,0.402920962199313,0.002004581901489,0.00216004156916584,0.400610920198549,0.404620084001527,0.38077892325315,0.379461626575028,0.381111111111111,0.00164948453608249,0.00174478624210186,0.378144329896907,0.381443298969072,0.106243908260522,0.101794876884938,0.110588352545169,0.00879347566023184,0.00879368297929183,0.0973458455093533,0.114932796829817,0.693012600229095,0.690721649484536,0.700458190148912,0.0097365406643759,0.0101812078090674,0.688430698739977,0.707903780068729,,,,,,,,,,,,,,,,,,,,,,,,,,,,,,,,,,,,,,,,,,,,,,,,,,,,,,,,,,,,,,,,,,,,,,,,,,,,,,,,,,,,,"standard","cpu1","/Users/stefano/Documents/fastEmbedR-results/fastEmbedR-results/MetRef/standard/cpu1/20260727_073247_1118050","/Users/stefano/Documents/fastEmbedR-results/fastEmbedR-results/MetRef/standard/cpu1/20260727_073247_1118050/benchmark_summary_median_variability.csv",TRUE
"MetRef","uwot_default","UMAP","cpu","full_pipeline",1,1,873,375,30,,"standard_R_double",,3,3,"success",2.074,2.049,2.1365,0.0874999999999999,0.0901387818865997,2.024,2.199,,,,,,,,,,,,,,,,,,,,,,,,,,,,,,,,,,,,0.554546356201172,0.521541595458984,0.55731201171875,0.0357704162597656,0.0398035656818821,0.488536834716797,0.560077667236328,,,,,,,,,,,,,,,0.863322327785639,0.862711811872515,0.864182647171125,0.00147083529860947,0.00147788939614474,0.862101295959392,0.865042966556611,0.406261932035128,0.40618556701031,0.406414662084765,0.00022909507445551,0.000233299004451982,0.406109201985491,0.406567392134402,0.418671248568156,0.417086674303169,0.420313096601757,0.00322642229858749,0.00322659174315763,0.415502100038182,0.421954944635357,0.384765177548683,0.383883161512028,0.386403207331042,0.00252004581901499,0.00255756717562467,0.383001145475372,0.388041237113402,0.151232325587154,0.147472154210999,0.154945797344,0.0074736431330005,0.00747369176718754,0.143711982834845,0.158659269100846,0.722794959908362,0.721076746849942,0.72794959908362,0.00687285223367706,0.00715349140710008,0.719358533791523,0.733104238258877,,,,,,,,,,,,,,,,,,,,,,,,,,,,,,,,,,,,,,,,,,,,,,,,,,,,,,,,,,,,,,,,,,,,,,,,,,,,,,,,,,,,,"standard","cpu1","/Users/stefano/Documents/fastEmbedR-results/fastEmbedR-results/MetRef/standard/cpu1/20260727_073247_1118050","/Users/stefano/Documents/fastEmbedR-results/fastEmbedR-results/MetRef/standard/cpu1/20260727_073247_1118050/benchmark_summary_median_variability.csv",TRUE
"MetRef","uwot_fast_sgd","UMAP","cpu","full_pipeline",1,1,873,375,30,,"standard_R_double",,3,3,"success",1.866,1.8435,1.873,0.0294999999999999,0.0308274769213008,1.821,1.88,,,,,,,,,,,,,,,,,,,,,,,,,,,,,,,,,,,,0.488185882568359,0.488151550292969,0.48822021484375,6.866455078125e-05,6.866455078125e-05,0.488117218017578,0.488254547119141,,,,,,,,,,,,,,,0.861081508433843,0.860688318397233,0.866605978932237,0.00591766053500398,0.00661780824241473,0.860295128360623,0.872130449430631,0.409316533027873,0.407560137457045,0.412180221458572,0.00462008400152752,0.00466410498813478,0.405803741886216,0.415043909889271,0.416914852997327,0.416418480336006,0.417678503245513,0.00126002290950744,0.00126943694945067,0.415922107674685,0.4184421534937,0.385841924398625,0.385097365406644,0.387182130584192,0.00208476517754852,0.00211293895761194,0.384352806414662,0.388522336769759,0.187695873000698,0.178087224633928,0.19361043129295,0.0155232066590225,0.0156690367329416,0.168478576267157,0.199524989585202,0.746849942726231,0.746277205040091,0.750286368843069,0.004009163802978,0.00433669976769766,0.745704467353952,0.753722794959908,,,,,,,,,,,,,,,,,,,,,,,,,,,,,,,,,,,,,,,,,,,,,,,,,,,,,,,,,,,,,,,,,,,,,,,,,,,,,,,,,,,,,"standard","cpu1","/Users/stefano/Documents/fastEmbedR-results/fastEmbedR-results/MetRef/standard/cpu1/20260727_073247_1118050","/Users/stefano/Documents/fastEmbedR-results/fastEmbedR-results/MetRef/standard/cpu1/20260727_073247_1118050/benchmark_summary_median_variability.csv",TRUE
"MetRef","uwot_knn","UMAP","cpu","embedding_from_precomputed_knn",1,1,873,375,30,,"standard_R_double",,3,3,"success",1.624,1.615,1.6355,0.0204999999999997,0.0205507501890644,1.606,1.647,,,,,,,,,,,,,,,,,,,,,,,,,,,,,1.624,1.615,1.6355,0.0204999999999997,0.0205507501890644,1.606,1.647,0.492790222167969,0.492687225341797,0.493288040161133,0.000600814819335938,0.000642603842530813,0.492584228515625,0.493785858154297,,,,,,,,,,,,,,,0.864732026143791,0.864303438672147,0.865574871414774,0.00127143274262742,0.00129373273661774,0.863874851200503,0.866417716685758,0.408323787705231,0.407674684994273,0.409087437953418,0.001412752959145,0.00141430005173394,0.407025582283314,0.409851088201604,0.419587628865979,0.417640320733104,0.41983581519664,0.00219549446353606,0.00240469005050621,0.415693012600229,0.420084001527301,0.383963344788087,0.383711340206186,0.38659793814433,0.0028865979381445,0.00319760703428456,0.383459335624284,0.389232531500573,0.148457057269208,0.141135169214456,0.162144577718478,0.021009408504022,0.0213284396432615,0.133813281159704,0.175832098167748,0.736540664375716,0.733104238258877,0.737686139747995,0.00458190148911797,0.00476899427140006,0.729667812142039,0.738831615120275,,,,,,,,,,,,,,,,,,,,,,,,,,,,,,,,,,,,,,,,,,,,,,,,,,,,,,,,,,,,,,,,,,,,,,,,,,,,,,,,,,,,,"standard","cpu1","/Users/stefano/Documents/fastEmbedR-results/fastEmbedR-results/MetRef/standard/cpu1/20260727_073247_1118050","/Users/stefano/Documents/fastEmbedR-results/fastEmbedR-results/MetRef/standard/cpu1/20260727_073247_1118050/benchmark_summary_median_variability.csv",TRUE
"MetRef","fastEmbedR_pca_cpu","PCA","cpu","pca_only",4,4,873,375,,,"float32",,3,3,"success",0.669,0.664,0.679,0.015,0.0152752523165194,0.659,0.689,,,,,,,,,,,,,,,0.669,0.664,0.679,0.015,0.0152752523165194,0.659,0.689,,,,,,,,,,,,,,,0.481594085693359,0.481473922729492,0.487428665161133,0.00595474243164062,0.00680762876635862,0.481353759765625,0.493263244628906,,,,,,,,,,,,,,,,,,,,,,,,,,,,,,,,,,,,,,,,,,,,,,,,,,,,,,,,,,,,,,,,,,,,,,,,,,,,,,,,,,,,,,,,,,,,,,,,,,,,,,,,,,,,,,,,,,,,,,,,,,,,,,,,,,,,,,,,,,,,,"standard","cpu4","/Users/stefano/Documents/fastEmbedR-results/fastEmbedR-results/MetRef/standard/cpu4/20260727_073247_1118061","/Users/stefano/Documents/fastEmbedR-results/fastEmbedR-results/MetRef/standard/cpu4/20260727_073247_1118061/benchmark_summary_median_variability.csv",TRUE
"MetRef","irlba_pca","PCA","cpu","pca_only",4,4,873,375,,,"standard_R_double",,3,3,"success",0.476,0.4745,0.502,0.0275,0.0309246395829173,0.473,0.528,,,,,,,,,,,,,,,0.476,0.4745,0.502,0.0275,0.0309246395829173,0.473,0.528,,,,,,,,,,,,,,,0.195369720458984,0.19017219543457,0.195558547973633,0.0053863525390625,0.00611352140122007,0.184974670410156,0.195747375488281,,,,,,,,,,,,,,,,,,,,,,,,,,,,,,,,,,,,,,,,,,,,,,,,,,,,,,,,,,,,,,,,,,,,,,,,,,,,,,,,,,,,,,,,,,,,,,,,,,,,,,,,,,,,,,,,,,,,,,,,,,,,,,,,,,,,,,,,,,,,,"standard","cpu4","/Users/stefano/Documents/fastEmbedR-results/fastEmbedR-results/MetRef/standard/cpu4/20260727_073247_1118061","/Users/stefano/Documents/fastEmbedR-results/fastEmbedR-results/MetRef/standard/cpu4/20260727_073247_1118061/benchmark_summary_median_variability.csv",TRUE
"MetRef","fastEmbedR_tsne_cpu_full","t-SNE","cpu","full_pipeline",4,4,873,375,,30,"float32",,3,3,"success",1.733,1.6785,1.74,0.0615000000000001,0.0673374586195034,1.624,1.747,0.001,0.001,0.001,0,0,0.001,0.001,0.228,0.218,0.238,0.02,0.02,0.208,0.248,,,,,,,,,,,,,,,0.675,0.6,0.677,0.077,0.0877800281005499,0.525,0.679,0.517925262451172,0.517623901367188,0.517982482910156,0.00035858154296875,0.000385290718656678,0.517322540283203,0.518039703369141,,,,,,,,,,,,,,,0.884126586258788,0.882554410080184,0.885847045347349,0.00329263526716506,0.00329374805903149,0.880982233901579,0.887567504435909,0.439251622756777,0.437266132111492,0.439442535318824,0.00217640320733153,0.00241044278501447,0.435280641466208,0.439633447880871,0.442764413898435,0.441962581137839,0.444845360824743,0.00288277968690348,0.00297586901697607,0.441160748377243,0.44692630775105,0.402542955326461,0.402520045819015,0.403711340206186,0.00119129438717103,0.0013625540697789,0.402497136311569,0.404879725085911,0.0330833412114059,0.0267097516530476,0.0527941766172739,0.0260844249642263,0.0271972658180926,0.0203361620946893,0.0725050120231419,0.707903780068729,0.707903780068729,0.709049255441008,0.00114547537227949,0.0013226810290713,0.707903780068729,0.710194730813288,1.8338908207125,1.83177076922389,1.84384631696081,0.0120755477369152,0.0128950992502569,1.82965071773529,1.85380181320912,,,,,,,,,,,,,,,,,,,,,,,,,,,,,,,,,,,,,,,,,,,,,,,,,,,,,,,,,,,,,,,,,,,,,,,,,,,,,,"standard","cpu4","/Users/stefano/Documents/fastEmbedR-results/fastEmbedR-results/MetRef/standard/cpu4/20260727_073247_1118061","/Users/stefano/Documents/fastEmbedR-results/fastEmbedR-results/MetRef/standard/cpu4/20260727_073247_1118061/benchmark_summary_median_variability.csv",TRUE
"MetRef","fastEmbedR_tsne_cpu_knn","t-SNE","cpu","embedding_from_precomputed_knn",4,4,873,375,,30,"float32",,3,3,"success",0.908,0.9,0.9115,0.0115,0.0117898261225516,0.892,0.915,,,,,,,,,,,,,,,,,,,,,,,,,,,,,0.908,0.9,0.9115,0.0115,0.0117898261225516,0.892,0.915,0.434154510498047,0.431552886962891,0.436464309692383,0.00491142272949219,0.00491431179071945,0.428951263427734,0.438774108886719,,,,,,,,,,,,,,,0.882047121712373,0.882047121712373,0.882047121712373,0,0,0.882047121712373,0.882047121712373,0.434364261168385,0.434364261168385,0.434364261168385,0,0,0.434364261168385,0.434364261168385,0.442764413898435,0.442764413898435,0.442764413898435,0,0,0.442764413898435,0.442764413898435,0.405406643757159,0.405406643757159,0.405406643757159,0,0,0.405406643757159,0.405406643757159,0.0459395906149043,0.0459395906149043,0.0459395906149043,0,0,0.0459395906149043,0.0459395906149043,0.698739977090493,0.698739977090493,0.698739977090493,0,0,0.698739977090493,0.698739977090493,1.82459117262815,1.82459117262815,1.82459117262815,0,0,1.82459117262815,1.82459117262815,,,,,,,,,,,,,,,,,,,,,,,,,,,,,,,,,,,,,,,,,,,,,,,,,,,,,,,,,,,,,,,,,,,,,,,,,,,,,,"standard","cpu4","/Users/stefano/Documents/fastEmbedR-results/fastEmbedR-results/MetRef/standard/cpu4/20260727_073247_1118061","/Users/stefano/Documents/fastEmbedR-results/fastEmbedR-results/MetRef/standard/cpu4/20260727_073247_1118061/benchmark_summary_median_variability.csv",TRUE
"MetRef","KlugerLab_FItSNE","t-SNE","cpu","full_pipeline",4,4,873,375,,30,"standard_R_double",,3,3,"success",4.496,4.2495,4.56,0.3105,0.32789073383268,4.003,4.624,,,,,,,,,,,,,,,,,,,,,,,,,,,,,,,,,,,,0.529609680175781,0.529504776000977,0.529657363891602,0.000152587890625,0.000156123214185189,0.529399871826172,0.529705047607422,,,,,,,,,,,,,,,0.868530692001887,0.868155425285807,0.869648451362218,0.00149302607641011,0.0015533486323947,0.867780158569728,0.870766210722548,0.437647957235586,0.43631156930126,0.439404352806415,0.00309278350515452,0.00310227528565661,0.434975181366934,0.441160748377243,0.403512791141657,0.403340969835815,0.406815578465063,0.00347460862924798,0.00391670199625802,0.403169148529973,0.410118365788469,0.368339060710195,0.364203894616266,0.371145475372279,0.00694158075601348,0.00698384351066564,0.360068728522337,0.373951890034364,0.0216918840889561,0.0115210763463782,0.0435843390312303,0.0320632626848521,0.0327696783376932,0.00135026860380036,0.0654767939735045,0.7262313860252,0.72508591065292,0.730240549828179,0.00515463917525805,0.00541330541380626,0.723940435280641,0.734249713631157,2.1166902407364,2.09768944668141,2.12323770679018,0.0255482601087698,0.0265406993255127,2.07868865262642,2.12978517284396,,,,,,,,,,,,,,,,,,,,,,,,,,,,,,,,,,,,,,,,,,,,,,,,,,,,,,,,,,,,,,,,,,,,,,,,,,,,,,"standard","cpu4","/Users/stefano/Documents/fastEmbedR-results/fastEmbedR-results/MetRef/standard/cpu4/20260727_073247_1118061","/Users/stefano/Documents/fastEmbedR-results/fastEmbedR-results/MetRef/standard/cpu4/20260727_073247_1118061/benchmark_summary_median_variability.csv",TRUE
"MetRef","Rtsne_full","t-SNE","cpu","full_pipeline",4,4,873,375,,30,"standard_R_double",,3,3,"success",1.009,1.007,1.0615,0.0545000000000002,0.0618088451059664,1.005,1.114,,,,,,,,,,,,,,,,,,,,,,,,,,,,,,,,,,,,0.407264709472656,0.405965805053711,0.408479690551758,0.00251388549804688,0.00251435240296196,0.404666900634766,0.409694671630859,,,,,,,,,,,,,,,0.879230959279474,0.877452372930845,0.879539878265166,0.00208750533432145,0.00225336472267164,0.875673786582216,0.879848797250859,0.44245895379916,0.44192439862543,0.443528064146621,0.00160366552119146,0.00163309303116684,0.441389843451699,0.444597174494082,0.409698358151966,0.408228331424208,0.412714776632302,0.00448644520809449,0.00457441796910244,0.406758304696449,0.415731195112638,0.37319587628866,0.370927835051546,0.373665521191294,0.00273768613974801,0.00292796889641794,0.368659793814433,0.374135166093929,0.0369089301581254,0.0320758745390407,0.046659151010343,0.0145832764713023,0.0148570339328464,0.0272428189199561,0.0564093718625606,0.70561282932417,0.702176403207331,0.709621993127148,0.00744558991981659,0.00745292909352524,0.698739977090493,0.713631156930126,1.99915825942769,1.99731639075074,2.00881249997605,0.0114961092253099,0.0123492879176354,1.99547452207379,2.01846674052441,,,,,,,,,,,,,,,,,,,,,,,,,,,,,,,,,,,,,,,,,,,,,,,,,,,,,,,,,,,,,,,,,,,,,,,,,,,,,,"standard","cpu4","/Users/stefano/Documents/fastEmbedR-results/fastEmbedR-results/MetRef/standard/cpu4/20260727_073247_1118061","/Users/stefano/Documents/fastEmbedR-results/fastEmbedR-results/MetRef/standard/cpu4/20260727_073247_1118061/benchmark_summary_median_variability.csv",TRUE
"MetRef","Rtsne_neighbors","t-SNE","cpu","embedding_from_precomputed_knn",4,4,873,375,,30,"standard_R_double",,3,3,"success",0.624,0.584,0.633,0.0489999999999999,0.0521664004253057,0.544,0.642,,,,,,,,,,,,,,,,,,,,,,,,,,,,,0.624,0.584,0.633,0.0489999999999999,0.0521664004253057,0.544,0.642,0.431846618652344,0.429422378540039,0.432090759277344,0.00266838073730469,0.00295034467207942,0.426998138427734,0.432334899902344,,,,,,,,,,,,,,,0.876007726343688,0.876007726343688,0.876007726343688,0,0,0.876007726343688,0.876007726343688,0.441313478426881,0.441313478426881,0.441313478426881,0,0,0.441313478426881,0.441313478426881,0.404314623902253,0.404314623902253,0.404314623902253,0,0,0.404314623902253,0.404314623902253,0.36991981672394,0.36991981672394,0.36991981672394,0,0,0.36991981672394,0.36991981672394,0.0267235993426525,0.0267235993426525,0.0267235993426525,0,0,0.0267235993426525,0.0267235993426525,0.713631156930126,0.713631156930126,0.713631156930126,0,0,0.713631156930126,0.713631156930126,2.02451905897656,2.02451905897656,2.02451905897656,0,0,2.02451905897656,2.02451905897656,,,,,,,,,,,,,,,,,,,,,,,,,,,,,,,,,,,,,,,,,,,,,,,,,,,,,,,,,,,,,,,,,,,,,,,,,,,,,,"standard","cpu4","/Users/stefano/Documents/fastEmbedR-results/fastEmbedR-results/MetRef/standard/cpu4/20260727_073247_1118061","/Users/stefano/Documents/fastEmbedR-results/fastEmbedR-results/MetRef/standard/cpu4/20260727_073247_1118061/benchmark_summary_median_variability.csv",TRUE
"MetRef","fastEmbedR_umap_cpu_binary_full","UMAP","cpu","full_pipeline",4,4,873,375,30,,"float32",,3,3,"success",0.853,0.8305,0.855,0.0245,0.02720906711619,0.808,0.857,0.001,0.001,0.001,0,0,0.001,0.001,0.235,0.2195,0.235,0.0155,0.0178978583448784,0.204,0.235,,,,,,,,,,,,,,,0.412,0.407,0.4165,0.00949999999999995,0.00950438495292215,0.402,0.421,0.420707702636719,0.420661926269531,0.424718856811523,0.00405693054199219,0.00465833580529893,0.420616149902344,0.428730010986328,,,,,,,,,,,,,,,0.801959167172023,0.800887586191406,0.801968555578015,0.00108096938660907,0.00124281099527696,0.79981600521079,0.801977943984008,0.278426880488736,0.27819778541428,0.279305078274151,0.00110729285987055,0.00116899198199905,0.277968690339824,0.280183276059565,0.347155402825506,0.345628102329133,0.34725085910653,0.00162275677739604,0.00182118976979176,0.344100801832761,0.347346315387553,0.360114547537228,0.358213058419244,0.360217640320733,0.002004581901489,0.0022575263139994,0.35631156930126,0.360320733104238,-0.0298519577240669,-0.0299769463330629,-0.0267635243755718,0.0032134219574912,0.00364052408107792,-0.030101934942059,-0.0236750910270766,0.550973654066438,0.540091638029782,0.553837342497136,0.013745704467354,0.0145043298306397,0.529209621993127,0.556701030927835,,,,,,,,,,,,,,,,,,,,,,,,,,,,,,,,,,,,,,,,,,,,,,,,,,,,,,,,,,,,,,,,,,,,,,,,,,,,,,,,,,,,,"standard","cpu4","/Users/stefano/Documents/fastEmbedR-results/fastEmbedR-results/MetRef/standard/cpu4/20260727_073247_1118061","/Users/stefano/Documents/fastEmbedR-results/fastEmbedR-results/MetRef/standard/cpu4/20260727_073247_1118061/benchmark_summary_median_variability.csv",TRUE
"MetRef","fastEmbedR_umap_cpu_binary_knn","UMAP","cpu","embedding_from_precomputed_knn",4,4,873,375,30,,"float32",,3,3,"success",0.512,0.511,0.551,0.0399999999999999,0.0456216322958016,0.51,0.59,,,,,,,,,,,,,,,,,,,,,,,,,,,,,0.512,0.511,0.551,0.0399999999999999,0.0456216322958016,0.51,0.59,0.426204681396484,0.426050186157227,0.436391830444336,0.0103416442871094,0.0118533112409767,0.425895690917969,0.446578979492188,,,,,,,,,,,,,,,0.801959167172023,0.800887586191406,0.801968555578015,0.00108096938660907,0.00124281099527696,0.79981600521079,0.801977943984008,0.278426880488736,0.27819778541428,0.279305078274151,0.00110729285987055,0.00116899198199905,0.277968690339824,0.280183276059565,0.347155402825506,0.345628102329133,0.34725085910653,0.00162275677739604,0.00182118976979176,0.344100801832761,0.347346315387553,0.360114547537228,0.358213058419244,0.360217640320733,0.002004581901489,0.0022575263139994,0.35631156930126,0.360320733104238,-0.0298519577240669,-0.0299769463330629,-0.0267635243755718,0.0032134219574912,0.00364052408107792,-0.030101934942059,-0.0236750910270766,0.550973654066438,0.540091638029782,0.553837342497136,0.013745704467354,0.0145043298306397,0.529209621993127,0.556701030927835,,,,,,,,,,,,,,,,,,,,,,,,,,,,,,,,,,,,,,,,,,,,,,,,,,,,,,,,,,,,,,,,,,,,,,,,,,,,,,,,,,,,,"standard","cpu4","/Users/stefano/Documents/fastEmbedR-results/fastEmbedR-results/MetRef/standard/cpu4/20260727_073247_1118061","/Users/stefano/Documents/fastEmbedR-results/fastEmbedR-results/MetRef/standard/cpu4/20260727_073247_1118061/benchmark_summary_median_variability.csv",TRUE
"MetRef","fastEmbedR_umap_cpu_fuzzy_full","UMAP","cpu","full_pipeline",4,4,873,375,30,,"float32",,3,3,"success",0.599,0.585,0.615,0.03,0.0300222139978606,0.571,0.631,0.001,0.001,0.001,0,0,0.001,0.001,0.189,0.1845,0.1905,0.00600000000000001,0.0062449979983984,0.18,0.192,,,,,,,,,,,,,,,0.208,0.197,0.2095,0.0125,0.0136503968196288,0.186,0.211,0.428417205810547,0.424495697021484,0.44200325012207,0.0175075531005859,0.0183752232963704,0.420574188232422,0.455589294433594,,,,,,,,,,,,,,,0.86227702535768,0.860313096601756,0.863498865754779,0.00318576915302249,0.00321445020811508,0.858349167845832,0.864720706151877,0.401221840397098,0.400992745322642,0.401756395570829,0.000763650248186531,0.000783749742565551,0.400763650248186,0.402290950744559,0.414471172203131,0.413802978235968,0.414891179839634,0.00108820160366552,0.00109759504453861,0.413134784268805,0.415311187476136,0.383825887743414,0.383699885452463,0.384696449026346,0.000996563573883003,0.00108532406265151,0.383573883161512,0.385567010309278,0.130845559389812,0.128925066051423,0.134834075361338,0.005909009309915,0.00602842960991637,0.127004572713033,0.138822591332863,0.703321878579611,0.698739977090493,0.70561282932417,0.00687285223367706,0.00699897013357138,0.694158075601375,0.707903780068729,,,,,,,,,,,,,,,,,,,,,,,,,,,,,,,,,,,,,,,,,,,,,,,,,,,,,,,,,,,,,,,,,,,,,,,,,,,,,,,,,,,,,"standard","cpu4","/Users/stefano/Documents/fastEmbedR-results/fastEmbedR-results/MetRef/standard/cpu4/20260727_073247_1118061","/Users/stefano/Documents/fastEmbedR-results/fastEmbedR-results/MetRef/standard/cpu4/20260727_073247_1118061/benchmark_summary_median_variability.csv",TRUE
"MetRef","fastEmbedR_umap_cpu_fuzzy_knn","UMAP","cpu","embedding_from_precomputed_knn",4,4,873,375,30,,"float32",,3,3,"success",0.278,0.2775,0.284,0.00650000000000001,0.00723417813807021,0.277,0.29,,,,,,,,,,,,,,,,,,,,,,,,,,,,,0.278,0.2775,0.284,0.00650000000000001,0.00723417813807021,0.277,0.29,0.419765472412109,0.419624328613281,0.423162460327148,0.00353813171386719,0.00400648012529218,0.419483184814453,0.426559448242188,,,,,,,,,,,,,,,0.86227702535768,0.860313096601756,0.863498865754779,0.00318576915302249,0.00321445020811508,0.858349167845832,0.864720706151877,0.401221840397098,0.400992745322642,0.401756395570829,0.000763650248186531,0.000783749742565551,0.400763650248186,0.402290950744559,0.414471172203131,0.413802978235968,0.414891179839634,0.00108820160366552,0.00109759504453861,0.413134784268805,0.415311187476136,0.383825887743414,0.383699885452463,0.384696449026346,0.000996563573883003,0.00108532406265151,0.383573883161512,0.385567010309278,0.130845559389812,0.128925066051423,0.134834075361338,0.005909009309915,0.00602842960991637,0.127004572713033,0.138822591332863,0.703321878579611,0.698739977090493,0.70561282932417,0.00687285223367706,0.00699897013357138,0.694158075601375,0.707903780068729,,,,,,,,,,,,,,,,,,,,,,,,,,,,,,,,,,,,,,,,,,,,,,,,,,,,,,,,,,,,,,,,,,,,,,,,,,,,,,,,,,,,,"standard","cpu4","/Users/stefano/Documents/fastEmbedR-results/fastEmbedR-results/MetRef/standard/cpu4/20260727_073247_1118061","/Users/stefano/Documents/fastEmbedR-results/fastEmbedR-results/MetRef/standard/cpu4/20260727_073247_1118061/benchmark_summary_median_variability.csv",TRUE
"MetRef","umap_package","UMAP","cpu","full_pipeline",4,4,873,375,30,,"standard_R_double",,3,3,"success",3.188,3.1685,3.349,0.1805,0.198127063606498,3.149,3.51,,,,,,,,,,,,,,,,,,,,,,,,,,,,,,,,,,,,0.545528411865234,0.544944763183594,0.548379898071289,0.00343513488769531,0.00367620919458822,0.544361114501953,0.551231384277344,,,,,,,,,,,,,,,0.8487654470723,0.846317723423848,0.850946836466545,0.00462911304269698,0.00463166624521403,0.843869999775397,0.853128225860791,0.386254295532646,0.385834287896143,0.388239786177931,0.00240549828178704,0.0025696953776551,0.385414280259641,0.390225276823215,0.406491027109584,0.40479190530737,0.406872852233677,0.00208094692630745,0.00221557297845019,0.403092783505155,0.40725467735777,0.378991981672394,0.378407789232531,0.380813287514319,0.00240549828178704,0.00250929708089748,0.377823596792669,0.382634593356243,0.123906733485295,0.117057897971762,0.134636697120102,0.017578799148339,0.017721039228242,0.11020906245823,0.145366660754908,0.710194730813288,0.710194730813288,0.711340206185567,0.00114547537227949,0.0013226810290713,0.710194730813288,0.712485681557847,,,,,,,,,,,,,,,,,,,,,,,,,,,,,,,,,,,,,,,,,,,,,,,,,,,,,,,,,,,,,,,,,,,,,,,,,,,,,,,,,,,,,"standard","cpu4","/Users/stefano/Documents/fastEmbedR-results/fastEmbedR-results/MetRef/standard/cpu4/20260727_073247_1118061","/Users/stefano/Documents/fastEmbedR-results/fastEmbedR-results/MetRef/standard/cpu4/20260727_073247_1118061/benchmark_summary_median_variability.csv",TRUE
"MetRef","umap_package_knn","UMAP","cpu","embedding_from_precomputed_knn",4,4,873,375,30,,"standard_R_double",,3,3,"success",3.195,3.135,3.1975,0.0625,0.0707695791518737,3.075,3.2,,,,,,,,,,,,,,,,,,,,,,,,,,,,,3.195,3.135,3.1975,0.0625,0.0707695791518737,3.075,3.2,0.573902130126953,0.5731201171875,0.575769424438477,0.00264930725097656,0.00272239614964427,0.572338104248047,0.57763671875,,,,,,,,,,,,,,,0.844091817712194,0.843379601554253,0.845505648765806,0.00212604721155352,0.00216429308698328,0.842667385396312,0.846919479819419,0.378617793050783,0.376365024818633,0.378694158075601,0.00232913325696849,0.00264646406279731,0.374112256586483,0.37877052310042,0.401221840397098,0.400916380297824,0.402920962199313,0.002004581901489,0.00216004156916584,0.400610920198549,0.404620084001527,0.38077892325315,0.379461626575028,0.381111111111111,0.00164948453608249,0.00174478624210186,0.378144329896907,0.381443298969072,0.106243908260522,0.101794876884938,0.110588352545169,0.00879347566023184,0.00879368297929183,0.0973458455093533,0.114932796829817,0.693012600229095,0.690721649484536,0.700458190148912,0.0097365406643759,0.0101812078090674,0.688430698739977,0.707903780068729,,,,,,,,,,,,,,,,,,,,,,,,,,,,,,,,,,,,,,,,,,,,,,,,,,,,,,,,,,,,,,,,,,,,,,,,,,,,,,,,,,,,,"standard","cpu4","/Users/stefano/Documents/fastEmbedR-results/fastEmbedR-results/MetRef/standard/cpu4/20260727_073247_1118061","/Users/stefano/Documents/fastEmbedR-results/fastEmbedR-results/MetRef/standard/cpu4/20260727_073247_1118061/benchmark_summary_median_variability.csv",TRUE
"MetRef","uwot_default","UMAP","cpu","full_pipeline",4,4,873,375,30,,"standard_R_double",,3,3,"success",1.918,1.9065,1.955,0.0485000000000002,0.0506853035898968,1.895,1.992,,,,,,,,,,,,,,,,,,,,,,,,,,,,,,,,,,,,0.489456176757812,0.48921012878418,0.49036979675293,0.00115966796875,0.00122203952433394,0.488964080810547,0.491283416748047,,,,,,,,,,,,,,,0.863322327785639,0.862711811872515,0.864182647171125,0.00147083529860947,0.00147788939614474,0.862101295959392,0.865042966556611,0.406261932035128,0.40618556701031,0.406414662084765,0.00022909507445551,0.000233299004451982,0.406109201985491,0.406567392134402,0.418671248568156,0.417086674303169,0.420313096601757,0.00322642229858749,0.00322659174315763,0.415502100038182,0.421954944635357,0.384765177548683,0.383883161512028,0.386403207331042,0.00252004581901499,0.00255756717562467,0.383001145475372,0.388041237113402,0.151232325587154,0.147472154210999,0.154945797344,0.0074736431330005,0.00747369176718754,0.143711982834845,0.158659269100846,0.722794959908362,0.721076746849942,0.72794959908362,0.00687285223367706,0.00715349140710008,0.719358533791523,0.733104238258877,,,,,,,,,,,,,,,,,,,,,,,,,,,,,,,,,,,,,,,,,,,,,,,,,,,,,,,,,,,,,,,,,,,,,,,,,,,,,,,,,,,,,"standard","cpu4","/Users/stefano/Documents/fastEmbedR-results/fastEmbedR-results/MetRef/standard/cpu4/20260727_073247_1118061","/Users/stefano/Documents/fastEmbedR-results/fastEmbedR-results/MetRef/standard/cpu4/20260727_073247_1118061/benchmark_summary_median_variability.csv",TRUE
"MetRef","uwot_fast_sgd","UMAP","cpu","full_pipeline",4,4,873,375,30,,"standard_R_double",,3,3,"success",1.61,1.5985,1.613,0.0145,0.0153079500042735,1.587,1.616,,,,,,,,,,,,,,,,,,,,,,,,,,,,,,,,,,,,0.489253997802734,0.489097595214844,0.489276885986328,0.000179290771484375,0.00019515945478261,0.488941192626953,0.489299774169922,,,,,,,,,,,,,,,0.863236080228197,0.862952002335871,0.863368146800531,0.000416144464659096,0.000425298361077117,0.862667924443546,0.863500213372864,0.40725467735777,0.405727376861397,0.40782741504391,0.00210003818251248,0.00217114956207614,0.404200076365025,0.40840015273005,0.418862161130202,0.418843069873998,0.419606720122184,0.000763650248186476,0.000870974270634117,0.418823978617793,0.420351279114166,0.386781214203895,0.386334478808706,0.387766323024055,0.00143184421534903,0.00146519390250349,0.385887743413517,0.388751431844215,0.164178631744107,0.160700336083531,0.170896274177291,0.0101959380937605,0.0103660475969804,0.157222040422954,0.177613916610475,0.7262313860252,0.719931271477663,0.728522336769759,0.00859106529209597,0.00889742664966069,0.713631156930126,0.730813287514318,,,,,,,,,,,,,,,,,,,,,,,,,,,,,,,,,,,,,,,,,,,,,,,,,,,,,,,,,,,,,,,,,,,,,,,,,,,,,,,,,,,,,"standard","cpu4","/Users/stefano/Documents/fastEmbedR-results/fastEmbedR-results/MetRef/standard/cpu4/20260727_073247_1118061","/Users/stefano/Documents/fastEmbedR-results/fastEmbedR-results/MetRef/standard/cpu4/20260727_073247_1118061/benchmark_summary_median_variability.csv",TRUE
"MetRef","uwot_knn","UMAP","cpu","embedding_from_precomputed_knn",4,4,873,375,30,,"standard_R_double",,3,3,"success",1.369,1.365,1.3835,0.0185,0.0194679223339317,1.361,1.398,,,,,,,,,,,,,,,,,,,,,,,,,,,,,1.369,1.365,1.3835,0.0185,0.0194679223339317,1.361,1.398,0.494823455810547,0.494182586669922,0.52154541015625,0.0273628234863281,0.0312324368400674,0.493541717529297,0.548267364501953,,,,,,,,,,,,,,,0.863199694539901,0.861544639849067,0.863215955798127,0.00167131594906,0.00192054982748049,0.859889585158233,0.863232217056353,0.40336006109202,0.40332187857961,0.407751050019092,0.00442917143948102,0.00509246510721038,0.403283696067201,0.412142038946163,0.419740358915617,0.415883925162276,0.420294005345552,0.00441008018327599,0.00480467916974075,0.412027491408935,0.420847651775487,0.387010309278351,0.385315005727377,0.38725085910653,0.00193585337915253,0.00211020483292624,0.383619702176403,0.387491408934708,0.168136819612765,0.157910401713625,0.18084761132572,0.0229372096120955,0.0229820137470906,0.147683983814485,0.193558403038676,0.728522336769759,0.723940435280641,0.743413516609392,0.0194730813287515,0.0203624156181343,0.719358533791523,0.758304696449026,,,,,,,,,,,,,,,,,,,,,,,,,,,,,,,,,,,,,,,,,,,,,,,,,,,,,,,,,,,,,,,,,,,,,,,,,,,,,,,,,,,,,"standard","cpu4","/Users/stefano/Documents/fastEmbedR-results/fastEmbedR-results/MetRef/standard/cpu4/20260727_073247_1118061","/Users/stefano/Documents/fastEmbedR-results/fastEmbedR-results/MetRef/standard/cpu4/20260727_073247_1118061/benchmark_summary_median_variability.csv",TRUE
"MetRef","fastEmbedR_pca_cuda","PCA","cuda","pca_only",1,,873,375,,,"float32",,3,3,"success",0.97,0.9695,1.0005,0.0309999999999999,0.0355105618091294,0.969,1.031,,,,,,,,,,,,,,,0.97,0.9695,1.0005,0.0309999999999999,0.0355105618091294,0.969,1.031,,,,,,,,,,,,,,,0.669158935546875,0.669010162353516,0.670955657958984,0.00194549560546875,0.00216568665633431,0.668861389160156,0.672752380371094,447,447,447,0,0,447,447,447,447,447,0,0,447,447,,,,,,,,,,,,,,,,,,,,,,,,,,,,,,,,,,,,,,,,,,,,,,,,,,,,,,,,,,,,,,,,,,,,,,,,,,,,,,,,,,,,,,,,,,,,,,,,,,,,,,,,,,,,,,,,,,,,,,,,,,,,,,,"standard","cuda","/Users/stefano/Documents/fastEmbedR-results/fastEmbedR-results/MetRef/standard/cuda/20260727_091133_1118072","/Users/stefano/Documents/fastEmbedR-results/fastEmbedR-results/MetRef/standard/cuda/20260727_091133_1118072/benchmark_summary_median_variability.csv",TRUE
"MetRef","fastEmbedR_tsne_cuda_full","t-SNE","cuda","full_pipeline",1,,873,375,,30,"float32",,3,3,"success",0.7,0.686,0.723,0.037,0.0373630833845388,0.672,0.746,0.001,0.001,0.0015,5e-04,0.000577350269189626,0.001,0.002,0.313,0.3035,0.3135,0.01,0.0112694276695847,0.294,0.314,,,,,,,,,,,,,,,0.115,0.11,0.153,0.043,0.0470319040652194,0.105,0.191,0.977096557617188,0.976522445678711,0.978500366210938,0.00197792053222656,0.00203510077024719,0.975948333740234,0.979904174804688,2045,2037,2045,8,9.23760430703401,2029,2045,2045,2037,2045,8,9.23760430703401,2029,2045,0.885623520427644,0.885606046313141,0.88618826224648,0.000582215933338071,0.000662426881324477,0.885588572198639,0.886753004065315,0.442382588774341,0.442153493699885,0.442420771286751,0.000267277586865011,0.000289113317846205,0.44192439862543,0.44245895379916,0.451470026727759,0.45139366170294,0.451737304314624,0.000343642611684014,0.000360887027587121,0.451317296678121,0.452004581901489,0.411683848797251,0.411626575028637,0.411695303550974,6.87285223365253e-05,7.36437629703595e-05,0.411569301260023,0.411706758304696,0.0551856276005562,0.0551093453139665,0.0554201829234816,0.000310837609515051,0.000323990952804752,0.0550330630273768,0.0556547382464069,0.722794959908362,0.722222222222222,0.722794959908362,0.000572737686139968,0.000661340514535908,0.721649484536082,0.722794959908362,1.82390662723397,1.82387906488215,1.82427300947338,0.000393944591230211,0.000439839341542235,1.82385150253033,1.82463939171279,,,,,,,,,,,,,,,,,,,,,,,,,,,,,,,,,,,,,,,,,,,,,,,,,,,,,,,,,,,,,,,,,,,,,,,,,,,,,,"standard","cuda","/Users/stefano/Documents/fastEmbedR-results/fastEmbedR-results/MetRef/standard/cuda/20260727_091133_1118072","/Users/stefano/Documents/fastEmbedR-results/fastEmbedR-results/MetRef/standard/cuda/20260727_091133_1118072/benchmark_summary_median_variability.csv",TRUE
"MetRef","fastEmbedR_tsne_cuda_knn","t-SNE","cuda","embedding_from_precomputed_knn",1,,873,375,,30,"float32",,3,3,"success",0.354,0.3515,0.3575,0.00600000000000001,0.00602771377334171,0.349,0.361,,,,,,,,,,,,,,,,,,,,,,,,,,,,,0.354,0.3515,0.3575,0.00600000000000001,0.00602771377334171,0.349,0.361,0.568653106689453,0.567787170410156,0.56974983215332,0.00196266174316406,0.00196717962253527,0.566921234130859,0.570846557617188,473,463,473,10,11.5470053837925,453,473,473,463,473,10,11.5470053837925,453,473,0.886240819351796,0.886239696336725,0.886607865597556,0.000368169260831497,0.000424478356190231,0.886238573321654,0.886974911843317,0.434135166093929,0.433409698358152,0.434173348606338,0.000763650248186476,0.000860590123679723,0.432684230622375,0.434211531118748,0.44524627720504,0.444062619320351,0.445265368461245,0.00120274914089352,0.00137792500037071,0.442878961435662,0.445284459717449,0.404192439862543,0.403562428407789,0.404215349369988,0.000652920962199488,0.000741055581150811,0.402932416953035,0.404238258877434,0.0367165799496473,0.0367128217319226,0.038885934289899,0.00217311255797645,0.00250712724945033,0.0367090635141979,0.0410552886301508,0.689576174112257,0.689576174112257,0.693012600229095,0.00343642611683848,0.00396804308721391,0.689576174112257,0.696449026345934,1.82514326607982,1.8247314519016,1.82514338212059,0.000411930218989998,0.00047558906362637,1.82431963772339,1.82514349816137,,,,,,,,,,,,,,,,,,,,,,,,,,,,,,,,,,,,,,,,,,,,,,,,,,,,,,,,,,,,,,,,,,,,,,,,,,,,,,"standard","cuda","/Users/stefano/Documents/fastEmbedR-results/fastEmbedR-results/MetRef/standard/cuda/20260727_091133_1118072","/Users/stefano/Documents/fastEmbedR-results/fastEmbedR-results/MetRef/standard/cuda/20260727_091133_1118072/benchmark_summary_median_variability.csv",TRUE
"MetRef","rapids_cuml_tsne_full","t-SNE","cuda","full_pipeline",1,,873,375,,30,"standard_R_double",,3,3,"success",3.259,3.2415,4.438,1.1965,1.37160720810782,3.224,5.617,,,,,,,,,,,,,,,,,,,,,,,,,,,,,,,,,,,,1.12599182128906,1.12556266784668,1.12675285339355,0.001190185546875,0.00120551072915645,1.1251335144043,1.12751388549805,467,466,467,1,1.15470053837925,465,467,467,466,467,1,1.15470053837925,465,467,0.56972297464232,0.567801989982706,0.570314713743459,0.00251272376075296,0.00262730761098922,0.565881005323091,0.570906452844597,0.0383352424589538,0.0382588774341351,0.0390225276823215,0.000763650248186351,0.000841171523067767,0.0381825124093165,0.0397098129056892,0.0654066437571592,0.0626193203512791,0.0663230240549828,0.00370370370370371,0.00385800861793014,0.059831996945399,0.0672394043528064,0.0927147766323024,0.0875486827033219,0.09631156930126,0.00876288659793814,0.00880960178876211,0.0823825887743413,0.0999083619702176,-0.382327425878562,-0.438568291360368,-0.377219235234087,0.061349056126281,0.0680824757157985,-0.494809156842173,-0.372111044589611,0.129438717067583,0.11454753722795,0.132302405498282,0.0177548682703324,0.0190645097103017,0.0996563573883162,0.135166093928981,2.94781957422424,2.94781957288581,2.9478264782691,6.90538329006785e-06,7.97287717215938e-06,2.94781957154738,2.94783338231396,,,,,,,,,,,,,,,,,,,,,,,,,,,,,,,,,,,,,,,,,,,,,,,,,,,,,,,,,,,,,,,,,,,,,,,,,,,,,,"standard","cuda","/Users/stefano/Documents/fastEmbedR-results/fastEmbedR-results/MetRef/standard/cuda/20260727_091133_1118072","/Users/stefano/Documents/fastEmbedR-results/fastEmbedR-results/MetRef/standard/cuda/20260727_091133_1118072/benchmark_summary_median_variability.csv",TRUE
"MetRef","fastEmbedR_umap_cuda_binary_full","UMAP","cuda","full_pipeline",1,,873,375,30,,"float32",,3,3,"success",0.567,0.56,0.567,0.0069999999999999,0.0080829037686547,0.553,0.567,0.001,0.001,0.001,0,0,0.001,0.001,0.297,0.294,0.298,0.004,0.00416333199893227,0.291,0.299,,,,,,,,,,,,,,,0.0269999999999999,0.0269999999999999,0.0279999999999999,0.001,0.00115470053837925,0.0269999999999999,0.0289999999999999,0.908435821533203,0.908374786376953,0.908458709716797,8.392333984375e-05,8.67651474468586e-05,0.908313751220703,0.908481597900391,1993,1993,1995,2,2.3094010767585,1993,1997,1993,1993,1995,2,2.3094010767585,1993,1997,0.820316151202749,0.817514947330593,0.820606832423691,0.0030918850930981,0.00341477106450904,0.814713743458437,0.820897513644633,0.300649102710958,0.299045437189767,0.302978235967927,0.0039327987781595,0.00395503991232,0.297441771668576,0.305307369224895,0.363459335624284,0.363344788087056,0.365521191294387,0.00217640320733098,0.0024496395467499,0.363230240549828,0.36758304696449,0.372302405498282,0.370893470790378,0.372646048109966,0.001752577319588,0.00185736632840442,0.369484536082474,0.37298969072165,-0.0157792897437743,-0.0177289228351572,-0.0149264975278093,0.0028024253073479,0.00287308328663239,-0.01967855592654,-0.0140737053118442,0.558991981672394,0.558991981672394,0.564719358533792,0.00572737686139757,0.00661340514535658,0.558991981672394,0.570446735395189,,,,,,,,,,,,,,,,,,,,,,,,,,,,,,,,,,,,,,,,,,,,,,,,,,,,,,,,,,,,,,,,,,,,,,,,,,,,,,,,,,,,,"standard","cuda","/Users/stefano/Documents/fastEmbedR-results/fastEmbedR-results/MetRef/standard/cuda/20260727_091133_1118072","/Users/stefano/Documents/fastEmbedR-results/fastEmbedR-results/MetRef/standard/cuda/20260727_091133_1118072/benchmark_summary_median_variability.csv",TRUE
"MetRef","fastEmbedR_umap_cuda_binary_knn","UMAP","cuda","embedding_from_precomputed_knn",1,,873,375,30,,"float32",,3,3,"success",0.353,0.3505,0.355,0.0045,0.0045092497528229,0.348,0.357,,,,,,,,,,,,,,,,,,,,,,,,,,,,,0.353,0.3505,0.355,0.0045,0.0045092497528229,0.348,0.357,0.540874481201172,0.539468765258789,0.540878295898438,0.00140953063964844,0.00162538784842104,0.538063049316406,0.540882110595703,437,437,437,0,0,437,437,437,437,437,0,0,437,437,0.808289558205871,0.808170249084742,0.809581160299171,0.00141091121442849,0.00156485166257624,0.808050939963614,0.810872762392471,0.281405116456663,0.279725085910653,0.282741504390989,0.00301641848033596,0.00302293629826489,0.278045055364643,0.284077892325315,0.351660939289805,0.350229095074456,0.352119129438717,0.00189003436426105,0.00197185969204638,0.348797250859107,0.352577319587629,0.362428407789233,0.361008018327606,0.363734249713631,0.00272623138602551,0.00272703342167128,0.359587628865979,0.36504009163803,-0.0304742905417428,-0.0317723797289607,-0.0286173717973678,0.00315500793159285,0.00317146210336251,-0.0330704689161786,-0.0267604530529929,0.520045819014891,0.519473081328751,0.525773195876289,0.00630011454753709,0.00696765467388102,0.518900343642612,0.531500572737686,,,,,,,,,,,,,,,,,,,,,,,,,,,,,,,,,,,,,,,,,,,,,,,,,,,,,,,,,,,,,,,,,,,,,,,,,,,,,,,,,,,,,"standard","cuda","/Users/stefano/Documents/fastEmbedR-results/fastEmbedR-results/MetRef/standard/cuda/20260727_091133_1118072","/Users/stefano/Documents/fastEmbedR-results/fastEmbedR-results/MetRef/standard/cuda/20260727_091133_1118072/benchmark_summary_median_variability.csv",TRUE
"MetRef","fastEmbedR_umap_cuda_fuzzy_full","UMAP","cuda","full_pipeline",1,,873,375,30,,"float32",,3,3,"success",0.544,0.542,0.5545,0.0125,0.0134288247189891,0.54,0.565,0.001,0.001,0.001,0,0,0.001,0.001,0.293,0.289,0.2955,0.00650000000000001,0.00655743852430201,0.285,0.298,,,,,,,,,,,,,,,0.0229999999999999,0.0225,0.025,0.00250000000000005,0.00264575131106467,0.022,0.0270000000000001,0.908401489257812,0.908370971679688,0.911285400390625,0.0029144287109375,0.00334781216674127,0.908340454101562,0.914169311523438,1993,1993,1995,2,2.3094010767585,1993,1997,1993,1993,1995,2,2.3094010767585,1993,1997,0.871662825955124,0.870664375715922,0.872006378725602,0.00134200300968046,0.00139425092534966,0.86966592547672,0.872349931496081,0.421382206949217,0.418709431080565,0.423138602520046,0.00442917143948052,0.0044606588366581,0.416036655211913,0.424894998090874,0.423405880106911,0.422432226040473,0.424914089347079,0.00248186330660549,0.00250097885182224,0.421458571974036,0.426422298587247,0.385085910652921,0.384238258877434,0.385395189003437,0.00115693012600249,0.00119795769180607,0.383390607101947,0.385704467353952,0.144852024161122,0.136234415772933,0.15692444220469,0.0206900264317565,0.020785951112833,0.127616807384745,0.168996860248258,0.717067583046964,0.707331042382588,0.723367697594502,0.0160366552119131,0.0161589186479564,0.697594501718213,0.729667812142039,,,,,,,,,,,,,,,,,,,,,,,,,,,,,,,,,,,,,,,,,,,,,,,,,,,,,,,,,,,,,,,,,,,,,,,,,,,,,,,,,,,,,"standard","cuda","/Users/stefano/Documents/fastEmbedR-results/fastEmbedR-results/MetRef/standard/cuda/20260727_091133_1118072","/Users/stefano/Documents/fastEmbedR-results/fastEmbedR-results/MetRef/standard/cuda/20260727_091133_1118072/benchmark_summary_median_variability.csv",TRUE
"MetRef","fastEmbedR_umap_cuda_fuzzy_knn","UMAP","cuda","embedding_from_precomputed_knn",1,,873,375,30,,"float32",,3,3,"success",0.34,0.3395,0.3405,0.001,0.001,0.339,0.341,,,,,,,,,,,,,,,,,,,,,,,,,,,,,0.34,0.3395,0.3405,0.001,0.001,0.339,0.341,0.540241241455078,0.540128707885742,0.540264129638672,0.000135421752929688,0.000144975226256665,0.540016174316406,0.540287017822266,437,437,437,0,0,437,437,437,437,437,0,0,437,437,0.861924847831458,0.859919053073692,0.862058082339465,0.00213902926577259,0.00239672140561983,0.857913258315927,0.862191316847472,0.405880106911035,0.404849179075984,0.406987399770905,0.00213822069492153,0.00213867520033527,0.403818251240932,0.408094692630775,0.41565483008782,0.414681176021382,0.415883925162276,0.00120274914089352,0.00127726068603879,0.413707521954945,0.416113020236732,0.383459335624284,0.383161512027491,0.383871706758305,0.000710194730813019,0.00071326731905801,0.382863688430699,0.384284077892325,0.139308749094629,0.135998654979812,0.14088683445593,0.004888179476118,0.00498941379637873,0.132688560864994,0.14246491981723,0.711340206185567,0.705612829324169,0.713058419243986,0.00744558991981703,0.00779708967417437,0.699885452462772,0.714776632302406,,,,,,,,,,,,,,,,,,,,,,,,,,,,,,,,,,,,,,,,,,,,,,,,,,,,,,,,,,,,,,,,,,,,,,,,,,,,,,,,,,,,,"standard","cuda","/Users/stefano/Documents/fastEmbedR-results/fastEmbedR-results/MetRef/standard/cuda/20260727_091133_1118072","/Users/stefano/Documents/fastEmbedR-results/fastEmbedR-results/MetRef/standard/cuda/20260727_091133_1118072/benchmark_summary_median_variability.csv",TRUE
"MetRef","rapids_cuml_umap_full","UMAP","cuda","full_pipeline",1,,873,375,30,,"standard_R_double",,3,3,"success",3.548,3.539,3.551,0.0120000000000005,0.0124899959967968,3.53,3.554,,,,,,,,,,,,,,,,,,,,,,,,,,,,,,,,,,,,1.218017578125,1.21783828735352,1.218505859375,0.000667572021484375,0.000690997425807921,1.21765899658203,1.218994140625,571,571,571,0,0,571,571,571,571,571,0,0,571,571,0.851794263639018,0.850756777395953,0.853398333445635,0.00264155604968241,0.0026617332714686,0.849719291152887,0.855002403252252,0.394043528064147,0.391828942344406,0.394043528064147,0.00221458571974054,0.00255718332287137,0.389614356624666,0.394043528064147,0.408514700267278,0.406261932035128,0.409870179457808,0.00360824742268046,0.0036452469515819,0.404009163802978,0.411225658648339,0.379564719358534,0.378625429553265,0.381947308132875,0.00332187857961047,0.00342479896281753,0.377686139747995,0.384329896907216,0.135019719303648,0.133291433874977,0.136833932801704,0.00354249892672701,0.00354284629315159,0.131563148446306,0.13864814629976,0.710194730813288,0.700458190148912,0.714776632302406,0.0143184421534935,0.0146244505553306,0.690721649484536,0.719358533791523,,,,,,,,,,,,,,,,,,,,,,,,,,,,,,,,,,,,,,,,,,,,,,,,,,,,,,,,,,,,,,,,,,,,,,,,,,,,,,,,,,,,,"standard","cuda","/Users/stefano/Documents/fastEmbedR-results/fastEmbedR-results/MetRef/standard/cuda/20260727_091133_1118072","/Users/stefano/Documents/fastEmbedR-results/fastEmbedR-results/MetRef/standard/cuda/20260727_091133_1118072/benchmark_summary_median_variability.csv",TRUE
"TabulaMuris","fastEmbedR_pca_cpu","PCA","cpu","pca_only",1,1,100102,50,,,"float32",,3,3,"success",1.086,1.085,1.1015,0.0165000000000002,0.0185022521151705,1.084,1.117,,,,,,,,,,,,,,,1.086,1.085,1.1015,0.0165000000000002,0.0185022521151705,1.084,1.117,,,,,,,,,,,,,,,0.598892211914062,0.590353012084961,0.599254608154297,0.00890159606933594,0.0100759673592789,0.581813812255859,0.599617004394531,,,,,,,,,,,,,,,,,,,,,,,,,,,,,,,,,,,,,,,,,,,,,,,,,,,,,,,,,,,,,,,,,,,,,,,,,,,,,,,,,,,,,,,,,,,,,,,,,,,,,,,,,,,,,,,,,,,,,,,,,,,,,,,,,,,,,,,,,,,,,"standard","cpu1","/Users/stefano/Documents/fastEmbedR-results/fastEmbedR-results/TabulaMuris/standard/cpu1/20260727_073247_1118052","/Users/stefano/Documents/fastEmbedR-results/fastEmbedR-results/TabulaMuris/standard/cpu1/20260727_073247_1118052/benchmark_summary_median_variability.csv",TRUE
"TabulaMuris","irlba_pca","PCA","cpu","pca_only",1,1,100102,50,,,"standard_R_double",,3,3,"success",0.799,0.7945,0.8045,0.01,0.0100166528008778,0.79,0.81,,,,,,,,,,,,,,,0.799,0.7945,0.8045,0.01,0.0100166528008778,0.79,0.81,,,,,,,,,,,,,,,0.293682098388672,0.293609619140625,0.293735504150391,0.000125885009765625,0.000126365745532276,0.293537139892578,0.293788909912109,,,,,,,,,,,,,,,,,,,,,,,,,,,,,,,,,,,,,,,,,,,,,,,,,,,,,,,,,,,,,,,,,,,,,,,,,,,,,,,,,,,,,,,,,,,,,,,,,,,,,,,,,,,,,,,,,,,,,,,,,,,,,,,,,,,,,,,,,,,,,"standard","cpu1","/Users/stefano/Documents/fastEmbedR-results/fastEmbedR-results/TabulaMuris/standard/cpu1/20260727_073247_1118052","/Users/stefano/Documents/fastEmbedR-results/fastEmbedR-results/TabulaMuris/standard/cpu1/20260727_073247_1118052/benchmark_summary_median_variability.csv",TRUE
"TabulaMuris","fastEmbedR_tsne_cpu_full","t-SNE","cpu","full_pipeline",1,1,100102,50,,30,"float32",,3,3,"success",84.501,83.9325,84.5675,0.634999999999991,0.698015997906446,83.364,84.634,0.003,0.0025,0.0035,0.001,0.001,0.002,0.004,13.534,13.3485,13.59,0.241499999999998,0.252808886974595,13.163,13.646,,,,,,,,,,,,,,,69.724,69.0975,69.99,0.892500000000013,0.91644767081014,68.471,70.256,0.668262481689453,0.666337966918945,0.668357849121094,0.00201988220214844,0.00227929465105275,0.664413452148438,0.668453216552734,,,,,,,,,,,,,,,0.977580003372113,0.976706297420334,0.97828647782836,0.00158018040802554,0.0015831273626192,0.975832591468555,0.978992952284606,0.629133333333333,0.626733333333333,0.630566666666666,0.00383333333333358,0.00387374830441102,0.624333333333333,0.632,0.618533333333333,0.614391666666666,0.623108333333333,0.00871666666666659,0.00872025632480882,0.61025,0.627683333333333,0.59256,0.5882,0.59454,0.00634000000000001,0.00648719764870267,0.58384,0.59652,-0.0180229796983108,-0.0222837128204601,-0.0125693322075653,0.00971438061289484,0.00973876475341996,-0.0265444459426095,-0.00711568471681982,0.835,0.83375,0.84425,0.0105,0.0114709778717132,0.8325,0.8535,1.71198428873755,1.71077580187584,1.71364738130315,0.00287157942731486,0.00288354940817392,1.70956731501412,1.71531047386875,,,,,,,,,,,,,,,,,,,,,,,,,,,,,,,,,,,,,,,,,,,,,,,,,,,,,,,,,,,,,,,,,,,,,,,,,,,,,,"standard","cpu1","/Users/stefano/Documents/fastEmbedR-results/fastEmbedR-results/TabulaMuris/standard/cpu1/20260727_073247_1118052","/Users/stefano/Documents/fastEmbedR-results/fastEmbedR-results/TabulaMuris/standard/cpu1/20260727_073247_1118052/benchmark_summary_median_variability.csv",TRUE
"TabulaMuris","fastEmbedR_tsne_cpu_knn","t-SNE","cpu","embedding_from_precomputed_knn",1,1,100102,50,,30,"float32",,3,3,"success",69.189,69.163,70.077,0.914000000000001,1.0407100140449,69.137,70.965,,,,,,,,,,,,,,,,,,,,,,,,,,,,,69.189,69.163,70.077,0.914000000000001,1.0407100140449,69.137,70.965,0.542118072509766,0.542102813720703,0.542156219482422,5.340576171875e-05,5.50163463663328e-05,0.542087554931641,0.542194366455078,,,,,,,,,,,,,,,0.977478384758051,0.977131040296746,0.978318167256786,0.00118712696004042,0.00122069740701414,0.976783695835441,0.979157949755522,0.6282,0.62425,0.62825,0.004,0.00459020696701141,0.6203,0.6283,0.612633333333333,0.608758333333333,0.61665,0.00789166666666696,0.00789209050838865,0.604883333333333,0.620666666666667,0.58629,0.57989,0.588035,0.00814499999999996,0.00857694778655744,0.57349,0.58978,-0.0297964183766474,-0.0357477872739626,-0.0279139954157401,0.00783379185822245,0.00817845147664004,-0.0416991561712777,-0.0260315724548328,0.837,0.8355,0.8425,0.00700000000000012,0.007371114795832,0.834,0.848,1.71300792027635,1.71300792027635,1.71300792027635,0,0,1.71300792027635,1.71300792027635,,,,,,,,,,,,,,,,,,,,,,,,,,,,,,,,,,,,,,,,,,,,,,,,,,,,,,,,,,,,,,,,,,,,,,,,,,,,,,"standard","cpu1","/Users/stefano/Documents/fastEmbedR-results/fastEmbedR-results/TabulaMuris/standard/cpu1/20260727_073247_1118052","/Users/stefano/Documents/fastEmbedR-results/fastEmbedR-results/TabulaMuris/standard/cpu1/20260727_073247_1118052/benchmark_summary_median_variability.csv",TRUE
"TabulaMuris","KlugerLab_FItSNE","t-SNE","cpu","full_pipeline",1,1,100102,50,,30,"standard_R_double",,3,3,"success",81.115,80.2705,81.434,1.1635,1.20240689175226,79.426,81.753,,,,,,,,,,,,,,,,,,,,,,,,,,,,,,,,,,,,0.690006256103516,0.689979553222656,0.690086364746094,0.0001068115234375,0.000111172958345512,0.689952850341797,0.690166473388672,,,,,,,,,,,,,,,0.977306272129489,0.976297883999325,0.977954889563311,0.00165700556398596,0.00166997377935378,0.975289495869162,0.978603506997134,0.6236,0.618866666666666,0.624416666666667,0.00555000000000005,0.00599298973183894,0.614133333333333,0.625233333333333,0.610116666666667,0.608016666666667,0.611125,0.00310833333333294,0.00317158974041089,0.605916666666667,0.612133333333333,0.58405,0.58092,0.585105,0.00418499999999999,0.00435309468462762,0.57779,0.58616,-0.00950414406602477,-0.0165192016427181,-0.00433277393825139,0.0121864277044667,0.0122328280185993,-0.0235342592194114,0.000838596189521987,0.8375,0.835,0.84475,0.00975000000000004,0.0101283430694923,0.8325,0.852,1.73855925470263,1.73570938953572,1.73968130603099,0.00397191649526984,0.00409526973457906,1.73285952436881,1.74080335735935,,,,,,,,,,,,,,,,,,,,,,,,,,,,,,,,,,,,,,,,,,,,,,,,,,,,,,,,,,,,,,,,,,,,,,,,,,,,,,"standard","cpu1","/Users/stefano/Documents/fastEmbedR-results/fastEmbedR-results/TabulaMuris/standard/cpu1/20260727_073247_1118052","/Users/stefano/Documents/fastEmbedR-results/fastEmbedR-results/TabulaMuris/standard/cpu1/20260727_073247_1118052/benchmark_summary_median_variability.csv",TRUE
"TabulaMuris","Rtsne_full","t-SNE","cpu","full_pipeline",1,1,100102,50,,30,"standard_R_double",,3,3,"success",196.144,193.49,196.8025,3.3125,3.50713506060621,190.836,197.461,,,,,,,,,,,,,,,,,,,,,,,,,,,,,,,,,,,,0.578544616699219,0.578540802001953,0.578588485717773,4.76837158203125e-05,5.29954680994026e-05,0.578536987304688,0.578632354736328,,,,,,,,,,,,,,,0.936336115326252,0.932764980610353,0.937782515596021,0.00501753498566859,0.00516531601046173,0.929193845894453,0.93922891586579,0.609933333333333,0.598283333333333,0.611183333333333,0.0128999999999999,0.0142289610770897,0.586633333333333,0.612433333333333,0.56425,0.557791666666666,0.566733333333334,0.00894166666666707,0.009231482967421,0.551333333333333,0.569216666666667,0.51258,0.502125,0.513095,0.01097,0.0123804456031814,0.49167,0.51361,-0.150271914153123,-0.150501207602523,-0.111089285877462,0.0394119217250602,0.045377163920022,-0.150730501051922,-0.0719066576018016,0.8085,0.8075,0.81775,0.01025,0.0113026545554573,0.8065,0.827,1.86694979863052,1.85251573205536,1.90277714590432,0.050261413848955,0.0517568083294001,1.83808166548021,1.93860449317812,,,,,,,,,,,,,,,,,,,,,,,,,,,,,,,,,,,,,,,,,,,,,,,,,,,,,,,,,,,,,,,,,,,,,,,,,,,,,,"standard","cpu1","/Users/stefano/Documents/fastEmbedR-results/fastEmbedR-results/TabulaMuris/standard/cpu1/20260727_073247_1118052","/Users/stefano/Documents/fastEmbedR-results/fastEmbedR-results/TabulaMuris/standard/cpu1/20260727_073247_1118052/benchmark_summary_median_variability.csv",TRUE
"TabulaMuris","Rtsne_neighbors","t-SNE","cpu","embedding_from_precomputed_knn",1,1,100102,50,,30,"standard_R_double",,3,3,"success",140.866,140.467,141.074,0.606999999999999,0.616935436924588,140.068,141.282,,,,,,,,,,,,,,,,,,,,,,,,,,,,,140.866,140.467,141.074,0.606999999999999,0.616935436924588,140.068,141.282,0.763275146484375,0.763223648071289,0.763372421264648,0.000148773193359375,0.000151102465212542,0.763172149658203,0.763469696044922,,,,,,,,,,,,,,,0.963605850615411,0.963264373630079,0.965249924127466,0.00198555049738658,0.00212320434284657,0.962922896644748,0.966893997639521,0.608966666666667,0.605983333333334,0.609666666666667,0.00368333333333348,0.00391213686044037,0.603,0.610366666666667,0.578166666666667,0.578,0.583325,0.00532500000000002,0.00605484960207118,0.577833333333333,0.588483333333333,0.54788,0.546495,0.553145,0.00665000000000004,0.00701716704470779,0.54511,0.55841,-0.0558247958818088,-0.0581242630785049,-0.0523848364998935,0.0057394265786114,0.0057770746570203,-0.0604237302752011,-0.0489448771179783,0.801,0.79875,0.8125,0.0137499999999999,0.0147507061977836,0.7965,0.824,1.60433246271742,1.60433246271742,1.60433246271742,0,0,1.60433246271742,1.60433246271742,,,,,,,,,,,,,,,,,,,,,,,,,,,,,,,,,,,,,,,,,,,,,,,,,,,,,,,,,,,,,,,,,,,,,,,,,,,,,,"standard","cpu1","/Users/stefano/Documents/fastEmbedR-results/fastEmbedR-results/TabulaMuris/standard/cpu1/20260727_073247_1118052","/Users/stefano/Documents/fastEmbedR-results/fastEmbedR-results/TabulaMuris/standard/cpu1/20260727_073247_1118052/benchmark_summary_median_variability.csv",TRUE
"TabulaMuris","fastEmbedR_umap_cpu_binary_full","UMAP","cpu","full_pipeline",1,1,100102,50,30,,"float32",,3,3,"success",144.82,144.781,145.274,0.492999999999995,0.54813988482261,144.742,145.728,0.002,0.002,0.0025,5e-04,0.000577350269189626,0.002,0.003,13.205,13.193,13.2065,0.0135000000000005,0.0147986485869493,13.181,13.208,,,,,,,,,,,,,,,131.371,131.318,131.809,0.491000000000042,0.538970623812972,131.265,132.247,0.713535308837891,0.713460922241211,0.713552474975586,9.1552734375e-05,9.73308625959249e-05,0.713386535644531,0.713569641113281,,,,,,,,,,,,,,,0.985575771370764,0.985285575788232,0.986806103523858,0.0015205277356265,0.001614504109186,0.984995380205699,0.988036435676952,0.637933333333333,0.634283333333333,0.639633333333333,0.00534999999999997,0.00546717477313463,0.630633333333333,0.641333333333333,0.650516666666667,0.649616666666667,0.651916666666667,0.00229999999999997,0.00231804515342847,0.648716666666667,0.653316666666667,0.63224,0.63059,0.632955,0.00236499999999995,0.00242582631969667,0.62894,0.63367,0.00578531465307152,-0.030321982073429,0.00630469076473876,0.0366266728381678,0.0419961886495676,-0.0664292787999295,0.006824066876406,0.8235,0.81775,0.8325,0.01475,0.0148688712864606,0.812,0.8415,,,,,,,,,,,,,,,,,,,,,,,,,,,,,,,,,,,,,,,,,,,,,,,,,,,,,,,,,,,,,,,,,,,,,,,,,,,,,,,,,,,,,"standard","cpu1","/Users/stefano/Documents/fastEmbedR-results/fastEmbedR-results/TabulaMuris/standard/cpu1/20260727_073247_1118052","/Users/stefano/Documents/fastEmbedR-results/fastEmbedR-results/TabulaMuris/standard/cpu1/20260727_073247_1118052/benchmark_summary_median_variability.csv",TRUE
"TabulaMuris","fastEmbedR_umap_cpu_binary_knn","UMAP","cpu","embedding_from_precomputed_knn",1,1,100102,50,30,,"float32",,3,3,"success",130.82,130.6635,131.203,0.539500000000004,0.555122509001397,130.507,131.586,,,,,,,,,,,,,,,,,,,,,,,,,,,,,130.82,130.6635,131.203,0.539500000000004,0.555122509001397,130.507,131.586,0.735004425048828,0.734973907470703,0.735008239746094,3.4332275390625e-05,3.76349095330524e-05,0.734943389892578,0.735012054443359,,,,,,,,,,,,,,,0.985575771370764,0.985285575788232,0.986806103523858,0.0015205277356265,0.001614504109186,0.984995380205699,0.988036435676952,0.637933333333333,0.634283333333333,0.639633333333333,0.00534999999999997,0.00546717477313463,0.630633333333333,0.641333333333333,0.650516666666667,0.649616666666667,0.651916666666667,0.00229999999999997,0.00231804515342847,0.648716666666667,0.653316666666667,0.63224,0.63059,0.632955,0.00236499999999995,0.00242582631969667,0.62894,0.63367,0.00578531465307152,-0.030321982073429,0.00630469076473876,0.0366266728381678,0.0419961886495676,-0.0664292787999295,0.006824066876406,0.8235,0.81775,0.8325,0.01475,0.0148688712864606,0.812,0.8415,,,,,,,,,,,,,,,,,,,,,,,,,,,,,,,,,,,,,,,,,,,,,,,,,,,,,,,,,,,,,,,,,,,,,,,,,,,,,,,,,,,,,"standard","cpu1","/Users/stefano/Documents/fastEmbedR-results/fastEmbedR-results/TabulaMuris/standard/cpu1/20260727_073247_1118052","/Users/stefano/Documents/fastEmbedR-results/fastEmbedR-results/TabulaMuris/standard/cpu1/20260727_073247_1118052/benchmark_summary_median_variability.csv",TRUE
"TabulaMuris","fastEmbedR_umap_cpu_fuzzy_full","UMAP","cpu","full_pipeline",1,1,100102,50,30,,"float32",,3,3,"success",41.278,41.2675,41.974,0.706500000000005,0.809801827609696,41.257,42.67,0.003,0.0025,0.0035,0.001,0.001,0.002,0.004,13.239,13.237,13.4655,0.2285,0.2627019857811,13.235,13.692,,,,,,,,,,,,,,,27.762,27.757,28.2405,0.483500000000003,0.555433464362145,27.752,28.719,0.709545135498047,0.70952033996582,0.709566116333008,4.57763671875e-05,4.58293184685773e-05,0.709495544433594,0.709587097167969,,,,,,,,,,,,,,,0.96941947395043,0.969302402630248,0.971180003372113,0.00187760074186449,0.00210373542133493,0.969185331310066,0.972940532793795,0.614933333333333,0.6126,0.619266666666667,0.00666666666666649,0.00676592771006141,0.610266666666667,0.6236,0.612133333333333,0.609225,0.613008333333333,0.00378333333333303,0.00396128252706828,0.606316666666667,0.613883333333333,0.5817,0.576795,0.582665,0.00587000000000004,0.0062953501358807,0.57189,0.58363,-0.0707740869420549,-0.0773832529340384,-0.069032529539674,0.00835072339436439,0.00881092800653687,-0.0839924189260219,-0.0672909721372931,0.825,0.818,0.8275,0.00949999999999984,0.00984885780179605,0.811,0.83,,,,,,,,,,,,,,,,,,,,,,,,,,,,,,,,,,,,,,,,,,,,,,,,,,,,,,,,,,,,,,,,,,,,,,,,,,,,,,,,,,,,,"standard","cpu1","/Users/stefano/Documents/fastEmbedR-results/fastEmbedR-results/TabulaMuris/standard/cpu1/20260727_073247_1118052","/Users/stefano/Documents/fastEmbedR-results/fastEmbedR-results/TabulaMuris/standard/cpu1/20260727_073247_1118052/benchmark_summary_median_variability.csv",TRUE
"TabulaMuris","fastEmbedR_umap_cpu_fuzzy_knn","UMAP","cpu","embedding_from_precomputed_knn",1,1,100102,50,30,,"float32",,3,3,"success",27.887,27.8825,28.048,0.165500000000002,0.18855856738248,27.878,28.209,,,,,,,,,,,,,,,,,,,,,,,,,,,,,27.887,27.8825,28.048,0.165500000000002,0.18855856738248,27.878,28.209,0.731220245361328,0.731184005737305,0.731231689453125,4.76837158203125e-05,4.97863056194354e-05,0.731147766113281,0.731243133544922,,,,,,,,,,,,,,,0.96941947395043,0.969302402630248,0.971180003372113,0.00187760074186449,0.00210373542133493,0.969185331310066,0.972940532793795,0.614933333333333,0.6126,0.619266666666667,0.00666666666666649,0.00676592771006141,0.610266666666667,0.6236,0.612133333333333,0.609225,0.613008333333333,0.00378333333333303,0.00396128252706828,0.606316666666667,0.613883333333333,0.5817,0.576795,0.582665,0.00587000000000004,0.0062953501358807,0.57189,0.58363,-0.0707740869420549,-0.0773832529340384,-0.069032529539674,0.00835072339436439,0.00881092800653687,-0.0839924189260219,-0.0672909721372931,0.825,0.818,0.8275,0.00949999999999984,0.00984885780179605,0.811,0.83,,,,,,,,,,,,,,,,,,,,,,,,,,,,,,,,,,,,,,,,,,,,,,,,,,,,,,,,,,,,,,,,,,,,,,,,,,,,,,,,,,,,,"standard","cpu1","/Users/stefano/Documents/fastEmbedR-results/fastEmbedR-results/TabulaMuris/standard/cpu1/20260727_073247_1118052","/Users/stefano/Documents/fastEmbedR-results/fastEmbedR-results/TabulaMuris/standard/cpu1/20260727_073247_1118052/benchmark_summary_median_variability.csv",TRUE
"TabulaMuris","umap_package","UMAP","cpu","full_pipeline",1,1,100102,50,30,,"standard_R_double",,3,3,"success",785.442,774.7885,809.578,34.7895,35.6497112517526,764.135,833.714,,,,,,,,,,,,,,,,,,,,,,,,,,,,,,,,,,,,6.69518280029297,6.6549243927002,6.86562347412109,0.210699081420898,0.223703472761752,6.61466598510742,7.03606414794922,,,,,,,,,,,,,,,0.986592345304333,0.98530102006407,0.986737371438206,0.001436351374136,0.00158148848149013,0.984009694823807,0.986882397572079,0.6383,0.635916666666666,0.639283333333333,0.00336666666666696,0.00346233703988796,0.633533333333333,0.640266666666667,0.652416666666667,0.650191666666667,0.653225,0.003033333333333,0.00314167035071964,0.647966666666667,0.654033333333333,0.64211,0.63988,0.646655,0.00677499999999998,0.00690557986944855,0.63765,0.6512,0.0520823530412518,0.0454011677598769,0.0611834745935363,0.0157823068336594,0.0158440285126667,0.038719982478502,0.0702845961458209,0.8325,0.83025,0.84,0.00975000000000015,0.0102102889283311,0.828,0.8475,,,,,,,,,,,,,,,,,,,,,,,,,,,,,,,,,,,,,,,,,,,,,,,,,,,,,,,,,,,,,,,,,,,,,,,,,,,,,,,,,,,,,"standard","cpu1","/Users/stefano/Documents/fastEmbedR-results/fastEmbedR-results/TabulaMuris/standard/cpu1/20260727_073247_1118052","/Users/stefano/Documents/fastEmbedR-results/fastEmbedR-results/TabulaMuris/standard/cpu1/20260727_073247_1118052/benchmark_summary_median_variability.csv",TRUE
"TabulaMuris","umap_package_knn","UMAP","cpu","embedding_from_precomputed_knn",1,1,100102,50,30,,"standard_R_double",,3,3,"success",411.789,411.084,412.828,1.74399999999997,1.75462854568519,410.379,413.867,,,,,,,,,,,,,,,,,,,,,,,,,,,,,411.789,411.084,412.828,1.74399999999997,1.75462854568519,410.379,413.867,2.77889633178711,2.77889251708984,2.77890014648438,7.62939453125e-06,7.62939453125e-06,2.77888870239258,2.77890396118164,,,,,,,,,,,,,,,0.988626605968639,0.987271741696172,0.98888208565166,0.00161034395548798,0.00173092166589934,0.985916877423706,0.989137565334682,0.6417,0.640483333333334,0.642966666666666,0.00248333333333295,0.00248350111290012,0.639266666666667,0.644233333333333,0.652183333333333,0.651258333333333,0.658816666666666,0.00755833333333344,0.00824561050454093,0.650333333333333,0.66545,0.64682,0.64592,0.64843,0.0025099999999999,0.00254325251072974,0.64502,0.65004,0.0674791474636328,0.0556692737020328,0.0683482391049202,0.0126789654028874,0.0141653239104864,0.0438593999404328,0.0692173307462075,0.8375,0.832,0.84275,0.0107499999999999,0.0107509689485801,0.8265,0.848,,,,,,,,,,,,,,,,,,,,,,,,,,,,,,,,,,,,,,,,,,,,,,,,,,,,,,,,,,,,,,,,,,,,,,,,,,,,,,,,,,,,,"standard","cpu1","/Users/stefano/Documents/fastEmbedR-results/fastEmbedR-results/TabulaMuris/standard/cpu1/20260727_073247_1118052","/Users/stefano/Documents/fastEmbedR-results/fastEmbedR-results/TabulaMuris/standard/cpu1/20260727_073247_1118052/benchmark_summary_median_variability.csv",TRUE
"TabulaMuris","uwot_default","UMAP","cpu","full_pipeline",1,1,100102,50,30,,"standard_R_double",,3,3,"success",87.114,87.082,87.846,0.76400000000001,0.864308586867755,87.05,88.578,,,,,,,,,,,,,,,,,,,,,,,,,,,,,,,,,,,,0.884098052978516,0.88408088684082,0.884180068969727,9.918212890625e-05,0.00010601381605578,0.884063720703125,0.884262084960938,,,,,,,,,,,,,,,0.981581082448154,0.979438543247344,0.982173545776429,0.00273500252908454,0.00287769883256912,0.977296004046535,0.982766009104704,0.628466666666667,0.6269,0.629383333333333,0.00248333333333339,0.00251152897211616,0.625333333333333,0.6303,0.64005,0.6367,0.643916666666666,0.00721666666666643,0.00722282903433671,0.63335,0.647783333333333,0.62858,0.61992,0.629595,0.00967499999999999,0.010634266939161,0.61126,0.63061,0.048504956132869,0.0238732579506298,0.0571115803049745,0.0332383223543447,0.034501986492685,-0.000758440231609392,0.0657182044770799,0.8205,0.80375,0.83075,0.027,0.0272595548997655,0.787,0.841,,,,,,,,,,,,,,,,,,,,,,,,,,,,,,,,,,,,,,,,,,,,,,,,,,,,,,,,,,,,,,,,,,,,,,,,,,,,,,,,,,,,,"standard","cpu1","/Users/stefano/Documents/fastEmbedR-results/fastEmbedR-results/TabulaMuris/standard/cpu1/20260727_073247_1118052","/Users/stefano/Documents/fastEmbedR-results/fastEmbedR-results/TabulaMuris/standard/cpu1/20260727_073247_1118052/benchmark_summary_median_variability.csv",TRUE
"TabulaMuris","uwot_fast_sgd","UMAP","cpu","full_pipeline",1,1,100102,50,30,,"standard_R_double",,3,3,"success",75.389,75.1725,75.9445,0.772000000000006,0.796423882113036,74.956,76.5,,,,,,,,,,,,,,,,,,,,,,,,,,,,,,,,,,,,0.884128570556641,0.884115219116211,0.8841552734375,4.00543212890625e-05,4.07893242704911e-05,0.884101867675781,0.884181976318359,,,,,,,,,,,,,,,0.98106110268083,0.980579000168606,0.982283417636149,0.00170441746754346,0.00175717872093457,0.980096897656382,0.983505732591469,0.6273,0.6241,0.628666666666666,0.0045666666666665,0.00468773024125892,0.6209,0.630033333333333,0.636666666666667,0.631975,0.637766666666667,0.00579166666666708,0.00615170105953882,0.627283333333333,0.638866666666667,0.61235,0.610795,0.620375,0.00957999999999992,0.0102825110422179,0.60924,0.6284,0.0469570886805635,0.0334275560425263,0.0483595673488156,0.0149320113062893,0.016492021535069,0.0198980234044891,0.0497620460170677,0.8145,0.80875,0.827,0.0182499999999999,0.0186614576065215,0.803,0.8395,,,,,,,,,,,,,,,,,,,,,,,,,,,,,,,,,,,,,,,,,,,,,,,,,,,,,,,,,,,,,,,,,,,,,,,,,,,,,,,,,,,,,"standard","cpu1","/Users/stefano/Documents/fastEmbedR-results/fastEmbedR-results/TabulaMuris/standard/cpu1/20260727_073247_1118052","/Users/stefano/Documents/fastEmbedR-results/fastEmbedR-results/TabulaMuris/standard/cpu1/20260727_073247_1118052/benchmark_summary_median_variability.csv",TRUE
"TabulaMuris","uwot_knn","UMAP","cpu","embedding_from_precomputed_knn",1,1,100102,50,30,,"standard_R_double",,3,3,"success",49.102,48.686,49.3435,0.657499999999999,0.665173912096176,48.27,49.585,,,,,,,,,,,,,,,,,,,,,,,,,,,,,49.102,48.686,49.3435,0.657499999999999,0.665173912096176,48.27,49.585,0.937767028808594,0.937711715698242,0.937778472900391,6.67572021484375e-05,7.14004269478681e-05,0.937656402587891,0.937789916992188,,,,,,,,,,,,,,,0.981594756364863,0.980705572416119,0.982627811498904,0.00192223908278499,0.00192403293389326,0.979816388467375,0.983660866632945,0.631866666666667,0.627866666666667,0.632766666666667,0.00490000000000002,0.00521664004253058,0.623866666666667,0.633666666666667,0.6371,0.635408333333334,0.639991666666667,0.00458333333333294,0.00463540121720239,0.633716666666667,0.642883333333333,0.62242,0.61796,0.622685,0.00472499999999987,0.00530957939326017,0.6135,0.62295,0.0118011954521063,0.00177257427839496,0.0253138456737015,0.0235412713953066,0.0236270525396133,-0.00825604689531638,0.0388264958952968,0.8155,0.81525,0.8175,0.00224999999999997,0.00246644143115814,0.815,0.8195,,,,,,,,,,,,,,,,,,,,,,,,,,,,,,,,,,,,,,,,,,,,,,,,,,,,,,,,,,,,,,,,,,,,,,,,,,,,,,,,,,,,,"standard","cpu1","/Users/stefano/Documents/fastEmbedR-results/fastEmbedR-results/TabulaMuris/standard/cpu1/20260727_073247_1118052","/Users/stefano/Documents/fastEmbedR-results/fastEmbedR-results/TabulaMuris/standard/cpu1/20260727_073247_1118052/benchmark_summary_median_variability.csv",TRUE
"TabulaMuris","fastEmbedR_pca_cpu","PCA","cpu","pca_only",4,4,100102,50,,,"float32",,3,3,"success",1.029,1.0235,1.0405,0.0170000000000001,0.0173493515728975,1.018,1.052,,,,,,,,,,,,,,,1.029,1.0235,1.0405,0.0170000000000001,0.0173493515728975,1.018,1.052,,,,,,,,,,,,,,,0.582363128662109,0.58233642578125,0.594213485717773,0.0118770599365234,0.0136990566129288,0.582309722900391,0.606063842773438,,,,,,,,,,,,,,,,,,,,,,,,,,,,,,,,,,,,,,,,,,,,,,,,,,,,,,,,,,,,,,,,,,,,,,,,,,,,,,,,,,,,,,,,,,,,,,,,,,,,,,,,,,,,,,,,,,,,,,,,,,,,,,,,,,,,,,,,,,,,,"standard","cpu4","/Users/stefano/Documents/fastEmbedR-results/fastEmbedR-results/TabulaMuris/standard/cpu4/20260727_073247_1118063","/Users/stefano/Documents/fastEmbedR-results/fastEmbedR-results/TabulaMuris/standard/cpu4/20260727_073247_1118063/benchmark_summary_median_variability.csv",TRUE
"TabulaMuris","irlba_pca","PCA","cpu","pca_only",4,4,100102,50,,,"standard_R_double",,3,3,"success",0.667,0.6605,0.671,0.0105,0.0105987420637231,0.654,0.675,,,,,,,,,,,,,,,0.667,0.6605,0.671,0.0105,0.0105987420637231,0.654,0.675,,,,,,,,,,,,,,,0.300033569335938,0.300012588500977,0.300214767456055,0.000202178955078125,0.000222335008558621,0.299991607666016,0.300395965576172,,,,,,,,,,,,,,,,,,,,,,,,,,,,,,,,,,,,,,,,,,,,,,,,,,,,,,,,,,,,,,,,,,,,,,,,,,,,,,,,,,,,,,,,,,,,,,,,,,,,,,,,,,,,,,,,,,,,,,,,,,,,,,,,,,,,,,,,,,,,,"standard","cpu4","/Users/stefano/Documents/fastEmbedR-results/fastEmbedR-results/TabulaMuris/standard/cpu4/20260727_073247_1118063","/Users/stefano/Documents/fastEmbedR-results/fastEmbedR-results/TabulaMuris/standard/cpu4/20260727_073247_1118063/benchmark_summary_median_variability.csv",TRUE
"TabulaMuris","fastEmbedR_tsne_cpu_full","t-SNE","cpu","full_pipeline",4,4,100102,50,,30,"float32",,3,3,"success",30.216,30.039,30.4805,0.441499999999998,0.44438084267139,29.862,30.745,0.003,0.0025,0.003,5e-04,0.000577350269189626,0.002,0.003,8.132,8.056,8.392,0.335999999999999,0.352393719202447,7.98,8.652,,,,,,,,,,,,,,,20.881,20.8335,20.917,0.0835000000000008,0.0837635561168052,20.786,20.953,0.699321746826172,0.690187454223633,0.711700439453125,0.0215129852294922,0.0215943799167859,0.681053161621094,0.724079132080078,,,,,,,,,,,,,,,0.97680944191536,0.976734302815714,0.977887287135391,0.00115298431967648,0.00129015994978871,0.976659163716068,0.978965132355421,0.6261,0.625766666666666,0.62995,0.00418333333333354,0.00465000995618224,0.625433333333333,0.6338,0.61795,0.612,0.624533333333333,0.0125333333333335,0.0125386661231629,0.60605,0.631116666666667,0.59111,0.58659,0.59478,0.00819000000000014,0.00820468971584751,0.58207,0.59845,-0.0180952087122255,-0.0247693874518929,-0.0139415000176676,0.0108278874342253,0.0109252339122641,-0.0314435661915603,-0.00978779132310964,0.84,0.837,0.84525,0.00825000000000009,0.00835164654424507,0.834,0.8505,1.71132940926134,1.71009623051394,1.71356707992761,0.00347084941366527,0.00351896722406362,1.70886305176655,1.71580475059388,,,,,,,,,,,,,,,,,,,,,,,,,,,,,,,,,,,,,,,,,,,,,,,,,,,,,,,,,,,,,,,,,,,,,,,,,,,,,,"standard","cpu4","/Users/stefano/Documents/fastEmbedR-results/fastEmbedR-results/TabulaMuris/standard/cpu4/20260727_073247_1118063","/Users/stefano/Documents/fastEmbedR-results/fastEmbedR-results/TabulaMuris/standard/cpu4/20260727_073247_1118063/benchmark_summary_median_variability.csv",TRUE
"TabulaMuris","fastEmbedR_tsne_cpu_knn","t-SNE","cpu","embedding_from_precomputed_knn",4,4,100102,50,,30,"float32",,3,3,"success",21.068,20.81,21.3995,0.589500000000001,0.591025380165692,20.552,21.731,,,,,,,,,,,,,,,,,,,,,,,,,,,,,21.068,20.81,21.3995,0.589500000000001,0.591025380165692,20.552,21.731,0.576519012451172,0.559253692626953,0.604734420776367,0.0454807281494141,0.0459180223775006,0.541988372802734,0.632949829101562,,,,,,,,,,,,,,,0.977478384758051,0.977131040296746,0.978318167256786,0.00118712696004042,0.00122069740701414,0.976783695835441,0.979157949755522,0.6282,0.62425,0.62825,0.004,0.00459020696701141,0.6203,0.6283,0.612633333333333,0.608758333333333,0.61665,0.00789166666666696,0.00789209050838865,0.604883333333333,0.620666666666667,0.58629,0.57989,0.588035,0.00814499999999996,0.00857694778655744,0.57349,0.58978,-0.0297964183766474,-0.0357477872739626,-0.0279139954157401,0.00783379185822245,0.00817845147664004,-0.0416991561712777,-0.0260315724548328,0.837,0.8355,0.8425,0.00700000000000012,0.007371114795832,0.834,0.848,1.71300792027635,1.71300792027635,1.71300792027635,0,0,1.71300792027635,1.71300792027635,,,,,,,,,,,,,,,,,,,,,,,,,,,,,,,,,,,,,,,,,,,,,,,,,,,,,,,,,,,,,,,,,,,,,,,,,,,,,,"standard","cpu4","/Users/stefano/Documents/fastEmbedR-results/fastEmbedR-results/TabulaMuris/standard/cpu4/20260727_073247_1118063","/Users/stefano/Documents/fastEmbedR-results/fastEmbedR-results/TabulaMuris/standard/cpu4/20260727_073247_1118063/benchmark_summary_median_variability.csv",TRUE
"TabulaMuris","KlugerLab_FItSNE","t-SNE","cpu","full_pipeline",4,4,100102,50,,30,"standard_R_double",,3,3,"success",45.899,45.8675,47.568,1.7005,1.94563674238881,45.836,49.237,,,,,,,,,,,,,,,,,,,,,,,,,,,,,,,,,,,,0.697254180908203,0.677177429199219,0.69727897644043,0.0201015472412109,0.0231969649666109,0.657100677490234,0.697303771972656,,,,,,,,,,,,,,,0.977028662957343,0.975898878772551,0.97800354071826,0.00210466194570902,0.00210656131466305,0.974769094587759,0.978978418479177,0.621866666666667,0.617516666666667,0.62345,0.00593333333333312,0.0061445850898106,0.613166666666667,0.625033333333333,0.609283333333333,0.607975,0.609316666666667,0.00134166666666657,0.00153034128364997,0.606666666666667,0.60935,0.58388,0.581075,0.584735,0.00366,0.0038292427449824,0.57827,0.58559,-0.0101429946628614,-0.0164367944026005,-0.00479949137387799,0.0116373030287225,0.0116502293066311,-0.0227305941423395,0.00054401191510543,0.8385,0.83425,0.8435,0.00925000000000009,0.0092601295887261,0.83,0.8485,1.73604062979369,1.73219768307876,1.7365680866324,0.00437040355364982,0.004771224678025,1.72835473636382,1.73709554347112,,,,,,,,,,,,,,,,,,,,,,,,,,,,,,,,,,,,,,,,,,,,,,,,,,,,,,,,,,,,,,,,,,,,,,,,,,,,,,"standard","cpu4","/Users/stefano/Documents/fastEmbedR-results/fastEmbedR-results/TabulaMuris/standard/cpu4/20260727_073247_1118063","/Users/stefano/Documents/fastEmbedR-results/fastEmbedR-results/TabulaMuris/standard/cpu4/20260727_073247_1118063/benchmark_summary_median_variability.csv",TRUE
"TabulaMuris","Rtsne_full","t-SNE","cpu","full_pipeline",4,4,100102,50,,30,"standard_R_double",,3,3,"success",77.824,77.1905,78.406,1.21550000000001,1.21586361625526,76.557,78.988,,,,,,,,,,,,,,,,,,,,,,,,,,,,,,,,,,,,0.564971923828125,0.56494140625,0.57542610168457,0.0104846954345703,0.0120891026502512,0.564910888671875,0.585880279541016,,,,,,,,,,,,,,,0.936593795312763,0.933813901534311,0.937676108582026,0.00386220704771545,0.0039846250105226,0.931034007755859,0.93875842185129,0.6079,0.604533333333333,0.610733333333334,0.00620000000000009,0.0062076416467782,0.601166666666667,0.613566666666667,0.568533333333333,0.567483333333333,0.574883333333333,0.00739999999999996,0.00800770462325713,0.566433333333333,0.581233333333333,0.51716,0.516195,0.520205,0.00401000000000007,0.00418595668077603,0.51523,0.52325,-0.115758217431121,-0.145331578090054,-0.113412108513687,0.0319194695763675,0.0355803356340968,-0.174904938748988,-0.111065999596253,0.8135,0.81325,0.82275,0.00949999999999995,0.0108282039138539,0.813,0.832,1.79438972271039,1.79435081300041,1.79901388656289,0.00466307356247997,0.00536213019544769,1.79431190329043,1.80363805041539,,,,,,,,,,,,,,,,,,,,,,,,,,,,,,,,,,,,,,,,,,,,,,,,,,,,,,,,,,,,,,,,,,,,,,,,,,,,,,"standard","cpu4","/Users/stefano/Documents/fastEmbedR-results/fastEmbedR-results/TabulaMuris/standard/cpu4/20260727_073247_1118063","/Users/stefano/Documents/fastEmbedR-results/fastEmbedR-results/TabulaMuris/standard/cpu4/20260727_073247_1118063/benchmark_summary_median_variability.csv",TRUE
"TabulaMuris","Rtsne_neighbors","t-SNE","cpu","embedding_from_precomputed_knn",4,4,100102,50,,30,"standard_R_double",,3,3,"success",62.632,62.465,63.0435,0.578499999999991,0.595473760966844,62.298,63.455,,,,,,,,,,,,,,,,,,,,,,,,,,,,,62.632,62.465,63.0435,0.578499999999991,0.595473760966844,62.298,63.455,0.820465087890625,0.792411804199219,0.825498580932617,0.0330867767333984,0.0356562997956888,0.764358520507812,0.830532073974609,,,,,,,,,,,,,,,0.963605850615411,0.963264373630079,0.965249924127466,0.00198555049738658,0.00212320434284657,0.962922896644748,0.966893997639521,0.608966666666667,0.605983333333334,0.609666666666667,0.00368333333333348,0.00391213686044037,0.603,0.610366666666667,0.578166666666667,0.578,0.583325,0.00532500000000002,0.00605484960207118,0.577833333333333,0.588483333333333,0.54788,0.546495,0.553145,0.00665000000000004,0.00701716704470779,0.54511,0.55841,-0.0558247958818088,-0.0581242630785049,-0.0523848364998935,0.00573942657861144,0.00577707465702035,-0.0604237302752011,-0.0489448771179782,0.801,0.79875,0.8125,0.0137499999999999,0.0147507061977836,0.7965,0.824,1.60433246271742,1.60433246271742,1.60433246271742,0,0,1.60433246271742,1.60433246271742,,,,,,,,,,,,,,,,,,,,,,,,,,,,,,,,,,,,,,,,,,,,,,,,,,,,,,,,,,,,,,,,,,,,,,,,,,,,,,"standard","cpu4","/Users/stefano/Documents/fastEmbedR-results/fastEmbedR-results/TabulaMuris/standard/cpu4/20260727_073247_1118063","/Users/stefano/Documents/fastEmbedR-results/fastEmbedR-results/TabulaMuris/standard/cpu4/20260727_073247_1118063/benchmark_summary_median_variability.csv",TRUE
"TabulaMuris","fastEmbedR_umap_cpu_binary_full","UMAP","cpu","full_pipeline",4,4,100102,50,30,,"float32",,3,3,"success",65.458,65.245,65.517,0.271999999999991,0.286163123643374,65.032,65.576,0.003,0.0025,0.003,5e-04,0.000577350269189626,0.002,0.003,8.53,8.5195,8.657,0.137499999999999,0.153069700899079,8.509,8.784,,,,,,,,,,,,,,,56.68,56.343,56.754,0.411000000000001,0.438152180564395,56.006,56.828,0.71380615234375,0.713796615600586,0.713953018188477,0.000156402587890625,0.000175351637795429,0.713787078857422,0.714099884033203,,,,,,,,,,,,,,,0.985668470746923,0.985522491991232,0.985831630416456,0.000309138425223621,0.000309297527552074,0.985376513235542,0.985994790085989,0.640366666666667,0.635016666666667,0.641766666666667,0.00675000000000003,0.00712483917947156,0.629666666666667,0.643166666666667,0.648966666666667,0.646166666666667,0.6519,0.00573333333333303,0.00573385010590908,0.643366666666667,0.654833333333333,0.63357,0.633505,0.63546,0.00195499999999993,0.00222086319554656,0.63344,0.63735,-0.0316316653378951,-0.0553538540260187,-0.0293006572675154,0.0260531967585032,0.0288322145769438,-0.0790760427141422,-0.0269696491971358,0.8135,0.8075,0.82725,0.01975,0.0202505143967587,0.8015,0.841,,,,,,,,,,,,,,,,,,,,,,,,,,,,,,,,,,,,,,,,,,,,,,,,,,,,,,,,,,,,,,,,,,,,,,,,,,,,,,,,,,,,,"standard","cpu4","/Users/stefano/Documents/fastEmbedR-results/fastEmbedR-results/TabulaMuris/standard/cpu4/20260727_073247_1118063","/Users/stefano/Documents/fastEmbedR-results/fastEmbedR-results/TabulaMuris/standard/cpu4/20260727_073247_1118063/benchmark_summary_median_variability.csv",TRUE
"TabulaMuris","fastEmbedR_umap_cpu_binary_knn","UMAP","cpu","embedding_from_precomputed_knn",4,4,100102,50,30,,"float32",,3,3,"success",56.478,56.46,56.5055,0.045499999999997,0.0458293937700836,56.442,56.533,,,,,,,,,,,,,,,,,,,,,,,,,,,,,56.478,56.46,56.5055,0.045499999999997,0.0458293937700836,56.442,56.533,0.731945037841797,0.731929779052734,0.731967926025391,3.814697265625e-05,3.84004437015317e-05,0.731914520263672,0.731990814208984,,,,,,,,,,,,,,,0.985469988197606,0.98535531107739,0.986147066262014,0.000791755184623488,0.000855749893205169,0.985240633957174,0.986824144326421,0.637066666666667,0.634116666666667,0.640316666666667,0.00619999999999998,0.00620241888298427,0.631166666666667,0.643566666666667,0.6513,0.645608333333334,0.653408333333333,0.00779999999999992,0.00806970213778621,0.639916666666667,0.655516666666667,0.63477,0.632065,0.635235,0.00317000000000001,0.00342365788789319,0.62936,0.6357,-0.0396451501728201,-0.0632439332237081,-0.0342343187720029,0.0290096144517051,0.0308516600154949,-0.0868427162745961,-0.0288234873711858,0.814,0.80725,0.8255,0.0182499999999999,0.018454899981667,0.8005,0.837,,,,,,,,,,,,,,,,,,,,,,,,,,,,,,,,,,,,,,,,,,,,,,,,,,,,,,,,,,,,,,,,,,,,,,,,,,,,,,,,,,,,,"standard","cpu4","/Users/stefano/Documents/fastEmbedR-results/fastEmbedR-results/TabulaMuris/standard/cpu4/20260727_073247_1118063","/Users/stefano/Documents/fastEmbedR-results/fastEmbedR-results/TabulaMuris/standard/cpu4/20260727_073247_1118063/benchmark_summary_median_variability.csv",TRUE
"TabulaMuris","fastEmbedR_umap_cpu_fuzzy_full","UMAP","cpu","full_pipeline",4,4,100102,50,30,,"float32",,3,3,"success",20.359,20.2555,20.4665,0.211000000000002,0.211012637852176,20.152,20.574,0.003,0.003,0.003,0,0,0.003,0.003,8.48,8.444,8.64,0.196000000000002,0.208665601701223,8.408,8.8,,,,,,,,,,,,,,,11.511,11.5095,11.5735,0.0640000000000001,0.07305021104236,11.508,11.636,0.711196899414062,0.711183547973633,0.711326599121094,0.000143051147460938,0.000158037771340547,0.711170196533203,0.711456298828125,,,,,,,,,,,,,,,0.971569229472264,0.971514980610352,0.97222446467712,0.000709484066767962,0.000789786365079836,0.97146073174844,0.972879699881976,0.617866666666667,0.616016666666667,0.62245,0.00643333333333296,0.00662405828387276,0.614166666666667,0.627033333333333,0.6168,0.612,0.617658333333334,0.00565833333333354,0.00609882350524674,0.6072,0.618516666666667,0.58572,0.578,0.5872,0.00919999999999987,0.0098802429119936,0.57028,0.58868,-0.0445743312749609,-0.061031040751936,-0.0436554929007056,0.0173755478512304,0.0195546620851731,-0.077487750228911,-0.0427366545264503,0.814,0.81075,0.82025,0.00949999999999995,0.009656603957914,0.8075,0.8265,,,,,,,,,,,,,,,,,,,,,,,,,,,,,,,,,,,,,,,,,,,,,,,,,,,,,,,,,,,,,,,,,,,,,,,,,,,,,,,,,,,,,"standard","cpu4","/Users/stefano/Documents/fastEmbedR-results/fastEmbedR-results/TabulaMuris/standard/cpu4/20260727_073247_1118063","/Users/stefano/Documents/fastEmbedR-results/fastEmbedR-results/TabulaMuris/standard/cpu4/20260727_073247_1118063/benchmark_summary_median_variability.csv",TRUE
"TabulaMuris","fastEmbedR_umap_cpu_fuzzy_knn","UMAP","cpu","embedding_from_precomputed_knn",4,4,100102,50,30,,"float32",,3,3,"success",11.663,11.6035,11.6765,0.0730000000000004,0.077680971500962,11.544,11.69,,,,,,,,,,,,,,,,,,,,,,,,,,,,,11.663,11.6035,11.6765,0.0730000000000004,0.077680971500962,11.544,11.69,0.732192993164062,0.732185363769531,0.732259750366211,7.43865966796875e-05,8.18457796313176e-05,0.732177734375,0.732326507568359,,,,,,,,,,,,,,,0.972416809981453,0.970039242960715,0.974012013151239,0.00397277019052444,0.00399836642290479,0.967661675939976,0.975607216321025,0.617766666666667,0.614216666666667,0.622766666666667,0.00854999999999995,0.00859088664419065,0.610666666666667,0.627766666666667,0.609633333333333,0.608108333333333,0.611975,0.00386666666666691,0.00389530819395955,0.606583333333333,0.614316666666667,0.5744,0.57329,0.5786,0.00530999999999993,0.00560167831993232,0.57218,0.5828,-0.0540450954202701,-0.0588864447159293,-0.049482356308107,0.00940408840782229,0.00940546401443971,-0.0637277940115885,-0.0449196171959439,0.804,0.803,0.819,0.0159999999999999,0.017925772879665,0.802,0.834,,,,,,,,,,,,,,,,,,,,,,,,,,,,,,,,,,,,,,,,,,,,,,,,,,,,,,,,,,,,,,,,,,,,,,,,,,,,,,,,,,,,,"standard","cpu4","/Users/stefano/Documents/fastEmbedR-results/fastEmbedR-results/TabulaMuris/standard/cpu4/20260727_073247_1118063","/Users/stefano/Documents/fastEmbedR-results/fastEmbedR-results/TabulaMuris/standard/cpu4/20260727_073247_1118063/benchmark_summary_median_variability.csv",TRUE
"TabulaMuris","umap_package","UMAP","cpu","full_pipeline",4,4,100102,50,30,,"standard_R_double",,3,3,"success",734.107,733.2665,737.0085,3.74199999999996,3.92663609212768,732.426,739.91,,,,,,,,,,,,,,,,,,,,,,,,,,,,,,,,,,,,6.54788970947266,6.49142265319824,6.65280342102051,0.161380767822266,0.163786787293619,6.43495559692383,6.75771713256836,,,,,,,,,,,,,,,0.986592345304333,0.98530102006407,0.986737371438206,0.001436351374136,0.00158148848149013,0.984009694823807,0.986882397572079,0.6383,0.635916666666666,0.639283333333333,0.00336666666666696,0.00346233703988796,0.633533333333333,0.640266666666667,0.652416666666667,0.650191666666667,0.653225,0.003033333333333,0.00314167035071964,0.647966666666667,0.654033333333333,0.64211,0.63988,0.646655,0.00677499999999998,0.00690557986944855,0.63765,0.6512,0.0520823530412518,0.0454011677598769,0.0611834745935363,0.0157823068336594,0.0158440285126667,0.038719982478502,0.0702845961458209,0.8325,0.83025,0.84,0.00975000000000015,0.0102102889283311,0.828,0.8475,,,,,,,,,,,,,,,,,,,,,,,,,,,,,,,,,,,,,,,,,,,,,,,,,,,,,,,,,,,,,,,,,,,,,,,,,,,,,,,,,,,,,"standard","cpu4","/Users/stefano/Documents/fastEmbedR-results/fastEmbedR-results/TabulaMuris/standard/cpu4/20260727_073247_1118063","/Users/stefano/Documents/fastEmbedR-results/fastEmbedR-results/TabulaMuris/standard/cpu4/20260727_073247_1118063/benchmark_summary_median_variability.csv",TRUE
"TabulaMuris","umap_package_knn","UMAP","cpu","embedding_from_precomputed_knn",4,4,100102,50,30,,"standard_R_double",,3,3,"success",344.045,342.818,348.2985,5.48050000000001,5.75231382430874,341.591,352.552,,,,,,,,,,,,,,,,,,,,,,,,,,,,,344.045,342.818,348.2985,5.48050000000001,5.75231382430874,341.591,352.552,2.77943801879883,2.77940559387207,2.7795467376709,0.000141143798828125,0.000147857456056218,2.77937316894531,2.77965545654297,,,,,,,,,,,,,,,0.988626605968639,0.987271741696172,0.98888208565166,0.00161034395548798,0.00173092166589934,0.985916877423706,0.989137565334682,0.6417,0.640483333333334,0.642966666666666,0.00248333333333295,0.00248350111290012,0.639266666666667,0.644233333333333,0.652183333333333,0.651258333333333,0.658816666666666,0.00755833333333344,0.00824561050454093,0.650333333333333,0.66545,0.64682,0.64592,0.64843,0.0025099999999999,0.00254325251072974,0.64502,0.65004,0.0674791474636328,0.0556692737020328,0.0683482391049202,0.0126789654028874,0.0141653239104864,0.0438593999404328,0.0692173307462075,0.8375,0.832,0.84275,0.0107499999999999,0.0107509689485801,0.8265,0.848,,,,,,,,,,,,,,,,,,,,,,,,,,,,,,,,,,,,,,,,,,,,,,,,,,,,,,,,,,,,,,,,,,,,,,,,,,,,,,,,,,,,,"standard","cpu4","/Users/stefano/Documents/fastEmbedR-results/fastEmbedR-results/TabulaMuris/standard/cpu4/20260727_073247_1118063","/Users/stefano/Documents/fastEmbedR-results/fastEmbedR-results/TabulaMuris/standard/cpu4/20260727_073247_1118063/benchmark_summary_median_variability.csv",TRUE
"TabulaMuris","uwot_default","UMAP","cpu","full_pipeline",4,4,100102,50,30,,"standard_R_double",,3,3,"success",70.198,69.97,70.336,0.366,0.369670123217984,69.742,70.474,,,,,,,,,,,,,,,,,,,,,,,,,,,,,,,,,,,,0.885177612304688,0.885141372680664,0.885251998901367,0.000110626220703125,0.000112797271899643,0.885105133056641,0.885326385498047,,,,,,,,,,,,,,,0.981581082448154,0.979438543247344,0.982173545776429,0.00273500252908454,0.00287769883256912,0.977296004046535,0.982766009104704,0.628466666666667,0.6269,0.629383333333333,0.00248333333333339,0.00251152897211616,0.625333333333333,0.6303,0.64005,0.6367,0.643916666666666,0.00721666666666643,0.00722282903433671,0.63335,0.647783333333333,0.62858,0.61992,0.629595,0.00967499999999999,0.010634266939161,0.61126,0.63061,0.048504956132869,0.0238732579506298,0.0571115803049745,0.0332383223543447,0.034501986492685,-0.000758440231609392,0.0657182044770799,0.8205,0.80375,0.83075,0.027,0.0272595548997655,0.787,0.841,,,,,,,,,,,,,,,,,,,,,,,,,,,,,,,,,,,,,,,,,,,,,,,,,,,,,,,,,,,,,,,,,,,,,,,,,,,,,,,,,,,,,"standard","cpu4","/Users/stefano/Documents/fastEmbedR-results/fastEmbedR-results/TabulaMuris/standard/cpu4/20260727_073247_1118063","/Users/stefano/Documents/fastEmbedR-results/fastEmbedR-results/TabulaMuris/standard/cpu4/20260727_073247_1118063/benchmark_summary_median_variability.csv",TRUE
"TabulaMuris","uwot_fast_sgd","UMAP","cpu","full_pipeline",4,4,100102,50,30,,"standard_R_double",,3,3,"success",44.451,43.977,45.0665,1.0895,1.09255861780196,43.503,45.682,,,,,,,,,,,,,,,,,,,,,,,,,,,,,,,,,,,,0.885234832763672,0.885101318359375,0.885318756103516,0.000217437744140625,0.000219314683658349,0.884967803955078,0.885402679443359,,,,,,,,,,,,,,,0.981428022255943,0.9812844461305,0.982407452368909,0.00112300623840855,0.00122230396151043,0.981140870005058,0.983386882481875,0.625466666666667,0.624533333333333,0.630533333333334,0.00600000000000001,0.00645715222174716,0.6236,0.6356,0.638783333333333,0.634675,0.639316666666667,0.00464166666666643,0.00507988954385574,0.630566666666667,0.63985,0.62245,0.62068,0.623565,0.00288500000000003,0.00290967924921863,0.61891,0.62468,0.0601862051973078,0.0562372083883581,0.0754295225796582,0.0191923141913001,0.0202698170462675,0.0522882115794085,0.0906728399620086,0.8275,0.82625,0.82975,0.00350000000000006,0.00354729944229879,0.825,0.832,,,,,,,,,,,,,,,,,,,,,,,,,,,,,,,,,,,,,,,,,,,,,,,,,,,,,,,,,,,,,,,,,,,,,,,,,,,,,,,,,,,,,"standard","cpu4","/Users/stefano/Documents/fastEmbedR-results/fastEmbedR-results/TabulaMuris/standard/cpu4/20260727_073247_1118063","/Users/stefano/Documents/fastEmbedR-results/fastEmbedR-results/TabulaMuris/standard/cpu4/20260727_073247_1118063/benchmark_summary_median_variability.csv",TRUE
"TabulaMuris","uwot_knn","UMAP","cpu","embedding_from_precomputed_knn",4,4,100102,50,30,,"standard_R_double",,3,3,"success",32.048,31.686,32.5615,0.875500000000002,0.87985851135282,31.324,33.075,,,,,,,,,,,,,,,,,,,,,,,,,,,,,32.048,31.686,32.5615,0.875500000000002,0.87985851135282,31.324,33.075,0.93853759765625,0.938482284545898,0.938625335693359,0.000143051147460938,0.00014427088900736,0.938426971435547,0.938713073730469,,,,,,,,,,,,,,,0.983559433485078,0.980305589276681,0.984157309054122,0.00385171977744059,0.00414573697288366,0.977051745068285,0.984755184623166,0.627,0.625466666666667,0.62815,0.00268333333333348,0.00269244484795141,0.623933333333333,0.6293,0.63445,0.631583333333333,0.638041666666666,0.0064583333333329,0.00647188363444314,0.628716666666667,0.641633333333333,0.62251,0.62168,0.624845,0.00316499999999997,0.00328210806240945,0.62085,0.62718,0.0367944538930119,0.0319016583518004,0.0372505976150807,0.0053489392632803,0.00593063608424051,0.0270088628105889,0.0377067413371495,0.8165,0.80575,0.8185,0.01275,0.0137143477181138,0.795,0.8205,,,,,,,,,,,,,,,,,,,,,,,,,,,,,,,,,,,,,,,,,,,,,,,,,,,,,,,,,,,,,,,,,,,,,,,,,,,,,,,,,,,,,"standard","cpu4","/Users/stefano/Documents/fastEmbedR-results/fastEmbedR-results/TabulaMuris/standard/cpu4/20260727_073247_1118063","/Users/stefano/Documents/fastEmbedR-results/fastEmbedR-results/TabulaMuris/standard/cpu4/20260727_073247_1118063/benchmark_summary_median_variability.csv",TRUE
"TabulaMuris","fastEmbedR_pca_cuda","PCA","cuda","pca_only",1,,100102,50,,,"float32",,3,3,"success",1.328,1.327,1.3465,0.0195000000000001,0.0219620885467055,1.326,1.365,,,,,,,,,,,,,,,1.328,1.327,1.3465,0.0195000000000001,0.0219620885467055,1.326,1.365,,,,,,,,,,,,,,,0.791187286376953,0.77525520324707,0.791275024414062,0.0160198211669922,0.0184476491915739,0.759323120117188,0.791362762451172,437,437,455,18,20.7846096908265,437,473,437,437,455,18,20.7846096908265,437,473,,,,,,,,,,,,,,,,,,,,,,,,,,,,,,,,,,,,,,,,,,,,,,,,,,,,,,,,,,,,,,,,,,,,,,,,,,,,,,,,,,,,,,,,,,,,,,,,,,,,,,,,,,,,,,,,,,,,,,,,,,,,,,,"standard","cuda","/Users/stefano/Documents/fastEmbedR-results/fastEmbedR-results/TabulaMuris/standard/cuda/20260727_093420_1118074","/Users/stefano/Documents/fastEmbedR-results/fastEmbedR-results/TabulaMuris/standard/cuda/20260727_093420_1118074/benchmark_summary_median_variability.csv",TRUE
"TabulaMuris","fastEmbedR_tsne_cuda_full","t-SNE","cuda","full_pipeline",1,,100102,50,,30,"float32",,3,3,"success",3.053,3.047,3.1055,0.0585000000000004,0.0643661401670164,3.041,3.158,0.00700000000000001,0.00600000000000001,0.0085,0.0025,0.00251661147842358,0.005,0.01,0.49,0.49,0.5185,0.0285,0.0329089653438087,0.49,0.547,,,,,,,,,,,,,,,2.282,2.2745,2.3135,0.0390000000000006,0.0413884041731499,2.267,2.345,0.820106506347656,0.819868087768555,0.822505950927734,0.00263786315917969,0.00291804726467142,0.819629669189453,0.824905395507812,927,926,927,1,1.15470053837925,925,927,927,926,927,1,1.15470053837925,925,927,0.98299908952959,0.982541443264205,0.98387242454898,0.00133098128477505,0.0013524460163558,0.98208379699882,0.98474575956837,0.641433333333333,0.637933333333333,0.642,0.00406666666666688,0.00440521576383359,0.634433333333333,0.642566666666667,0.631916666666667,0.627825,0.636616666666667,0.00879166666666698,0.00879867940427793,0.623733333333333,0.641316666666667,0.60581,0.598425,0.606915,0.00849,0.00923180552943643,0.59104,0.60802,0.018362091701311,0.0132410278274296,0.0208531864730813,0.00761215864565164,0.00776212202982677,0.00811996395354823,0.0233442812448515,0.843,0.838,0.848,0.01,0.01,0.833,0.853,1.65975246274501,1.65956641106548,1.66306792193167,0.00350151086618511,0.00394017454705097,1.65938035938595,1.66638338111832,,,,,,,,,,,,,,,,,,,,,,,,,,,,,,,,,,,,,,,,,,,,,,,,,,,,,,,,,,,,,,,,,,,,,,,,,,,,,,"standard","cuda","/Users/stefano/Documents/fastEmbedR-results/fastEmbedR-results/TabulaMuris/standard/cuda/20260727_093420_1118074","/Users/stefano/Documents/fastEmbedR-results/fastEmbedR-results/TabulaMuris/standard/cuda/20260727_093420_1118074/benchmark_summary_median_variability.csv",TRUE
"TabulaMuris","fastEmbedR_tsne_cuda_knn","t-SNE","cuda","embedding_from_precomputed_knn",1,,100102,50,,30,"float32",,3,3,"success",2.511,2.5105,2.515,0.00450000000000017,0.00493288286231636,2.51,2.519,,,,,,,,,,,,,,,,,,,,,,,,,,,,,2.511,2.5105,2.515,0.00450000000000017,0.00493288286231636,2.51,2.519,0.656337738037109,0.656335830688477,0.656459808349609,0.000123977661132812,0.000142068667980469,0.656333923339844,0.656581878662109,781,781,781,0,0,781,781,781,781,781,0,0,781,781,0.982524060023605,0.981224582701062,0.982595211600068,0.00137062889900508,0.00154322766465249,0.97992510537852,0.98266636317653,0.638566666666667,0.63395,0.63965,0.00570000000000004,0.00605404670294865,0.629333333333333,0.640733333333333,0.627666666666667,0.623258333333333,0.629133333333334,0.00587500000000007,0.00611556151081759,0.61885,0.6306,0.59967,0.593965,0.599675,0.00570999999999988,0.00659045521948219,0.58826,0.59968,-0.00250886418645041,-0.00947443709621876,9.02418391217599e-05,0.00956467893534052,0.00989133092593748,-0.0164400100059871,0.00268934786469393,0.842,0.836,0.84625,0.01025,0.0102996763703203,0.83,0.8505,1.66813360922477,1.6675831404585,1.66919975121774,0.00161661075923991,0.00164379742440149,1.66703267169223,1.67026589321071,,,,,,,,,,,,,,,,,,,,,,,,,,,,,,,,,,,,,,,,,,,,,,,,,,,,,,,,,,,,,,,,,,,,,,,,,,,,,,"standard","cuda","/Users/stefano/Documents/fastEmbedR-results/fastEmbedR-results/TabulaMuris/standard/cuda/20260727_093420_1118074","/Users/stefano/Documents/fastEmbedR-results/fastEmbedR-results/TabulaMuris/standard/cuda/20260727_093420_1118074/benchmark_summary_median_variability.csv",TRUE
"TabulaMuris","rapids_cuml_tsne_full","t-SNE","cuda","full_pipeline",1,,100102,50,,30,"standard_R_double",,3,3,"success",4.473,4.45,5.6055,1.1555,1.3211776312568,4.427,6.738,,,,,,,,,,,,,,,,,,,,,,,,,,,,,,,,,,,,1.29590606689453,1.29190444946289,1.35177230834961,0.0598678588867188,0.0669388298078495,1.28790283203125,1.40763854980469,741,741,741,0,0,741,741,741,741,741,0,0,741,741,0.92666872365537,0.919506213117518,0.937578629236216,0.0180724161186985,0.0182014618708721,0.912343702579666,0.948488534817063,0.588533333333333,0.577033333333333,0.599033333333333,0.022,0.0220075744536588,0.565533333333333,0.609533333333333,0.531183333333333,0.520591666666667,0.560658333333333,0.0400666666666665,0.041523461685779,0.51,0.590133333333333,0.45971,0.458925,0.497915,0.03899,0.0445754667203086,0.45814,0.53612,-0.125873936296407,-0.151591784798405,-0.112031368567763,0.0395604162306415,0.0401501427580309,-0.177309633300402,-0.0981888008391191,0.8035,0.78775,0.81625,0.0285,0.0285525830705384,0.772,0.829,2.24058586370375,2.05552624094081,2.25711986692798,0.20159362598718,0.223845820865526,1.87046661817786,2.27365387015222,,,,,,,,,,,,,,,,,,,,,,,,,,,,,,,,,,,,,,,,,,,,,,,,,,,,,,,,,,,,,,,,,,,,,,,,,,,,,,"standard","cuda","/Users/stefano/Documents/fastEmbedR-results/fastEmbedR-results/TabulaMuris/standard/cuda/20260727_093420_1118074","/Users/stefano/Documents/fastEmbedR-results/fastEmbedR-results/TabulaMuris/standard/cuda/20260727_093420_1118074/benchmark_summary_median_variability.csv",TRUE
"TabulaMuris","fastEmbedR_umap_cuda_binary_full","UMAP","cuda","full_pipeline",1,,100102,50,30,,"float32",,3,3,"success",0.897,0.8915,0.9125,0.0210000000000001,0.0217791949652262,0.886,0.928,0.00600000000000001,0.0055,0.0085,0.003,0.00321455025366432,0.005,0.011,0.484,0.477,0.491,0.014,0.014,0.47,0.498,,,,,,,,,,,,,,,0.17,0.169,0.17,0.001,0.00115470053837925,0.168,0.17,0.774135589599609,0.774040222167969,0.774198532104492,0.000158309936523438,0.000159412968817277,0.773944854736328,0.774261474609375,797,797,798,1,1.15470053837925,797,799,797,797,798,1,1.15470053837925,797,799,0.983752925307705,0.983446366548642,0.984501129657731,0.00105476310908803,0.00108514614636251,0.98313980778958,0.985249334007756,0.6349,0.631666666666666,0.6352,0.0035333333333335,0.00391823845530032,0.628433333333333,0.6355,0.644733333333333,0.6447,0.651641666666666,0.0069416666666664,0.00799637070454113,0.644666666666667,0.65855,0.63356,0.63266,0.637205,0.00454500000000002,0.00481338758048842,0.63176,0.64085,-0.0219621538579406,-0.0425622594885564,0.0289686102744782,0.0715308697630345,0.0736431595201293,-0.0631623651191721,0.079899374406897,0.824,0.8215,0.82675,0.00525000000000009,0.00525198375219628,0.819,0.8295,,,,,,,,,,,,,,,,,,,,,,,,,,,,,,,,,,,,,,,,,,,,,,,,,,,,,,,,,,,,,,,,,,,,,,,,,,,,,,,,,,,,,"standard","cuda","/Users/stefano/Documents/fastEmbedR-results/fastEmbedR-results/TabulaMuris/standard/cuda/20260727_093420_1118074","/Users/stefano/Documents/fastEmbedR-results/fastEmbedR-results/TabulaMuris/standard/cuda/20260727_093420_1118074/benchmark_summary_median_variability.csv",TRUE
"TabulaMuris","fastEmbedR_umap_cuda_binary_knn","UMAP","cuda","embedding_from_precomputed_knn",1,,100102,50,30,,"float32",,3,3,"success",1.743,1.732,1.744,0.012,0.0133166562369588,1.721,1.745,,,,,,,,,,,,,,,,,,,,,,,,,,,,,1.743,1.732,1.744,0.012,0.0133166562369588,1.721,1.745,0.797157287597656,0.797069549560547,0.797224044799805,0.000154495239257812,0.000154969386542035,0.796981811523438,0.797290802001953,511,511,511,0,0,511,511,511,511,511,0,0,511,511,0.987642033383915,0.987616253582869,0.987849511043669,0.000233257460799496,0.000255761113095228,0.987590473781824,0.988056988703423,0.602266666666667,0.598533333333333,0.603016666666667,0.00448333333333351,0.00480281553227259,0.5948,0.603766666666667,0.64225,0.64155,0.646075,0.00452499999999989,0.00487143031699453,0.64085,0.6499,0.63632,0.63268,0.64036,0.00768000000000002,0.00768347143765972,0.62904,0.6444,0.00949218095101037,0.00628931111225163,0.0213806706279726,0.015091359515721,0.0159026977593114,0.00308644127349288,0.0332691603049349,0.8135,0.80825,0.823,0.0147499999999999,0.0149527032115712,0.803,0.8325,,,,,,,,,,,,,,,,,,,,,,,,,,,,,,,,,,,,,,,,,,,,,,,,,,,,,,,,,,,,,,,,,,,,,,,,,,,,,,,,,,,,,"standard","cuda","/Users/stefano/Documents/fastEmbedR-results/fastEmbedR-results/TabulaMuris/standard/cuda/20260727_093420_1118074","/Users/stefano/Documents/fastEmbedR-results/fastEmbedR-results/TabulaMuris/standard/cuda/20260727_093420_1118074/benchmark_summary_median_variability.csv",TRUE
"TabulaMuris","fastEmbedR_umap_cuda_fuzzy_full","UMAP","cuda","full_pipeline",1,,100102,50,30,,"float32",,3,3,"success",0.811,0.807,0.8255,0.0185,0.0194679223339317,0.803,0.84,0.01,0.0075,0.01,0.0025,0.00288675134594813,0.005,0.01,0.498,0.4895,0.504,0.0145,0.0145716619962629,0.481,0.51,,,,,,,,,,,,,,,0.0670000000000002,0.0670000000000001,0.0690000000000001,0.00200000000000003,0.00230940107675847,0.0669999999999999,0.071,0.774383544921875,0.774301528930664,0.77520751953125,0.000905990600585938,0.00100215758842578,0.774219512939453,0.776031494140625,795,744,797,53,60.0777274314977,693,799,795,744,797,53,60.0777274314977,693,799,0.963813775080088,0.963736283931883,0.96539548979936,0.00165920586747603,0.00187275028445276,0.963658792783679,0.966977204518631,0.617633333333333,0.613083333333333,0.6204,0.00731666666666708,0.00738875522017801,0.608533333333333,0.623166666666667,0.611316666666667,0.609066666666667,0.615833333333333,0.00676666666666648,0.00689205124548328,0.606816666666667,0.62035,0.58301,0.574535,0.5862,0.011665,0.0120574720954822,0.56606,0.58939,-0.0727133972419887,-0.0773188462088789,-0.0552310745611279,0.022087771647751,0.0233053845404528,-0.0819242951757691,-0.0377487518802671,0.81,0.80925,0.811,0.00175000000000003,0.00175594229214215,0.8085,0.812,,,,,,,,,,,,,,,,,,,,,,,,,,,,,,,,,,,,,,,,,,,,,,,,,,,,,,,,,,,,,,,,,,,,,,,,,,,,,,,,,,,,,"standard","cuda","/Users/stefano/Documents/fastEmbedR-results/fastEmbedR-results/TabulaMuris/standard/cuda/20260727_093420_1118074","/Users/stefano/Documents/fastEmbedR-results/fastEmbedR-results/TabulaMuris/standard/cuda/20260727_093420_1118074/benchmark_summary_median_variability.csv",TRUE
"TabulaMuris","fastEmbedR_umap_cuda_fuzzy_knn","UMAP","cuda","embedding_from_precomputed_knn",1,,100102,50,30,,"float32",,3,3,"success",2.486,2.481,2.489,0.00800000000000001,0.00808290376865479,2.476,2.492,,,,,,,,,,,,,,,,,,,,,,,,,,,,,2.486,2.481,2.489,0.00800000000000001,0.00808290376865479,2.476,2.492,0.823028564453125,0.822982788085938,0.823051452636719,6.866455078125e-05,6.99245558922705e-05,0.82293701171875,0.823074340820312,437,437,437,0,0,437,437,437,437,437,0,0,437,437,0.974149806103524,0.971070949249705,0.974324860900354,0.00325391165064903,0.00366041388720187,0.967992092395886,0.974499915697184,0.613433333333333,0.611116666666667,0.617216666666667,0.00609999999999999,0.00615849308167487,0.6088,0.621,0.614216666666667,0.611766666666667,0.61695,0.00518333333333298,0.00518591396994788,0.609316666666667,0.619683333333333,0.58436,0.58266,0.586205,0.00354500000000002,0.00354598834365443,0.58096,0.58805,-0.0695013859296463,-0.0700787786102768,-0.0404155959023847,0.0296631827078921,0.0339236492944513,-0.0706561712909072,-0.011329805875123,0.822,0.809,0.824,0.015,0.0162890556304941,0.796,0.826,,,,,,,,,,,,,,,,,,,,,,,,,,,,,,,,,,,,,,,,,,,,,,,,,,,,,,,,,,,,,,,,,,,,,,,,,,,,,,,,,,,,,"standard","cuda","/Users/stefano/Documents/fastEmbedR-results/fastEmbedR-results/TabulaMuris/standard/cuda/20260727_093420_1118074","/Users/stefano/Documents/fastEmbedR-results/fastEmbedR-results/TabulaMuris/standard/cuda/20260727_093420_1118074/benchmark_summary_median_variability.csv",TRUE
"TabulaMuris","rapids_cuml_umap_full","UMAP","cuda","full_pipeline",1,,100102,50,30,,"standard_R_double",,3,3,"success",4.127,4.1075,4.129,0.0214999999999996,0.0237557010701291,4.088,4.131,,,,,,,,,,,,,,,,,,,,,,,,,,,,,,,,,,,,1.45377349853516,1.45364761352539,1.45396423339844,0.000316619873046875,0.000318825937634553,1.45352172851562,1.45415496826172,709,709,709,0,0,709,709,709,709,709,0,0,709,709,0.984401382566178,0.984203785196426,0.985136014162873,0.000932228966447401,0.00098243885281456,0.984006187826673,0.985870645759568,0.618933333333333,0.615333333333333,0.61925,0.00391666666666701,0.00435128759147285,0.611733333333333,0.619566666666667,0.642433333333333,0.641725,0.643625,0.00190000000000001,0.0019203828707762,0.641016666666667,0.644816666666667,0.63587,0.63574,0.637,0.00126000000000004,0.00138597739279299,0.63561,0.63813,0.0511860757347167,0.0396210038724036,0.0580286689594198,0.0184076650870162,0.0186084945329631,0.0280559320100905,0.0648712621841229,0.822,0.81575,0.8275,0.0117499999999999,0.0117579760163048,0.8095,0.833,,,,,,,,,,,,,,,,,,,,,,,,,,,,,,,,,,,,,,,,,,,,,,,,,,,,,,,,,,,,,,,,,,,,,,,,,,,,,,,,,,,,,"standard","cuda","/Users/stefano/Documents/fastEmbedR-results/fastEmbedR-results/TabulaMuris/standard/cuda/20260727_093420_1118074","/Users/stefano/Documents/fastEmbedR-results/fastEmbedR-results/TabulaMuris/standard/cuda/20260727_093420_1118074/benchmark_summary_median_variability.csv",TRUE
"USPS","fastEmbedR_pca_cpu","PCA","cpu","pca_only",1,1,11000,256,,,"float32",,3,3,"success",0.885,0.883,0.894,0.011,0.0117189305541646,0.881,0.903,,,,,,,,,,,,,,,0.885,0.883,0.894,0.011,0.0117189305541646,0.881,0.903,,,,,,,,,,,,,,,0.543132781982422,0.543111801147461,0.543231964111328,0.000120162963867188,0.000128365177041598,0.5430908203125,0.543331146240234,,,,,,,,,,,,,,,,,,,,,,,,,,,,,,,,,,,,,,,,,,,,,,,,,,,,,,,,,,,,,,,,,,,,,,,,,,,,,,,,,,,,,,,,,,,,,,,,,,,,,,,,,,,,,,,,,,,,,,,,,,,,,,,,,,,,,,,,,,,,,"standard","cpu1","/Users/stefano/Documents/fastEmbedR-results/fastEmbedR-results/USPS/standard/cpu1/20260727_073247_1118053","/Users/stefano/Documents/fastEmbedR-results/fastEmbedR-results/USPS/standard/cpu1/20260727_073247_1118053/benchmark_summary_median_variability.csv",TRUE
"USPS","irlba_pca","PCA","cpu","pca_only",1,1,11000,256,,,"standard_R_double",,3,3,"success",0.689,0.684,0.69,0.00600000000000001,0.00642910050732858,0.679,0.691,,,,,,,,,,,,,,,0.689,0.684,0.69,0.00600000000000001,0.00642910050732858,0.679,0.691,,,,,,,,,,,,,,,0.220188140869141,0.220016479492188,0.220252990722656,0.00023651123046875,0.000244418621735038,0.219844818115234,0.220317840576172,,,,,,,,,,,,,,,,,,,,,,,,,,,,,,,,,,,,,,,,,,,,,,,,,,,,,,,,,,,,,,,,,,,,,,,,,,,,,,,,,,,,,,,,,,,,,,,,,,,,,,,,,,,,,,,,,,,,,,,,,,,,,,,,,,,,,,,,,,,,,"standard","cpu1","/Users/stefano/Documents/fastEmbedR-results/fastEmbedR-results/USPS/standard/cpu1/20260727_073247_1118053","/Users/stefano/Documents/fastEmbedR-results/fastEmbedR-results/USPS/standard/cpu1/20260727_073247_1118053/benchmark_summary_median_variability.csv",TRUE
"USPS","fastEmbedR_tsne_cpu_full","t-SNE","cpu","full_pipeline",1,1,11000,256,,30,"float32",,3,3,"success",18.987,18.8875,19.0035,0.116,0.125508299858349,18.788,19.02,0.001,0.001,0.0015,5e-04,0.000577350269189626,0.001,0.002,4.278,4.258,4.2845,0.0264999999999995,0.0276224546338661,4.238,4.291,,,,,,,,,,,,,,,13.614,13.5445,13.618,0.073500000000001,0.0826579296458204,13.475,13.622,0.579517364501953,0.564491271972656,0.60101318359375,0.0365219116210938,0.0367124295353788,0.549465179443359,0.622509002685547,,,,,,,,,,,,,,,0.950708611790274,0.94955651181744,0.952462526487368,0.00290601466992702,0.00292671287441669,0.948404411844607,0.954216441184461,0.45184,0.447013333333333,0.458053333333334,0.01104,0.0110689903852225,0.442186666666667,0.464266666666667,0.455226666666667,0.453906666666667,0.46592,0.012013333333333,0.0131759871371001,0.452586666666667,0.476613333333333,0.462336,0.45972,0.473496,0.013776,0.0146325489235471,0.457104,0.484656,0.176671425734639,0.176069459457674,0.184415620792035,0.0083461613343615,0.00930925451740716,0.175467493180709,0.192159815849432,0.7384,0.7324,0.7412,0.00880000000000003,0.00899184816004656,0.7264,0.744,2.07451446520661,2.0694612368889,2.07454237304843,0.0050811361595251,0.00585114461452479,2.0644080085712,2.07457028089025,,,,,,,,,,,,,,,,,,,,,,,,,,,,,,,,,,,,,,,,,,,,,,,,,,,,,,,,,,,,,,,,,,,,,,,,,,,,,,"standard","cpu1","/Users/stefano/Documents/fastEmbedR-results/fastEmbedR-results/USPS/standard/cpu1/20260727_073247_1118053","/Users/stefano/Documents/fastEmbedR-results/fastEmbedR-results/USPS/standard/cpu1/20260727_073247_1118053/benchmark_summary_median_variability.csv",TRUE
"USPS","fastEmbedR_tsne_cpu_knn","t-SNE","cpu","embedding_from_precomputed_knn",1,1,11000,256,,30,"float32",,3,3,"success",13.509,13.5005,13.641,0.140499999999999,0.157557396948963,13.492,13.773,,,,,,,,,,,,,,,,,,,,,,,,,,,,,13.509,13.5005,13.641,0.140499999999999,0.157557396948963,13.492,13.773,0.442420959472656,0.435516357421875,0.443038940429688,0.0075225830078125,0.00835243218279703,0.428611755371094,0.443656921386719,,,,,,,,,,,,,,,0.950384395544689,0.949203499049172,0.951737006248302,0.00253350719913037,0.00253544617726347,0.948022602553654,0.953089616951915,0.452,0.449786666666667,0.456906666666667,0.00712000000000002,0.00728782648083874,0.447573333333333,0.461813333333333,0.45504,0.454813333333334,0.46828,0.0134666666666665,0.0154207671423719,0.454586666666667,0.48152,0.463808,0.461288,0.477504,0.016216,0.0174525923957827,0.458768,0.4912,0.178571038041713,0.177725705490082,0.186076794953755,0.00835108946367202,0.00919389903416965,0.176880372938452,0.193582551865796,0.7488,0.7368,0.7496,0.0128,0.014340618303732,0.7248,0.7504,2.06679599056111,2.06679599056111,2.06679599056111,0,0,2.06679599056111,2.06679599056111,,,,,,,,,,,,,,,,,,,,,,,,,,,,,,,,,,,,,,,,,,,,,,,,,,,,,,,,,,,,,,,,,,,,,,,,,,,,,,"standard","cpu1","/Users/stefano/Documents/fastEmbedR-results/fastEmbedR-results/USPS/standard/cpu1/20260727_073247_1118053","/Users/stefano/Documents/fastEmbedR-results/fastEmbedR-results/USPS/standard/cpu1/20260727_073247_1118053/benchmark_summary_median_variability.csv",TRUE
"USPS","KlugerLab_FItSNE","t-SNE","cpu","full_pipeline",1,1,11000,256,,30,"standard_R_double",,3,3,"success",19.094,18.944,19.312,0.367999999999999,0.370088277757258,18.794,19.53,,,,,,,,,,,,,,,,,,,,,,,,,,,,,,,,,,,,0.556468963623047,0.544189453125,0.591436386108398,0.0472469329833984,0.0490291048914041,0.531909942626953,0.62640380859375,,,,,,,,,,,,,,,0.944597098614507,0.943087095897854,0.947454430861179,0.00436733496332498,0.0044360696157787,0.941577093181201,0.950311763107851,0.438613333333333,0.437626666666666,0.446533333333333,0.00890666666666651,0.00976485610824924,0.43664,0.454453333333333,0.458266666666667,0.457946666666667,0.470706666666667,0.01276,0.0145527454454477,0.457626666666667,0.483146666666667,0.467344,0.46712,0.481104,0.013984,0.0160195720292398,0.466896,0.494864,0.159852224685857,0.150368826788339,0.166799781321049,0.0164309545327095,0.0164960529771581,0.140885428890821,0.17374733795624,0.7344,0.7304,0.7372,0.00680000000000003,0.006835202996254,0.7264,0.74,2.10868683180583,2.10843475456706,2.10883905692397,0.000404302356914688,0.000408391818973792,2.10818267732829,2.10899128204212,,,,,,,,,,,,,,,,,,,,,,,,,,,,,,,,,,,,,,,,,,,,,,,,,,,,,,,,,,,,,,,,,,,,,,,,,,,,,,"standard","cpu1","/Users/stefano/Documents/fastEmbedR-results/fastEmbedR-results/USPS/standard/cpu1/20260727_073247_1118053","/Users/stefano/Documents/fastEmbedR-results/fastEmbedR-results/USPS/standard/cpu1/20260727_073247_1118053/benchmark_summary_median_variability.csv",TRUE
"USPS","Rtsne_full","t-SNE","cpu","full_pipeline",1,1,11000,256,,30,"standard_R_double",,3,3,"success",17.87,17.8515,17.976,0.124499999999998,0.134358971912312,17.833,18.082,,,,,,,,,,,,,,,,,,,,,,,,,,,,,,,,,,,,0.510910034179688,0.497390747070312,0.526578903198242,0.0291881561279297,0.0292145287875141,0.483871459960938,0.542247772216797,,,,,,,,,,,,,,,0.944254800325998,0.943688975821787,0.947698234175495,0.00400925835370802,0.00433985764683651,0.943123151317577,0.951141668024993,0.442506666666667,0.442106666666667,0.44992,0.00781333333333301,0.00880021548557679,0.441706666666667,0.457333333333333,0.457786666666667,0.45488,0.465813333333334,0.0109333333333335,0.011325895598632,0.451973333333333,0.47384,0.466048,0.460904,0.47444,0.013536,0.0136652770675656,0.45576,0.482832,0.184201377879396,0.181033528282176,0.192949344388108,0.011915816105932,0.0123436586304748,0.177865678684956,0.20169731089682,0.7496,0.7484,0.7576,0.0092000000000001,0.0100026663112059,0.7472,0.7656,2.02868145033038,2.01966978474054,2.03400881193028,0.0143390271897399,0.0144959442389301,2.01065811915071,2.03933617353019,,,,,,,,,,,,,,,,,,,,,,,,,,,,,,,,,,,,,,,,,,,,,,,,,,,,,,,,,,,,,,,,,,,,,,,,,,,,,,"standard","cpu1","/Users/stefano/Documents/fastEmbedR-results/fastEmbedR-results/USPS/standard/cpu1/20260727_073247_1118053","/Users/stefano/Documents/fastEmbedR-results/fastEmbedR-results/USPS/standard/cpu1/20260727_073247_1118053/benchmark_summary_median_variability.csv",TRUE
"USPS","Rtsne_neighbors","t-SNE","cpu","embedding_from_precomputed_knn",1,1,11000,256,,30,"standard_R_double",,3,3,"success",15.791,15.786,16.0115,0.225499999999997,0.257546759508507,15.781,16.232,,,,,,,,,,,,,,,,,,,,,,,,,,,,,15.791,15.786,16.0115,0.225499999999997,0.257546759508507,15.781,16.232,0.455635070800781,0.454204559326172,0.457487106323242,0.00328254699707031,0.00329155621182662,0.452774047851562,0.459339141845703,,,,,,,,,,,,,,,0.940331301276827,0.94021322466721,0.942311502309155,0.00209827764194515,0.00235766936851602,0.940095148057593,0.944291703341483,0.44544,0.44288,0.449386666666666,0.00650666666666649,0.00655573483747298,0.44032,0.453333333333333,0.455146666666667,0.453693333333334,0.466,0.0123066666666665,0.0134501813288064,0.45224,0.476853333333333,0.45848,0.457112,0.471856,0.014744,0.016292622788653,0.455744,0.485232,0.101747240221987,0.0934969239239345,0.105704250151674,0.0122073262277396,0.0124564430512088,0.0852466076258819,0.109661260081361,0.732,0.7316,0.7324,0.000799999999999912,0.000800000000000023,0.7312,0.7328,2.05453174053227,2.05453174053227,2.05453174053227,0,0,2.05453174053227,2.05453174053227,,,,,,,,,,,,,,,,,,,,,,,,,,,,,,,,,,,,,,,,,,,,,,,,,,,,,,,,,,,,,,,,,,,,,,,,,,,,,,"standard","cpu1","/Users/stefano/Documents/fastEmbedR-results/fastEmbedR-results/USPS/standard/cpu1/20260727_073247_1118053","/Users/stefano/Documents/fastEmbedR-results/fastEmbedR-results/USPS/standard/cpu1/20260727_073247_1118053/benchmark_summary_median_variability.csv",TRUE
"USPS","fastEmbedR_umap_cpu_binary_full","UMAP","cpu","full_pipeline",1,1,11000,256,30,,"float32",,3,3,"success",18.649,18.5325,18.6715,0.139000000000003,0.14921907831552,18.416,18.694,0.001,0.001,0.0015,5e-04,0.000577350269189626,0.001,0.002,4.099,4.0805,4.1095,0.0289999999999999,0.029365512652316,4.062,4.12,,,,,,,,,,,,,,,14.331,14.2345,14.3425,0.107999999999999,0.118626865984621,14.138,14.354,0.429145812988281,0.428108215332031,0.436758041381836,0.00864982604980469,0.00944606163801526,0.427070617675781,0.444370269775391,,,,,,,,,,,,,,,0.941262743819614,0.939854256995381,0.944460353164901,0.00460609616951901,0.00472049874356211,0.938445770171149,0.947657962510187,0.424266666666667,0.42176,0.43,0.00823999999999997,0.00844796184054223,0.419253333333333,0.435733333333333,0.459146666666667,0.458133333333334,0.471546666666667,0.0134133333333335,0.0149377453799775,0.45712,0.483946666666667,0.47856,0.477216,0.49152,0.014304,0.0157981507778601,0.475872,0.50448,0.219755777187125,0.21856476695407,0.231386458656168,0.0128216917020985,0.0141677341146057,0.217373756721014,0.243017140125211,0.7144,0.7076,0.7228,0.0152,0.0152280443042872,0.7008,0.7312,,,,,,,,,,,,,,,,,,,,,,,,,,,,,,,,,,,,,,,,,,,,,,,,,,,,,,,,,,,,,,,,,,,,,,,,,,,,,,,,,,,,,"standard","cpu1","/Users/stefano/Documents/fastEmbedR-results/fastEmbedR-results/USPS/standard/cpu1/20260727_073247_1118053","/Users/stefano/Documents/fastEmbedR-results/fastEmbedR-results/USPS/standard/cpu1/20260727_073247_1118053/benchmark_summary_median_variability.csv",TRUE
"USPS","fastEmbedR_umap_cpu_binary_knn","UMAP","cpu","embedding_from_precomputed_knn",1,1,11000,256,30,,"float32",,3,3,"success",14.56,14.498,14.5805,0.0824999999999996,0.085908866441907,14.436,14.601,,,,,,,,,,,,,,,,,,,,,,,,,,,,,14.56,14.498,14.5805,0.0824999999999996,0.085908866441907,14.436,14.601,0.428951263427734,0.428176879882812,0.439884185791016,0.0117073059082031,0.0130942601395784,0.427402496337891,0.450817108154297,,,,,,,,,,,,,,,0.941262743819614,0.939854256995381,0.944460353164901,0.00460609616951901,0.00472049874356211,0.938445770171149,0.947657962510187,0.424266666666667,0.42176,0.43,0.00823999999999997,0.00844796184054223,0.419253333333333,0.435733333333333,0.459146666666667,0.458133333333334,0.471546666666667,0.0134133333333335,0.0149377453799775,0.45712,0.483946666666667,0.47856,0.477216,0.49152,0.014304,0.0157981507778601,0.475872,0.50448,0.219755777187125,0.21856476695407,0.231386458656168,0.0128216917020985,0.0141677341146057,0.217373756721014,0.243017140125211,0.7144,0.7076,0.7228,0.0152,0.0152280443042872,0.7008,0.7312,,,,,,,,,,,,,,,,,,,,,,,,,,,,,,,,,,,,,,,,,,,,,,,,,,,,,,,,,,,,,,,,,,,,,,,,,,,,,,,,,,,,,"standard","cpu1","/Users/stefano/Documents/fastEmbedR-results/fastEmbedR-results/USPS/standard/cpu1/20260727_073247_1118053","/Users/stefano/Documents/fastEmbedR-results/fastEmbedR-results/USPS/standard/cpu1/20260727_073247_1118053/benchmark_summary_median_variability.csv",TRUE
"USPS","fastEmbedR_umap_cpu_fuzzy_full","UMAP","cpu","full_pipeline",1,1,11000,256,30,,"float32",,3,3,"success",7.183,7.1265,7.1925,0.0659999999999998,0.07136058669415,7.07,7.202,0.002,0.002,0.002,0,0,0.002,0.002,4.211,4.162,4.2115,0.0494999999999992,0.0568711995067214,4.113,4.212,,,,,,,,,,,,,,,2.744,2.7395,2.745,0.00550000000000006,0.00585946527708243,2.735,2.746,0.424522399902344,0.424386978149414,0.428703308105469,0.00431632995605469,0.00490775147045702,0.424251556396484,0.432884216308594,,,,,,,,,,,,,,,0.892563672914969,0.890454745992937,0.897513175767454,0.00705842977451743,0.00724645118344276,0.888345819070905,0.90246267861994,0.36064,0.358586666666666,0.365333333333334,0.00674666666666701,0.00691669799189727,0.356533333333333,0.370026666666667,0.37856,0.37736,0.387533333333334,0.0101733333333335,0.01111927522285,0.37616,0.396506666666667,0.385232,0.383592,0.396368,0.012776,0.0139026681372078,0.381952,0.407504,0.131126284397801,0.107220459441032,0.146003587590064,0.038783128149032,0.0391318595363798,0.0833146344842629,0.160880890782327,0.7152,0.7116,0.7196,0.00800000000000001,0.00801332224070226,0.708,0.724,,,,,,,,,,,,,,,,,,,,,,,,,,,,,,,,,,,,,,,,,,,,,,,,,,,,,,,,,,,,,,,,,,,,,,,,,,,,,,,,,,,,,"standard","cpu1","/Users/stefano/Documents/fastEmbedR-results/fastEmbedR-results/USPS/standard/cpu1/20260727_073247_1118053","/Users/stefano/Documents/fastEmbedR-results/fastEmbedR-results/USPS/standard/cpu1/20260727_073247_1118053/benchmark_summary_median_variability.csv",TRUE
"USPS","fastEmbedR_umap_cpu_fuzzy_knn","UMAP","cpu","embedding_from_precomputed_knn",1,1,11000,256,30,,"float32",,3,3,"success",2.837,2.8345,2.842,0.00749999999999984,0.00763762615825976,2.832,2.847,,,,,,,,,,,,,,,,,,,,,,,,,,,,,2.837,2.8345,2.842,0.00749999999999984,0.00763762615825976,2.832,2.847,0.426959991455078,0.426877975463867,0.428062438964844,0.00118446350097656,0.00132289352550848,0.426795959472656,0.429164886474609,,,,,,,,,,,,,,,0.892563672914969,0.890454745992937,0.897513175767454,0.00705842977451743,0.00724645118344276,0.888345819070905,0.90246267861994,0.36064,0.358586666666666,0.365333333333334,0.00674666666666701,0.00691669799189727,0.356533333333333,0.370026666666667,0.37856,0.37736,0.387533333333334,0.0101733333333335,0.01111927522285,0.37616,0.396506666666667,0.385232,0.383592,0.396368,0.012776,0.0139026681372078,0.381952,0.407504,0.131126284397801,0.107220459441032,0.146003587590064,0.038783128149032,0.0391318595363798,0.0833146344842629,0.160880890782327,0.7152,0.7116,0.7196,0.00800000000000001,0.00801332224070226,0.708,0.724,,,,,,,,,,,,,,,,,,,,,,,,,,,,,,,,,,,,,,,,,,,,,,,,,,,,,,,,,,,,,,,,,,,,,,,,,,,,,,,,,,,,,"standard","cpu1","/Users/stefano/Documents/fastEmbedR-results/fastEmbedR-results/USPS/standard/cpu1/20260727_073247_1118053","/Users/stefano/Documents/fastEmbedR-results/fastEmbedR-results/USPS/standard/cpu1/20260727_073247_1118053/benchmark_summary_median_variability.csv",TRUE
"USPS","umap_package","UMAP","cpu","full_pipeline",1,1,11000,256,30,,"standard_R_double",,3,3,"success",79.536,78.8035,80.7975,1.994,2.01725465257447,78.071,82.059,,,,,,,,,,,,,,,,,,,,,,,,,,,,,,,,,,,,1.37981796264648,1.36382865905762,1.41173553466797,0.0479068756103516,0.0487815399767118,1.34783935546875,1.44365310668945,,,,,,,,,,,,,,,0.896608834555827,0.895195935886987,0.898285813637598,0.00308987775061143,0.00309363712619228,0.893783037218147,0.89996279271937,0.364,0.363386666666667,0.368773333333334,0.00538666666666698,0.00589785648444542,0.362773333333333,0.373546666666667,0.383013333333333,0.3828,0.39136,0.00855999999999996,0.0097633995293839,0.382586666666667,0.399706666666667,0.39112,0.390104,0.39976,0.009656,0.0106119489884438,0.389088,0.4084,0.103790220162992,0.0955470458526075,0.119404073968819,0.023857028116212,0.0242335874895274,0.0873038715422229,0.135017927774647,0.7336,0.728,0.7372,0.0092000000000001,0.00927218061371396,0.7224,0.7408,,,,,,,,,,,,,,,,,,,,,,,,,,,,,,,,,,,,,,,,,,,,,,,,,,,,,,,,,,,,,,,,,,,,,,,,,,,,,,,,,,,,,"standard","cpu1","/Users/stefano/Documents/fastEmbedR-results/fastEmbedR-results/USPS/standard/cpu1/20260727_073247_1118053","/Users/stefano/Documents/fastEmbedR-results/fastEmbedR-results/USPS/standard/cpu1/20260727_073247_1118053/benchmark_summary_median_variability.csv",TRUE
"USPS","umap_package_knn","UMAP","cpu","embedding_from_precomputed_knn",1,1,11000,256,30,,"standard_R_double",,3,3,"success",31.821,31.787,31.957,0.170000000000002,0.179911089152394,31.753,32.093,,,,,,,,,,,,,,,,,,,,,,,,,,,,,31.821,31.787,31.957,0.170000000000002,0.179911089152394,31.753,32.093,0.817184448242188,0.774641036987305,0.81892204284668,0.044281005859375,0.050158206747116,0.732097625732422,0.820659637451172,,,,,,,,,,,,,,,0.939029828850856,0.938776441184461,0.942612855202391,0.00383641401792989,0.00429110363909995,0.938523053518066,0.946195881553926,0.420106666666667,0.416266666666667,0.427253333333333,0.0109866666666665,0.0111513015350641,0.412426666666667,0.4344,0.449146666666667,0.446746666666667,0.460626666666667,0.01388,0.0148369987980499,0.444346666666667,0.472106666666667,0.464384,0.461392,0.477936,0.016544,0.0176316515392064,0.4584,0.491488,0.202102117892971,0.195166220876017,0.215255114081287,0.0200888932052695,0.0204070511731012,0.188230323859063,0.228408110269602,0.7344,0.7304,0.738,0.00759999999999994,0.00760350796233773,0.7264,0.7416,,,,,,,,,,,,,,,,,,,,,,,,,,,,,,,,,,,,,,,,,,,,,,,,,,,,,,,,,,,,,,,,,,,,,,,,,,,,,,,,,,,,,"standard","cpu1","/Users/stefano/Documents/fastEmbedR-results/fastEmbedR-results/USPS/standard/cpu1/20260727_073247_1118053","/Users/stefano/Documents/fastEmbedR-results/fastEmbedR-results/USPS/standard/cpu1/20260727_073247_1118053/benchmark_summary_median_variability.csv",TRUE
"USPS","uwot_default","UMAP","cpu","full_pipeline",1,1,11000,256,30,,"standard_R_double",,3,3,"success",10.14,10.135,10.238,0.102999999999998,0.116155068765853,10.13,10.336,,,,,,,,,,,,,,,,,,,,,,,,,,,,,,,,,,,,0.578876495361328,0.578744888305664,0.57890510559082,0.00016021728515625,0.000170896734501664,0.57861328125,0.578933715820312,,,,,,,,,,,,,,,0.889979027438196,0.88820633523499,0.89450416734583,0.00629783211083956,0.00649522994857449,0.886433643031785,0.899029307253464,0.35888,0.357226666666666,0.363173333333333,0.00594666666666699,0.00613889602815102,0.355573333333333,0.367466666666667,0.37752,0.375093333333334,0.38664,0.0115466666666665,0.0121761685879212,0.372666666666667,0.39576,0.387936,0.382608,0.397168,0.01456,0.0147334315532171,0.37728,0.4064,0.121888784831545,0.119190894913489,0.138421904640105,0.0192310097266155,0.0208239348782329,0.116493004995434,0.154955024448665,0.728,0.7176,0.7284,0.0107999999999999,0.0122463600034187,0.7072,0.7288,,,,,,,,,,,,,,,,,,,,,,,,,,,,,,,,,,,,,,,,,,,,,,,,,,,,,,,,,,,,,,,,,,,,,,,,,,,,,,,,,,,,,"standard","cpu1","/Users/stefano/Documents/fastEmbedR-results/fastEmbedR-results/USPS/standard/cpu1/20260727_073247_1118053","/Users/stefano/Documents/fastEmbedR-results/fastEmbedR-results/USPS/standard/cpu1/20260727_073247_1118053/benchmark_summary_median_variability.csv",TRUE
"USPS","uwot_fast_sgd","UMAP","cpu","full_pipeline",1,1,11000,256,30,,"standard_R_double",,3,3,"success",9.43,9.397,9.445,0.048,0.0491121166312346,9.364,9.46,,,,,,,,,,,,,,,,,,,,,,,,,,,,,,,,,,,,0.578952789306641,0.578851699829102,0.587305068969727,0.008453369140625,0.00970327245419603,0.578750610351562,0.595657348632812,,,,,,,,,,,,,,,0.892375550122249,0.890059983700082,0.897483292583537,0.00742330888345544,0.00759633225907973,0.887744417277914,0.902591035044825,0.356053333333333,0.352533333333333,0.363173333333333,0.01064,0.0108411069545503,0.349013333333333,0.370293333333333,0.375386666666667,0.372213333333334,0.385893333333333,0.01368,0.0143202069093266,0.36904,0.3964,0.382048,0.379744,0.394704,0.01496,0.0161097145019188,0.37744,0.40736,0.128804899591895,0.126478230097055,0.135480920646877,0.009002690549822,0.00934633921920349,0.124151560602214,0.142156941701858,0.7232,0.7228,0.7244,0.00159999999999993,0.00166533279957291,0.7224,0.7256,,,,,,,,,,,,,,,,,,,,,,,,,,,,,,,,,,,,,,,,,,,,,,,,,,,,,,,,,,,,,,,,,,,,,,,,,,,,,,,,,,,,,"standard","cpu1","/Users/stefano/Documents/fastEmbedR-results/fastEmbedR-results/USPS/standard/cpu1/20260727_073247_1118053","/Users/stefano/Documents/fastEmbedR-results/fastEmbedR-results/USPS/standard/cpu1/20260727_073247_1118053/benchmark_summary_median_variability.csv",TRUE
"USPS","uwot_knn","UMAP","cpu","embedding_from_precomputed_knn",1,1,11000,256,30,,"standard_R_double",,3,3,"success",4.955,4.937,4.9615,0.0245000000000006,0.0253837218179948,4.919,4.968,,,,,,,,,,,,,,,,,,,,,,,,,,,,,4.955,4.937,4.9615,0.0245000000000006,0.0253837218179948,4.919,4.968,0.549858093261719,0.549629211425781,0.552053451538086,0.00242424011230469,0.00267692920819647,0.549400329589844,0.554248809814453,,,,,,,,,,,,,,,0.896787742461288,0.890549850584081,0.897734159195871,0.00718430861179042,0.00780688968952758,0.884311958706873,0.898680575930454,0.352746666666667,0.351893333333334,0.361706666666667,0.00981333333333345,0.0108723284500574,0.35104,0.370666666666667,0.373173333333333,0.370266666666667,0.384106666666666,0.01384,0.0145952523990712,0.36736,0.39504,0.38152,0.378512,0.393176,0.014664,0.0154907132609617,0.375504,0.404832,0.116953250283975,0.115978426003784,0.118667869806643,0.00268944380285902,0.00272314896807609,0.115003601723593,0.120382489329311,0.728,0.7108,0.7312,0.0204000000000001,0.0219429563489821,0.6936,0.7344,,,,,,,,,,,,,,,,,,,,,,,,,,,,,,,,,,,,,,,,,,,,,,,,,,,,,,,,,,,,,,,,,,,,,,,,,,,,,,,,,,,,,"standard","cpu1","/Users/stefano/Documents/fastEmbedR-results/fastEmbedR-results/USPS/standard/cpu1/20260727_073247_1118053","/Users/stefano/Documents/fastEmbedR-results/fastEmbedR-results/USPS/standard/cpu1/20260727_073247_1118053/benchmark_summary_median_variability.csv",TRUE
"USPS","fastEmbedR_pca_cpu","PCA","cpu","pca_only",4,4,11000,256,,,"float32",,3,3,"success",0.845,0.83,0.873,0.043,0.043650124092989,0.815,0.901,,,,,,,,,,,,,,,0.845,0.83,0.873,0.043,0.043650124092989,0.815,0.901,,,,,,,,,,,,,,,0.550056457519531,0.550027847290039,0.550100326538086,7.2479248046875e-05,7.30126811724629e-05,0.549999237060547,0.550144195556641,,,,,,,,,,,,,,,,,,,,,,,,,,,,,,,,,,,,,,,,,,,,,,,,,,,,,,,,,,,,,,,,,,,,,,,,,,,,,,,,,,,,,,,,,,,,,,,,,,,,,,,,,,,,,,,,,,,,,,,,,,,,,,,,,,,,,,,,,,,,,"standard","cpu4","/Users/stefano/Documents/fastEmbedR-results/fastEmbedR-results/USPS/standard/cpu4/20260727_073247_1118064","/Users/stefano/Documents/fastEmbedR-results/fastEmbedR-results/USPS/standard/cpu4/20260727_073247_1118064/benchmark_summary_median_variability.csv",TRUE
"USPS","irlba_pca","PCA","cpu","pca_only",4,4,11000,256,,,"standard_R_double",,3,3,"success",0.652,0.617,0.658,0.041,0.044286943147313,0.582,0.664,,,,,,,,,,,,,,,0.652,0.617,0.658,0.041,0.044286943147313,0.582,0.664,,,,,,,,,,,,,,,0.237567901611328,0.237527847290039,0.237794876098633,0.00026702880859375,0.00028801174878831,0.23748779296875,0.238021850585938,,,,,,,,,,,,,,,,,,,,,,,,,,,,,,,,,,,,,,,,,,,,,,,,,,,,,,,,,,,,,,,,,,,,,,,,,,,,,,,,,,,,,,,,,,,,,,,,,,,,,,,,,,,,,,,,,,,,,,,,,,,,,,,,,,,,,,,,,,,,,"standard","cpu4","/Users/stefano/Documents/fastEmbedR-results/fastEmbedR-results/USPS/standard/cpu4/20260727_073247_1118064","/Users/stefano/Documents/fastEmbedR-results/fastEmbedR-results/USPS/standard/cpu4/20260727_073247_1118064/benchmark_summary_median_variability.csv",TRUE
"USPS","fastEmbedR_tsne_cpu_full","t-SNE","cpu","full_pipeline",4,4,11000,256,,30,"float32",,3,3,"success",7.316,7.237,7.3235,0.0865,0.095845361563997,7.158,7.331,0.002,0.002,0.002,0,0,0.002,0.002,1.885,1.874,1.9255,0.0514999999999999,0.0542432791535812,1.863,1.966,,,,,,,,,,,,,,,4.278,4.277,4.375,0.0980000000000008,0.112587743560301,4.276,4.472,0.575275421142578,0.569662094116211,0.619239807128906,0.0495777130126953,0.0542974910594647,0.564048767089844,0.663204193115234,,,,,,,,,,,,,,,0.948599271936974,0.948457353979897,0.951374995925021,0.00291764194512345,0.00329012855719466,0.94831543602282,0.954150719913067,0.4528,0.448586666666666,0.459066666666667,0.01048,0.0105468380376581,0.444373333333333,0.465333333333333,0.453973333333333,0.452853333333333,0.469813333333333,0.01696,0.0189701801080889,0.451733333333333,0.485653333333333,0.460848,0.458656,0.474928,0.0162720000000001,0.0176602991292145,0.456464,0.489008,0.176601760733508,0.175246405388299,0.183210953233129,0.0079645478448305,0.00852261446511315,0.17389105004309,0.189820145732751,0.74,0.734,0.7412,0.00719999999999998,0.00771492060879435,0.728,0.7424,2.0623228393979,2.06112656919284,2.0665558733224,0.00542930412956455,0.00570537652516381,2.05993029898778,2.07078890724691,,,,,,,,,,,,,,,,,,,,,,,,,,,,,,,,,,,,,,,,,,,,,,,,,,,,,,,,,,,,,,,,,,,,,,,,,,,,,,"standard","cpu4","/Users/stefano/Documents/fastEmbedR-results/fastEmbedR-results/USPS/standard/cpu4/20260727_073247_1118064","/Users/stefano/Documents/fastEmbedR-results/fastEmbedR-results/USPS/standard/cpu4/20260727_073247_1118064/benchmark_summary_median_variability.csv",TRUE
"USPS","fastEmbedR_tsne_cpu_knn","t-SNE","cpu","embedding_from_precomputed_knn",4,4,11000,256,,30,"float32",,3,3,"success",4.624,4.618,4.671,0.052999999999999,0.058045958802774,4.612,4.718,,,,,,,,,,,,,,,,,,,,,,,,,,,,,4.624,4.618,4.671,0.052999999999999,0.058045958802774,4.612,4.718,0.448451995849609,0.447128295898438,0.448539733886719,0.00141143798828125,0.00158156814979135,0.445804595947266,0.448627471923828,,,,,,,,,,,,,,,0.950384395544689,0.949203499049172,0.951737006248302,0.00253350719913037,0.00253544617726347,0.948022602553654,0.953089616951915,0.452,0.449786666666667,0.456906666666667,0.00712000000000002,0.00728782648083874,0.447573333333333,0.461813333333333,0.45504,0.454813333333334,0.46828,0.0134666666666665,0.0154207671423719,0.454586666666667,0.48152,0.463808,0.461288,0.477504,0.016216,0.0174525923957827,0.458768,0.4912,0.178571038041713,0.177725705490082,0.186076794953755,0.00835108946367202,0.00919389903416965,0.176880372938452,0.193582551865796,0.7488,0.7368,0.7496,0.0128,0.014340618303732,0.7248,0.7504,2.06679599056111,2.06679599056111,2.06679599056111,0,0,2.06679599056111,2.06679599056111,,,,,,,,,,,,,,,,,,,,,,,,,,,,,,,,,,,,,,,,,,,,,,,,,,,,,,,,,,,,,,,,,,,,,,,,,,,,,,"standard","cpu4","/Users/stefano/Documents/fastEmbedR-results/fastEmbedR-results/USPS/standard/cpu4/20260727_073247_1118064","/Users/stefano/Documents/fastEmbedR-results/fastEmbedR-results/USPS/standard/cpu4/20260727_073247_1118064/benchmark_summary_median_variability.csv",TRUE
"USPS","KlugerLab_FItSNE","t-SNE","cpu","full_pipeline",4,4,11000,256,,30,"standard_R_double",,3,3,"success",14.741,14.6635,15.247,0.583500000000001,0.633779404314572,14.586,15.753,,,,,,,,,,,,,,,,,,,,,,,,,,,,,,,,,,,,0.538692474365234,0.538581848144531,0.538721084594727,0.000139236450195312,0.000147068000148784,0.538471221923828,0.538749694824219,,,,,,,,,,,,,,,0.9449273132301,0.943377625645205,0.947079315403423,0.00370168975821794,0.00371798798911997,0.94182793806031,0.949231317576746,0.438026666666667,0.437733333333334,0.44472,0.00698666666666647,0.00790359693079296,0.43744,0.451413333333333,0.457626666666667,0.45736,0.46744,0.01008,0.0114885166498904,0.457093333333333,0.477253333333333,0.466992,0.466768,0.477144,0.010376,0.0118539629379095,0.466544,0.487296,0.160054754926177,0.150774205517018,0.16824614134333,0.017471935826312,0.0174832481781795,0.141493656107859,0.176437527760483,0.728,0.7228,0.7316,0.00880000000000003,0.0088483520122864,0.7176,0.7352,2.11079814106231,2.11071814433679,2.11350034941014,0.00278220507334526,0.00316743792376136,2.11063814761128,2.11620255775797,,,,,,,,,,,,,,,,,,,,,,,,,,,,,,,,,,,,,,,,,,,,,,,,,,,,,,,,,,,,,,,,,,,,,,,,,,,,,,"standard","cpu4","/Users/stefano/Documents/fastEmbedR-results/fastEmbedR-results/USPS/standard/cpu4/20260727_073247_1118064","/Users/stefano/Documents/fastEmbedR-results/fastEmbedR-results/USPS/standard/cpu4/20260727_073247_1118064/benchmark_summary_median_variability.csv",TRUE
"USPS","Rtsne_full","t-SNE","cpu","full_pipeline",4,4,11000,256,,30,"standard_R_double",,3,3,"success",8.886,8.722,8.9625,0.240499999999999,0.245748516441775,8.558,9.039,,,,,,,,,,,,,,,,,,,,,,,,,,,,,,,,,,,,0.518325805664062,0.505912780761719,0.531745910644531,0.0258331298828125,0.0258396723980171,0.493499755859375,0.545166015625,,,,,,,,,,,,,,,0.943448280358598,0.942765596305352,0.947542885085574,0.00477728878022299,0.0051674838155773,0.942082912252105,0.951637489812551,0.440906666666667,0.439813333333334,0.45024,0.0104266666666665,0.0114607116319671,0.43872,0.459573333333333,0.449306666666667,0.447733333333334,0.463146666666667,0.0154133333333335,0.0169625434850286,0.44616,0.476986666666667,0.455776,0.454712,0.470024,0.015312,0.017099609040365,0.453648,0.484272,0.179999335630567,0.177174914446521,0.190146228852874,0.0129713144063535,0.0136428685771056,0.174350493262474,0.200293122075181,0.7584,0.7536,0.7588,0.00519999999999987,0.00578734251045616,0.7488,0.7592,2.0317474666166,2.02119275927231,2.03270472746802,0.0115119681957148,0.0127761133161467,2.01063805192801,2.03366198831944,,,,,,,,,,,,,,,,,,,,,,,,,,,,,,,,,,,,,,,,,,,,,,,,,,,,,,,,,,,,,,,,,,,,,,,,,,,,,,"standard","cpu4","/Users/stefano/Documents/fastEmbedR-results/fastEmbedR-results/USPS/standard/cpu4/20260727_073247_1118064","/Users/stefano/Documents/fastEmbedR-results/fastEmbedR-results/USPS/standard/cpu4/20260727_073247_1118064/benchmark_summary_median_variability.csv",TRUE
"USPS","Rtsne_neighbors","t-SNE","cpu","embedding_from_precomputed_knn",4,4,11000,256,,30,"standard_R_double",,3,3,"success",9.392,9.382,9.466,0.0839999999999996,0.0917678229737051,9.372,9.54,,,,,,,,,,,,,,,,,,,,,,,,,,,,,9.392,9.382,9.466,0.0839999999999996,0.0917678229737051,9.372,9.54,0.456302642822266,0.455476760864258,0.464128494262695,0.0086517333984375,0.00954911942096852,0.45465087890625,0.471954345703125,,,,,,,,,,,,,,,0.940217114914425,0.940015278456941,0.942809540885629,0.00279426242868752,0.00311654861367662,0.939813441999457,0.945401966856832,0.444906666666667,0.442906666666667,0.449493333333334,0.00658666666666652,0.00675384773734622,0.440906666666667,0.45408,0.45544,0.453826666666666,0.465773333333333,0.011946666666667,0.0129641419992912,0.452213333333333,0.476106666666667,0.458128,0.45716,0.471616,0.014456,0.0161624895772073,0.456192,0.485104,0.100934931600015,0.0927263225463204,0.105046004658918,0.0123196821125976,0.012544766548844,0.0845177134926258,0.109157077717821,0.7272,0.726,0.7336,0.00760000000000005,0.00817149517122377,0.7248,0.74,2.05480990802664,2.05480990802664,2.05480990802664,0,0,2.05480990802664,2.05480990802664,,,,,,,,,,,,,,,,,,,,,,,,,,,,,,,,,,,,,,,,,,,,,,,,,,,,,,,,,,,,,,,,,,,,,,,,,,,,,,"standard","cpu4","/Users/stefano/Documents/fastEmbedR-results/fastEmbedR-results/USPS/standard/cpu4/20260727_073247_1118064","/Users/stefano/Documents/fastEmbedR-results/fastEmbedR-results/USPS/standard/cpu4/20260727_073247_1118064/benchmark_summary_median_variability.csv",TRUE
"USPS","fastEmbedR_umap_cpu_binary_full","UMAP","cpu","full_pipeline",4,4,11000,256,30,,"float32",,3,3,"success",8.262,8.261,8.2895,0.0285000000000011,0.0323470761172217,8.26,8.317,0.002,0.002,0.002,0,0,0.002,0.002,1.934,1.9275,1.9415,0.014,0.0140118997046558,1.921,1.949,,,,,,,,,,,,,,,6.109,6.098,6.139,0.0409999999999995,0.0424421174463919,6.087,6.169,0.429592132568359,0.429548263549805,0.429725646972656,0.000177383422851562,0.00018477998745578,0.42950439453125,0.429859161376953,,,,,,,,,,,,,,,0.942759424069546,0.941288780222766,0.945160945395273,0.00387216517250744,0.00390928477048976,0.939818136375985,0.947562466721,0.428746666666667,0.425573333333333,0.43352,0.00794666666666655,0.00800017777580231,0.4224,0.438293333333333,0.462906666666667,0.4612,0.47304,0.01184,0.0128005925788757,0.459493333333333,0.483173333333333,0.481312,0.47904,0.493344,0.014304,0.0153739048173629,0.476768,0.505376,0.221391980249618,0.219399419663286,0.231084148222777,0.011684728559491,0.0125017678541641,0.217406859076954,0.240776316195936,0.7176,0.7116,0.7184,0.00679999999999992,0.00743325859454204,0.7056,0.7192,,,,,,,,,,,,,,,,,,,,,,,,,,,,,,,,,,,,,,,,,,,,,,,,,,,,,,,,,,,,,,,,,,,,,,,,,,,,,,,,,,,,,"standard","cpu4","/Users/stefano/Documents/fastEmbedR-results/fastEmbedR-results/USPS/standard/cpu4/20260727_073247_1118064","/Users/stefano/Documents/fastEmbedR-results/fastEmbedR-results/USPS/standard/cpu4/20260727_073247_1118064/benchmark_summary_median_variability.csv",TRUE
"USPS","fastEmbedR_umap_cpu_binary_knn","UMAP","cpu","embedding_from_precomputed_knn",4,4,11000,256,30,,"float32",,3,3,"success",6.34,6.3205,6.342,0.0215000000000005,0.0237557010701291,6.301,6.344,,,,,,,,,,,,,,,,,,,,,,,,,,,,,6.34,6.3205,6.342,0.0215000000000005,0.0237557010701291,6.301,6.344,0.428752899169922,0.428733825683594,0.428779602050781,4.57763671875e-05,4.59878064982735e-05,0.428714752197266,0.428806304931641,,,,,,,,,,,,,,,0.943040391198044,0.941736049986416,0.945604716109753,0.00386866612333647,0.00393646591272029,0.940431708774789,0.948169041021462,0.428,0.4248,0.433146666666666,0.0083466666666665,0.00842199589259053,0.4216,0.438293333333333,0.463866666666667,0.461626666666667,0.473813333333334,0.0121866666666666,0.0129735274622907,0.459386666666667,0.48376,0.481408,0.479352,0.493408,0.014056,0.0151832862494696,0.477296,0.505408,0.220934958310687,0.219032460420974,0.231106270119598,0.0120738096986235,0.0129833730279161,0.217129962531262,0.241277581928509,0.704,0.7028,0.7116,0.00880000000000003,0.00954428275635906,0.7016,0.7192,,,,,,,,,,,,,,,,,,,,,,,,,,,,,,,,,,,,,,,,,,,,,,,,,,,,,,,,,,,,,,,,,,,,,,,,,,,,,,,,,,,,,"standard","cpu4","/Users/stefano/Documents/fastEmbedR-results/fastEmbedR-results/USPS/standard/cpu4/20260727_073247_1118064","/Users/stefano/Documents/fastEmbedR-results/fastEmbedR-results/USPS/standard/cpu4/20260727_073247_1118064/benchmark_summary_median_variability.csv",TRUE
"USPS","fastEmbedR_umap_cpu_fuzzy_full","UMAP","cpu","full_pipeline",4,4,11000,256,30,,"float32",,3,3,"success",3.956,3.951,3.9615,0.0105,0.0105039675043924,3.946,3.967,0.002,0.0015,0.002,5e-04,0.000577350269189626,0.001,0.002,1.971,1.962,1.976,0.0139999999999998,0.0141891977691952,1.953,1.981,,,,,,,,,,,,,,,1.765,1.761,1.77,0.00900000000000012,0.0090184995056458,1.757,1.775,0.439716339111328,0.433834075927734,0.442441940307617,0.00860786437988281,0.00879868366006075,0.427951812744141,0.445167541503906,,,,,,,,,,,,,,,0.890454680793263,0.88734630806846,0.894287487095898,0.00694117902743796,0.00695376883139704,0.884237935343657,0.898120293398533,0.33936,0.336986666666666,0.344746666666667,0.00776000000000004,0.00795263012631202,0.334613333333333,0.350133333333333,0.366746666666667,0.36516,0.3756,0.0104399999999999,0.0112514479726601,0.363573333333333,0.384453333333333,0.380272,0.377176,0.391096,0.01392,0.0146175828371178,0.37408,0.40192,0.124004683228527,0.112535608588784,0.142760479740076,0.030224871151293,0.0305162515389961,0.10106653394904,0.161516276251626,0.6992,0.6992,0.7032,0.004,0.00461880215351701,0.6992,0.7072,,,,,,,,,,,,,,,,,,,,,,,,,,,,,,,,,,,,,,,,,,,,,,,,,,,,,,,,,,,,,,,,,,,,,,,,,,,,,,,,,,,,,"standard","cpu4","/Users/stefano/Documents/fastEmbedR-results/fastEmbedR-results/USPS/standard/cpu4/20260727_073247_1118064","/Users/stefano/Documents/fastEmbedR-results/fastEmbedR-results/USPS/standard/cpu4/20260727_073247_1118064/benchmark_summary_median_variability.csv",TRUE
"USPS","fastEmbedR_umap_cpu_fuzzy_knn","UMAP","cpu","embedding_from_precomputed_knn",4,4,11000,256,30,,"float32",,3,3,"success",1.857,1.8475,1.862,0.0145,0.0147309198626562,1.838,1.867,,,,,,,,,,,,,,,,,,,,,,,,,,,,,1.857,1.8475,1.862,0.0145,0.0147309198626562,1.838,1.867,0.429958343505859,0.428991317749023,0.429965972900391,0.000974655151367188,0.00112105595641836,0.428024291992188,0.429973602294922,,,,,,,,,,,,,,,0.89299851127411,0.890831274110296,0.897630665580005,0.00679939146970954,0.00694672559777629,0.888664036946482,0.902262819885901,0.34032,0.340133333333334,0.34616,0.00602666666666651,0.00685376565865088,0.339946666666667,0.352,0.370773333333333,0.369773333333333,0.378346666666666,0.00857333333333349,0.00937576387011488,0.368773333333333,0.38592,0.381712,0.380688,0.3928,0.012112,0.0134336111799223,0.379664,0.403888,0.122048584868425,0.111048845428867,0.139635535255797,0.0285866898269295,0.0288385613016913,0.100049105989309,0.157222485643168,0.7128,0.7052,0.714,0.00879999999999992,0.00954428275635906,0.6976,0.7152,,,,,,,,,,,,,,,,,,,,,,,,,,,,,,,,,,,,,,,,,,,,,,,,,,,,,,,,,,,,,,,,,,,,,,,,,,,,,,,,,,,,,"standard","cpu4","/Users/stefano/Documents/fastEmbedR-results/fastEmbedR-results/USPS/standard/cpu4/20260727_073247_1118064","/Users/stefano/Documents/fastEmbedR-results/fastEmbedR-results/USPS/standard/cpu4/20260727_073247_1118064/benchmark_summary_median_variability.csv",TRUE
"USPS","umap_package","UMAP","cpu","full_pipeline",4,4,11000,256,30,,"standard_R_double",,3,3,"success",78.252,77.8485,81.5465,3.69799999999999,4.0572360460458,77.445,84.841,,,,,,,,,,,,,,,,,,,,,,,,,,,,,,,,,,,,1.44436645507812,1.39922714233398,1.48334693908691,0.0841197967529297,0.0841949162927984,1.35408782958984,1.5223274230957,,,,,,,,,,,,,,,0.896608834555827,0.895195935886987,0.898285813637598,0.00308987775061143,0.00309363712619228,0.893783037218147,0.89996279271937,0.364,0.363386666666667,0.368773333333334,0.00538666666666698,0.00589785648444542,0.362773333333333,0.373546666666667,0.383013333333333,0.3828,0.39136,0.00855999999999996,0.0097633995293839,0.382586666666667,0.399706666666667,0.39112,0.390104,0.39976,0.009656,0.0106119489884438,0.389088,0.4084,0.103790220162992,0.0955470458526075,0.119404073968819,0.023857028116212,0.0242335874895274,0.0873038715422229,0.135017927774647,0.7336,0.728,0.7372,0.0092000000000001,0.00927218061371396,0.7224,0.7408,,,,,,,,,,,,,,,,,,,,,,,,,,,,,,,,,,,,,,,,,,,,,,,,,,,,,,,,,,,,,,,,,,,,,,,,,,,,,,,,,,,,,"standard","cpu4","/Users/stefano/Documents/fastEmbedR-results/fastEmbedR-results/USPS/standard/cpu4/20260727_073247_1118064","/Users/stefano/Documents/fastEmbedR-results/fastEmbedR-results/USPS/standard/cpu4/20260727_073247_1118064/benchmark_summary_median_variability.csv",TRUE
"USPS","umap_package_knn","UMAP","cpu","embedding_from_precomputed_knn",4,4,11000,256,30,,"standard_R_double",,3,3,"success",31.459,31.431,31.469,0.0380000000000038,0.0393954312071848,31.403,31.479,,,,,,,,,,,,,,,,,,,,,,,,,,,,,31.459,31.431,31.469,0.0380000000000038,0.0393954312071848,31.403,31.479,0.827957153320312,0.784990310668945,0.829183578491211,0.0441932678222656,0.0503368559933154,0.742023468017578,0.830410003662109,,,,,,,,,,,,,,,0.939029828850856,0.938776441184461,0.942612855202391,0.00383641401792989,0.00429110363909995,0.938523053518066,0.946195881553926,0.420106666666667,0.416266666666667,0.427253333333333,0.0109866666666665,0.0111513015350641,0.412426666666667,0.4344,0.449146666666667,0.446746666666667,0.460626666666667,0.01388,0.0148369987980499,0.444346666666667,0.472106666666667,0.464384,0.461392,0.477936,0.016544,0.0176316515392064,0.4584,0.491488,0.202102117892971,0.195166220876017,0.215255114081287,0.0200888932052695,0.0204070511731012,0.188230323859063,0.228408110269602,0.7344,0.7304,0.738,0.00759999999999994,0.00760350796233773,0.7264,0.7416,,,,,,,,,,,,,,,,,,,,,,,,,,,,,,,,,,,,,,,,,,,,,,,,,,,,,,,,,,,,,,,,,,,,,,,,,,,,,,,,,,,,,"standard","cpu4","/Users/stefano/Documents/fastEmbedR-results/fastEmbedR-results/USPS/standard/cpu4/20260727_073247_1118064","/Users/stefano/Documents/fastEmbedR-results/fastEmbedR-results/USPS/standard/cpu4/20260727_073247_1118064/benchmark_summary_median_variability.csv",TRUE
"USPS","uwot_default","UMAP","cpu","full_pipeline",4,4,11000,256,30,,"standard_R_double",,3,3,"success",8.32,8.242,8.3635,0.121499999999999,0.123121890823688,8.164,8.407,,,,,,,,,,,,,,,,,,,,,,,,,,,,,,,,,,,,0.58013916015625,0.579986572265625,0.580198287963867,0.000211715698242188,0.000218483712407705,0.579833984375,0.580257415771484,,,,,,,,,,,,,,,0.889979027438196,0.88820633523499,0.89450416734583,0.00629783211083956,0.00649522994857449,0.886433643031785,0.899029307253464,0.35888,0.357226666666666,0.363173333333333,0.00594666666666699,0.00613889602815102,0.355573333333333,0.367466666666667,0.37752,0.375093333333334,0.38664,0.0115466666666665,0.0121761685879212,0.372666666666667,0.39576,0.387936,0.382608,0.397168,0.01456,0.0147334315532171,0.37728,0.4064,0.121888784831545,0.119190894913489,0.138421904640105,0.0192310097266155,0.0208239348782329,0.116493004995434,0.154955024448665,0.728,0.7176,0.7284,0.0107999999999999,0.0122463600034187,0.7072,0.7288,,,,,,,,,,,,,,,,,,,,,,,,,,,,,,,,,,,,,,,,,,,,,,,,,,,,,,,,,,,,,,,,,,,,,,,,,,,,,,,,,,,,,"standard","cpu4","/Users/stefano/Documents/fastEmbedR-results/fastEmbedR-results/USPS/standard/cpu4/20260727_073247_1118064","/Users/stefano/Documents/fastEmbedR-results/fastEmbedR-results/USPS/standard/cpu4/20260727_073247_1118064/benchmark_summary_median_variability.csv",TRUE
"USPS","uwot_fast_sgd","UMAP","cpu","full_pipeline",4,4,11000,256,30,,"standard_R_double",,3,3,"success",5.841,5.8285,5.8455,0.0169999999999995,0.0176162803489651,5.816,5.85,,,,,,,,,,,,,,,,,,,,,,,,,,,,,,,,,,,,0.580135345458984,0.580081939697266,0.5802001953125,0.000118255615234375,0.000118440053529816,0.580028533935547,0.580265045166016,,,,,,,,,,,,,,,0.896959608801956,0.890794371094811,0.900155023091551,0.00936065199673997,0.00951639407450189,0.884629133387666,0.903350437381146,0.355946666666667,0.355466666666667,0.365413333333333,0.00994666666666644,0.0112185666213217,0.354986666666667,0.37488,0.3804,0.377053333333334,0.390213333333334,0.01316,0.0136793588760314,0.373706666666667,0.400026666666667,0.38584,0.383488,0.399496,0.016008,0.0172872651394025,0.381136,0.413152,0.142535064146468,0.113430675332622,0.160585143218746,0.0471544678861237,0.0475844137252698,0.0843262865187757,0.178635222291023,0.7144,0.7124,0.72,0.00759999999999994,0.00787908624143688,0.7104,0.7256,,,,,,,,,,,,,,,,,,,,,,,,,,,,,,,,,,,,,,,,,,,,,,,,,,,,,,,,,,,,,,,,,,,,,,,,,,,,,,,,,,,,,"standard","cpu4","/Users/stefano/Documents/fastEmbedR-results/fastEmbedR-results/USPS/standard/cpu4/20260727_073247_1118064","/Users/stefano/Documents/fastEmbedR-results/fastEmbedR-results/USPS/standard/cpu4/20260727_073247_1118064/benchmark_summary_median_variability.csv",TRUE
"USPS","uwot_knn","UMAP","cpu","embedding_from_precomputed_knn",4,4,11000,256,30,,"standard_R_double",,3,3,"success",3.433,3.4245,3.4715,0.0469999999999997,0.0500899191454727,3.416,3.51,,,,,,,,,,,,,,,,,,,,,,,,,,,,,3.433,3.4245,3.4715,0.0469999999999997,0.0500899191454727,3.416,3.51,0.550510406494141,0.550474166870117,0.550605773925781,0.000131607055664062,0.000135962432231979,0.550437927246094,0.550701141357422,,,,,,,,,,,,,,,0.887925802770986,0.887331964140179,0.892084868242325,0.00475290410214646,0.00517948307063731,0.886738125509372,0.896243933713665,0.35552,0.354426666666667,0.360693333333334,0.00626666666666703,0.00669476744264618,0.353333333333333,0.365866666666667,0.37376,0.371413333333333,0.382573333333333,0.01116,0.0117679590099244,0.369066666666667,0.391386666666667,0.381952,0.380184,0.392736,0.012552,0.0135885536144703,0.378416,0.40352,0.111708342663478,0.0962955716036734,0.112389044954103,0.0160934733504301,0.0182028706862667,0.0808828005438687,0.113069747244729,0.7144,0.7076,0.7316,0.024,0.0247397116663338,0.7008,0.7488,,,,,,,,,,,,,,,,,,,,,,,,,,,,,,,,,,,,,,,,,,,,,,,,,,,,,,,,,,,,,,,,,,,,,,,,,,,,,,,,,,,,,"standard","cpu4","/Users/stefano/Documents/fastEmbedR-results/fastEmbedR-results/USPS/standard/cpu4/20260727_073247_1118064","/Users/stefano/Documents/fastEmbedR-results/fastEmbedR-results/USPS/standard/cpu4/20260727_073247_1118064/benchmark_summary_median_variability.csv",TRUE
"USPS","fastEmbedR_pca_cuda","PCA","cuda","pca_only",1,,11000,256,,,"float32",,3,3,"success",1.141,1.1335,1.159,0.0255000000000001,0.0262106848441624,1.126,1.177,,,,,,,,,,,,,,,1.141,1.1335,1.159,0.0255000000000001,0.0262106848441624,1.126,1.177,,,,,,,,,,,,,,,0.736690521240234,0.736467361450195,0.736726760864258,0.0002593994140625,0.000280952734169061,0.736244201660156,0.736763000488281,459,448,459,11,12.7017059221718,437,459,459,448,459,11,12.7017059221718,437,459,,,,,,,,,,,,,,,,,,,,,,,,,,,,,,,,,,,,,,,,,,,,,,,,,,,,,,,,,,,,,,,,,,,,,,,,,,,,,,,,,,,,,,,,,,,,,,,,,,,,,,,,,,,,,,,,,,,,,,,,,,,,,,,"standard","cuda","/Users/stefano/Documents/fastEmbedR-results/fastEmbedR-results/USPS/standard/cuda/20260727_093710_1118075","/Users/stefano/Documents/fastEmbedR-results/fastEmbedR-results/USPS/standard/cuda/20260727_093710_1118075/benchmark_summary_median_variability.csv",TRUE
"USPS","fastEmbedR_tsne_cuda_full","t-SNE","cuda","full_pipeline",1,,11000,256,,30,"float32",,3,3,"success",0.73,0.725,0.767,0.042,0.0458839114868527,0.72,0.804,0.003,0.003,0.0035,5e-04,0.000577350269189626,0.003,0.004,0.298,0.2975,0.3005,0.003,0.00321455025366432,0.297,0.303,,,,,,,,,,,,,,,0.161,0.153,0.203,0.05,0.0537152988759565,0.145,0.245,0.985012054443359,0.984285354614258,1.00065803527832,0.0163726806640625,0.018500260918105,0.983558654785156,1.01630401611328,2011,2011,2023,12,13.856406460551,2011,2035,2011,2011,2023,12,13.856406460551,2011,2035,0.954305025808204,0.95166789459386,0.95522738386308,0.00355948926922056,0.00369460591319823,0.949030763379516,0.956149741917957,0.45552,0.449786666666667,0.458853333333334,0.009066666666667,0.00917193787835757,0.444053333333333,0.462186666666667,0.457093333333333,0.4542,0.470746666666667,0.0165466666666665,0.01767440836665,0.451306666666667,0.4844,0.462288,0.460792,0.477752,0.01696,0.018779686046364,0.459296,0.493216,0.202338968761665,0.199959125743034,0.209936681180853,0.00997755543781853,0.0104224277182348,0.197579282724403,0.21753439360004,0.7424,0.7372,0.7448,0.00759999999999994,0.00777002788497784,0.732,0.7472,2.02915494464524,2.01957712259818,2.03187393439433,0.0122968117961451,0.0129186986127479,2.00999930055113,2.03459292414342,,,,,,,,,,,,,,,,,,,,,,,,,,,,,,,,,,,,,,,,,,,,,,,,,,,,,,,,,,,,,,,,,,,,,,,,,,,,,,"standard","cuda","/Users/stefano/Documents/fastEmbedR-results/fastEmbedR-results/USPS/standard/cuda/20260727_093710_1118075","/Users/stefano/Documents/fastEmbedR-results/fastEmbedR-results/USPS/standard/cuda/20260727_093710_1118075/benchmark_summary_median_variability.csv",TRUE
"USPS","fastEmbedR_tsne_cuda_knn","t-SNE","cuda","embedding_from_precomputed_knn",1,,11000,256,,30,"float32",,3,3,"success",0.377,0.3745,0.3795,0.005,0.005,0.372,0.382,,,,,,,,,,,,,,,,,,,,,,,,,,,,,0.377,0.3745,0.3795,0.005,0.005,0.372,0.382,0.577510833740234,0.577468872070312,0.578426361083984,0.000957489013671875,0.00108220032347648,0.577426910400391,0.579341888427734,477,473,477,4,4.61880215351701,469,477,477,473,477,4,4.61880215351701,469,477,0.953970247215431,0.952486650366749,0.955181548492257,0.00269489812550894,0.00269947973994176,0.951003053518066,0.956392849769084,0.455946666666667,0.452693333333334,0.461066666666667,0.00837333333333351,0.00844240443194919,0.44944,0.466186666666667,0.456826666666667,0.45592,0.471946666666667,0.016026666666667,0.0180053786202697,0.455013333333333,0.487066666666667,0.46296,0.46236,0.477816,0.015456,0.0175109236763798,0.46176,0.492672,0.200459798965928,0.200008282984746,0.2084961695841,0.00848788659935401,0.00955096289447209,0.199556767003564,0.216532540202272,0.7392,0.738,0.7476,0.00960000000000005,0.0104613574644976,0.7368,0.756,2.0174613984755,2.01552813168981,2.02282887055767,0.00730073886785521,0.0075651862737182,2.01359486490412,2.02819634263983,,,,,,,,,,,,,,,,,,,,,,,,,,,,,,,,,,,,,,,,,,,,,,,,,,,,,,,,,,,,,,,,,,,,,,,,,,,,,,"standard","cuda","/Users/stefano/Documents/fastEmbedR-results/fastEmbedR-results/USPS/standard/cuda/20260727_093710_1118075","/Users/stefano/Documents/fastEmbedR-results/fastEmbedR-results/USPS/standard/cuda/20260727_093710_1118075/benchmark_summary_median_variability.csv",TRUE
"USPS","rapids_cuml_tsne_full","t-SNE","cuda","full_pipeline",1,,11000,256,,30,"standard_R_double",,3,3,"success",3.594,3.584,4.716,1.132,1.30138592789892,3.574,5.838,,,,,,,,,,,,,,,,,,,,,,,,,,,,,,,,,,,,1.18280410766602,1.18100166320801,1.18375968933105,0.00275802612304688,0.00280102962475954,1.17919921875,1.18471527099609,523,523,523,0,0,523,523,523,523,523,0,0,523,523,0.939820222765553,0.936622569953817,0.940240608530291,0.00361803857647358,0.00395743273991677,0.933424917142081,0.940660994295028,0.44176,0.440986666666667,0.450106666666666,0.00911999999999996,0.0101139932400243,0.440213333333333,0.458453333333333,0.45448,0.452586666666666,0.465893333333333,0.013306666666667,0.0143971355175646,0.450693333333333,0.477306666666667,0.459696,0.457896,0.47252,0.014624,0.0159490094154256,0.456096,0.485344,0.118207723144198,0.115276433693646,0.127933896228769,0.0126574625351225,0.013251471831259,0.112345144243095,0.13766006931334,0.7176,0.7076,0.7192,0.0116000000000001,0.0125729869164014,0.6976,0.7208,2.07500900749698,2.07411037494032,2.08362727049265,0.00951689555233015,0.0105088311588676,2.07321174238366,2.09224553348832,,,,,,,,,,,,,,,,,,,,,,,,,,,,,,,,,,,,,,,,,,,,,,,,,,,,,,,,,,,,,,,,,,,,,,,,,,,,,,"standard","cuda","/Users/stefano/Documents/fastEmbedR-results/fastEmbedR-results/USPS/standard/cuda/20260727_093710_1118075","/Users/stefano/Documents/fastEmbedR-results/fastEmbedR-results/USPS/standard/cuda/20260727_093710_1118075/benchmark_summary_median_variability.csv",TRUE
"USPS","fastEmbedR_umap_cuda_binary_full","UMAP","cuda","full_pipeline",1,,11000,256,30,,"float32",,3,3,"success",0.563,0.5595,0.57,0.0105,0.0106926766215636,0.556,0.577,0.003,0.00299999999999994,0.003,5.50774703622636e-17,6.35982311220791e-17,0.00299999999999989,0.003,0.293,0.29,0.295,0.005,0.00503322295684717,0.287,0.297,,,,,,,,,,,,,,,0.0350000000000001,0.0345000000000001,0.0350000000000001,0.000500000000000049,0.000577350269189682,0.034,0.0350000000000001,0.918903350830078,0.918817520141602,0.919029235839844,0.000211715698242188,0.000212974927554441,0.918731689453125,0.919155120849609,1995,1995,1995,0,0,1995,1995,1995,1995,1995,0,0,1995,1995,0.914990013583265,0.914097038848139,0.917861559358869,0.0037645205107304,0.00393402200423232,0.913204064113013,0.920733105134474,0.358293333333333,0.356533333333333,0.365386666666667,0.00885333333333349,0.00937352615575355,0.354773333333333,0.37248,0.392746666666667,0.391973333333334,0.405426666666667,0.0134533333333335,0.0151078924676746,0.3912,0.418106666666667,0.416496,0.4132,0.431216,0.018016,0.0191853811012448,0.409904,0.445936,0.134042986492326,0.122939097237722,0.144301019447192,0.0213619222094705,0.021367503631529,0.111835207983118,0.154559052402059,0.6768,0.674,0.682,0.00800000000000001,0.00811911325207379,0.6712,0.6872,,,,,,,,,,,,,,,,,,,,,,,,,,,,,,,,,,,,,,,,,,,,,,,,,,,,,,,,,,,,,,,,,,,,,,,,,,,,,,,,,,,,,"standard","cuda","/Users/stefano/Documents/fastEmbedR-results/fastEmbedR-results/USPS/standard/cuda/20260727_093710_1118075","/Users/stefano/Documents/fastEmbedR-results/fastEmbedR-results/USPS/standard/cuda/20260727_093710_1118075/benchmark_summary_median_variability.csv",TRUE
"USPS","fastEmbedR_umap_cuda_binary_knn","UMAP","cuda","embedding_from_precomputed_knn",1,,11000,256,30,,"float32",,3,3,"success",0.454,0.4505,0.455,0.0045,0.00472581562625261,0.447,0.456,,,,,,,,,,,,,,,,,,,,,,,,,,,,,0.454,0.4505,0.455,0.0045,0.00472581562625261,0.447,0.456,0.549850463867188,0.549638748168945,0.55084228515625,0.00120353698730469,0.0012850510459719,0.549427032470703,0.551834106445312,437,437,437,0,0,437,437,437,437,437,0,0,437,437,0.932138353708232,0.929924585710405,0.932458636240152,0.00253405052974742,0.00275980213490867,0.927710817712578,0.932778918772073,0.387253333333333,0.384586666666667,0.38968,0.00509333333333351,0.00509521780147288,0.38192,0.392106666666667,0.435706666666667,0.42984,0.44268,0.01284,0.012855887252035,0.423973333333333,0.449653333333333,0.466032,0.460456,0.473576,0.01312,0.0131691080943244,0.45488,0.48112,0.171622129920116,0.170557311307989,0.172964116764942,0.00240680545695299,0.00241211938289918,0.169492492695862,0.174306103609768,0.6688,0.662,0.676,0.014,0.0140019046323468,0.6552,0.6832,,,,,,,,,,,,,,,,,,,,,,,,,,,,,,,,,,,,,,,,,,,,,,,,,,,,,,,,,,,,,,,,,,,,,,,,,,,,,,,,,,,,,"standard","cuda","/Users/stefano/Documents/fastEmbedR-results/fastEmbedR-results/USPS/standard/cuda/20260727_093710_1118075","/Users/stefano/Documents/fastEmbedR-results/fastEmbedR-results/USPS/standard/cuda/20260727_093710_1118075/benchmark_summary_median_variability.csv",TRUE
"USPS","fastEmbedR_umap_cuda_fuzzy_full","UMAP","cuda","full_pipeline",1,,11000,256,30,,"float32",,3,3,"success",0.57,0.5625,0.57,0.00749999999999995,0.00866025403784433,0.555,0.57,0.003,0.003,0.003,0,0,0.003,0.003,0.3,0.299,0.3005,0.0015,0.00152752523165195,0.298,0.301,,,,,,,,,,,,,,,0.026,0.0255000000000001,0.03,0.00449999999999995,0.00493288286231622,0.0250000000000001,0.034,0.919227600097656,0.919223785400391,0.919292449951172,6.866455078125e-05,7.7178908821073e-05,0.919219970703125,0.919357299804688,1995,1995,1995,0,0,1995,1995,1995,1995,1995,0,0,1995,1995,0.886699657701711,0.883819766367834,0.88719441456126,0.00337464819342559,0.00364479618766244,0.880939875033958,0.887689171420809,0.34336,0.341893333333333,0.348613333333333,0.00672,0.0070666834381353,0.340426666666667,0.353866666666667,0.36608,0.364666666666666,0.37508,0.0104133333333335,0.0112970504180583,0.363253333333333,0.38408,0.377264,0.375976,0.38924,0.0132640000000001,0.0146291311202454,0.374688,0.401216,0.109293196430806,0.0995695248070315,0.121924351166492,0.02235482635946,0.0224177626205268,0.0898458531832571,0.134555505902177,0.7232,0.7132,0.7248,0.0115999999999999,0.0125729869164013,0.7032,0.7264,,,,,,,,,,,,,,,,,,,,,,,,,,,,,,,,,,,,,,,,,,,,,,,,,,,,,,,,,,,,,,,,,,,,,,,,,,,,,,,,,,,,,"standard","cuda","/Users/stefano/Documents/fastEmbedR-results/fastEmbedR-results/USPS/standard/cuda/20260727_093710_1118075","/Users/stefano/Documents/fastEmbedR-results/fastEmbedR-results/USPS/standard/cuda/20260727_093710_1118075/benchmark_summary_median_variability.csv",TRUE
"USPS","fastEmbedR_umap_cuda_fuzzy_knn","UMAP","cuda","embedding_from_precomputed_knn",1,,11000,256,30,,"float32",,3,3,"success",0.597,0.5915,0.6105,0.0190000000000001,0.01955334583475,0.586,0.624,,,,,,,,,,,,,,,,,,,,,,,,,,,,,0.597,0.5915,0.6105,0.0190000000000001,0.01955334583475,0.586,0.624,0.551513671875,0.550565719604492,0.551645278930664,0.00107955932617188,0.00117795932668497,0.549617767333984,0.551776885986328,437,437,437,0,0,437,437,437,437,437,0,0,437,437,0.893267698994838,0.886231393643031,0.893833523499049,0.0076021298560176,0.00847042418147523,0.879195088291225,0.89439934800326,0.3368,0.33552,0.347786666666666,0.0122666666666665,0.0134861992559196,0.33424,0.358773333333333,0.36048,0.35664,0.374266666666667,0.0176266666666665,0.0185385572174238,0.3528,0.388053333333333,0.374816,0.370648,0.390008,0.01936,0.0203793799055156,0.36648,0.4052,0.111915539194337,0.0894539174532726,0.126690524742767,0.0372366072894944,0.0375001295253496,0.0669922957122082,0.141465510291197,0.7152,0.7028,0.722,0.0192,0.0194703192920233,0.6904,0.7288,,,,,,,,,,,,,,,,,,,,,,,,,,,,,,,,,,,,,,,,,,,,,,,,,,,,,,,,,,,,,,,,,,,,,,,,,,,,,,,,,,,,,"standard","cuda","/Users/stefano/Documents/fastEmbedR-results/fastEmbedR-results/USPS/standard/cuda/20260727_093710_1118075","/Users/stefano/Documents/fastEmbedR-results/fastEmbedR-results/USPS/standard/cuda/20260727_093710_1118075/benchmark_summary_median_variability.csv",TRUE
"USPS","rapids_cuml_umap_full","UMAP","cuda","full_pipeline",1,,11000,256,30,,"standard_R_double",,3,3,"success",3.37,3.36,3.425,0.0649999999999995,0.0699999999999999,3.35,3.48,,,,,,,,,,,,,,,,,,,,,,,,,,,,,,,,,,,,1.27870178222656,1.27609825134277,1.27903366088867,0.00293540954589844,0.00321508379479796,1.27349472045898,1.27936553955078,585,585,588,3,3.46410161513775,585,591,585,585,588,3,3.46410161513775,585,591,0.894694050529747,0.889107612061939,0.895825243140451,0.00671763107851153,0.00719325882495063,0.883521173594132,0.896956435751155,0.351093333333333,0.349466666666666,0.354026666666666,0.00456000000000001,0.00462198289978731,0.34784,0.35696,0.37424,0.371,0.379413333333333,0.00841333333333349,0.00848705506661216,0.36776,0.384586666666667,0.390736,0.384928,0.395792,0.010864,0.0108726720420204,0.37912,0.400848,0.10796303852035,0.102840532279284,0.110992311824675,0.00815177954539126,0.00824087684245303,0.0977180260382175,0.114021585129,0.7232,0.7152,0.7236,0.00839999999999996,0.00947698967675561,0.7072,0.724,,,,,,,,,,,,,,,,,,,,,,,,,,,,,,,,,,,,,,,,,,,,,,,,,,,,,,,,,,,,,,,,,,,,,,,,,,,,,,,,,,,,,"standard","cuda","/Users/stefano/Documents/fastEmbedR-results/fastEmbedR-results/USPS/standard/cuda/20260727_093710_1118075","/Users/stefano/Documents/fastEmbedR-results/fastEmbedR-results/USPS/standard/cuda/20260727_093710_1118075/benchmark_summary_median_variability.csv",TRUE
"flow18","fastEmbedR_pca_cpu","PCA","cpu","pca_only",1,1,1000021,11,,,"float32",,3,3,"success",1.345,1.334,1.351,0.0169999999999999,0.0172433562085034,1.323,1.357,,,,,,,,,,,,,,,1.345,1.334,1.351,0.0169999999999999,0.0172433562085034,1.323,1.357,,,,,,,,,,,,,,,0.742782592773438,0.742700576782227,0.742788314819336,8.7738037109375e-05,9.81744290515015e-05,0.742618560791016,0.742794036865234,,,,,,,,,,,,,,,,,,,,,,,,,,,,,,,,,,,,,,,,,,,,,,,,,,,,,,,,,,,,,,,,,,,,,,,,,,,,,,,,,,,,,,,,,,,,,,,,,,,,,,,,,,,,,,,,,,,,,,,,,,,,,,,,,,,,,,,,,,,,,"standard","cpu1","/Users/stefano/Documents/fastEmbedR-results/fastEmbedR-results/flow18/standard/cpu1/20260727_073247_1118045","/Users/stefano/Documents/fastEmbedR-results/fastEmbedR-results/flow18/standard/cpu1/20260727_073247_1118045/benchmark_summary_median_variability.csv",TRUE
"flow18","irlba_pca","PCA","cpu","pca_only",1,1,1000021,11,,,"standard_R_double",,3,3,"success",1.03,1.0065,1.039,0.0325000000000002,0.0335608899365517,0.983,1.048,,,,,,,,,,,,,,,1.03,1.0065,1.039,0.0325000000000002,0.0335608899365517,0.983,1.048,,,,,,,,,,,,,,,0.525974273681641,0.509580612182617,0.535711288452148,0.0261306762695312,0.0264117882303678,0.493186950683594,0.545448303222656,,,,,,,,,,,,,,,,,,,,,,,,,,,,,,,,,,,,,,,,,,,,,,,,,,,,,,,,,,,,,,,,,,,,,,,,,,,,,,,,,,,,,,,,,,,,,,,,,,,,,,,,,,,,,,,,,,,,,,,,,,,,,,,,,,,,,,,,,,,,,"standard","cpu1","/Users/stefano/Documents/fastEmbedR-results/fastEmbedR-results/flow18/standard/cpu1/20260727_073247_1118045","/Users/stefano/Documents/fastEmbedR-results/fastEmbedR-results/flow18/standard/cpu1/20260727_073247_1118045/benchmark_summary_median_variability.csv",TRUE
"flow18","fastEmbedR_tsne_cpu_full","t-SNE","cpu","full_pipeline",1,1,1000021,11,,30,"float32",,3,3,"success",385.129,383.2865,389.4205,6.13399999999996,6.29485157357448,381.444,393.712,0.00500000000000012,0.00400000000000011,0.00500000000000012,0.00100000000000001,0.00115470053837926,0.00300000000000011,0.00500000000000012,172.447,172.025,175.021,2.99600000000001,3.24341137281926,171.603,177.595,,,,,,,,,,,,,,,211.307,209.8945,213.0375,3.143,3.14835782591497,208.482,214.768,1.92751312255859,1.92735290527344,1.94749069213867,0.0201377868652344,0.0231611660002245,1.92719268798828,1.96746826171875,,,,,,,,,,,,,,,0.975126740853145,0.974996501433148,0.975413117518126,0.000416616084977561,0.000426257248640999,0.974866262013151,0.975699494183106,0.397766666666667,0.393216666666667,0.399466666666667,0.00624999999999998,0.00646297145282261,0.388666666666667,0.401166666666667,0.4387,0.435975,0.439175,0.00319999999999998,0.0034536212878658,0.43325,0.43965,0.47877,0.477335,0.47922,0.00188500000000003,0.00196891679187652,0.4759,0.47967,0.0538105049024427,0.0505470523140637,0.0627171707826135,0.0121701184685498,0.0125986931448235,0.0472835997256848,0.0716238366627844,0.955,0.954,0.9595,0.00550000000000006,0.00585946527708232,0.953,0.964,2.02514999257983,2.02514999257983,2.02514999257983,0,0,2.02514999257983,2.02514999257983,,,,,,,,,,,,,,,,,,,,,,,,,,,,,,,,,,,,,,,,,,,,,,,,,,,,,,,,,,,,,,,,,,,,,,,,,,,,,,"standard","cpu1","/Users/stefano/Documents/fastEmbedR-results/fastEmbedR-results/flow18/standard/cpu1/20260727_073247_1118045","/Users/stefano/Documents/fastEmbedR-results/fastEmbedR-results/flow18/standard/cpu1/20260727_073247_1118045/benchmark_summary_median_variability.csv",TRUE
"flow18","fastEmbedR_tsne_cpu_knn","t-SNE","cpu","embedding_from_precomputed_knn",1,1,1000021,11,,30,"float32",,3,3,"success",215.136,214.129,216.215,2.08599999999998,2.08641414872503,213.122,217.294,,,,,,,,,,,,,,,,,,,,,,,,,,,,,215.136,214.129,216.215,2.08599999999998,2.08641414872503,213.122,217.294,1.77310943603516,1.7730598449707,1.77311897277832,5.91278076171875e-05,6.34892157634477e-05,1.77301025390625,1.77312850952148,,,,,,,,,,,,,,,0.975537683358624,0.975368976563817,0.976117273646939,0.000748297083122518,0.000784999112327893,0.97520026976901,0.976696863935255,0.398933333333333,0.39465,0.39895,0.00430000000000008,0.00495561783717696,0.390366666666667,0.398966666666667,0.439583333333333,0.435941666666667,0.439641666666666,0.00369999999999998,0.00423911460007767,0.4323,0.4397,0.47933,0.477585,0.479445,0.00186000000000003,0.00208452232737702,0.47584,0.47956,0.0550378006292001,0.0515056159244922,0.0635023376382847,0.0119967217137925,0.0123300729233993,0.0479734312197843,0.0719668746473693,0.955,0.954,0.95975,0.00575000000000003,0.00614410286372229,0.953,0.9645,2.02333396908446,2.02333396908446,2.02333396908446,0,0,2.02333396908446,2.02333396908446,,,,,,,,,,,,,,,,,,,,,,,,,,,,,,,,,,,,,,,,,,,,,,,,,,,,,,,,,,,,,,,,,,,,,,,,,,,,,,"standard","cpu1","/Users/stefano/Documents/fastEmbedR-results/fastEmbedR-results/flow18/standard/cpu1/20260727_073247_1118045","/Users/stefano/Documents/fastEmbedR-results/fastEmbedR-results/flow18/standard/cpu1/20260727_073247_1118045/benchmark_summary_median_variability.csv",TRUE
"flow18","KlugerLab_FItSNE","t-SNE","cpu","full_pipeline",1,1,1000021,11,,30,"standard_R_double",,3,3,"success",1111.741,1104.1125,1115.9265,11.8140000000001,11.9800672925212,1096.484,1120.112,,,,,,,,,,,,,,,,,,,,,,,,,,,,,,,,,,,,3.32536315917969,3.32424736022949,3.33831214904785,0.0140647888183594,0.0156362747142261,3.3231315612793,3.35126113891602,,,,,,,,,,,,,,,0.974514280896982,0.973528721969314,0.974730677794639,0.00120195582532445,0.00128136693242099,0.972543163041646,0.974947074692295,0.390366666666667,0.386866666666667,0.390466666666667,0.00359999999999994,0.00410040648391512,0.383366666666667,0.390566666666667,0.43505,0.434016666666666,0.435091666666666,0.00107499999999999,0.00121795973904154,0.432983333333333,0.435133333333333,0.47799,0.47699,0.47908,0.00208999999999998,0.00209064583322951,0.47599,0.48017,0.0500583918935425,0.0334773576805935,0.0580871302965804,0.0246097726159869,0.0251002290046124,0.0168963234676445,0.0661158686996182,0.952,0.95175,0.956,0.00424999999999998,0.00476969600708472,0.9515,0.96,2.05477582047247,2.05402175176472,2.05823456151218,0.00421280974745031,0.00449290367609113,2.05326768305698,2.06169330255188,,,,,,,,,,,,,,,,,,,,,,,,,,,,,,,,,,,,,,,,,,,,,,,,,,,,,,,,,,,,,,,,,,,,,,,,,,,,,,"standard","cpu1","/Users/stefano/Documents/fastEmbedR-results/fastEmbedR-results/flow18/standard/cpu1/20260727_073247_1118045","/Users/stefano/Documents/fastEmbedR-results/fastEmbedR-results/flow18/standard/cpu1/20260727_073247_1118045/benchmark_summary_median_variability.csv",TRUE
"flow18","Rtsne_full","t-SNE","cpu","full_pipeline",1,1,1000021,11,,30,"standard_R_double",,3,3,"success",4192.998,4041.2195,4478.987,437.767499999999,444.572307759192,3889.441,4764.976,,,,,,,,,,,,,,,,,,,,,,,,,,,,,,,,,,,,3.26249694824219,3.26244735717773,3.26253700256348,8.96453857421875e-05,8.98143177612829e-05,3.26239776611328,3.26257705688477,,,,,,,,,,,,,,,0.751330433316473,0.725505353228798,0.762470586747597,0.0369652335187994,0.037925068834068,0.699680273141123,0.773610740178722,0.1667,0.152383333333333,0.170033333333333,0.01765,0.0187545648764161,0.138066666666667,0.173366666666667,0.219983333333333,0.196333333333333,0.220391666666666,0.0240583333333335,0.0275474456031637,0.172683333333333,0.2208,0.25783,0.23038,0.259045,0.028665,0.0324207849997498,0.20293,0.26026,-0.184683718244527,-0.215612032598288,-0.160845067390823,0.0547669652074655,0.054919713408609,-0.24654034695205,-0.137006416537119,0.7035,0.684,0.734,0.05,0.0504017195473858,0.6645,0.7645,2.79594686383358,2.78987358211236,2.89185252929816,0.101978947185805,0.114410043522398,2.78380030039114,2.98775819476275,,,,,,,,,,,,,,,,,,,,,,,,,,,,,,,,,,,,,,,,,,,,,,,,,,,,,,,,,,,,,,,,,,,,,,,,,,,,,,"standard","cpu1","/Users/stefano/Documents/fastEmbedR-results/fastEmbedR-results/flow18/standard/cpu1/20260727_073247_1118045","/Users/stefano/Documents/fastEmbedR-results/fastEmbedR-results/flow18/standard/cpu1/20260727_073247_1118045/benchmark_summary_median_variability.csv",TRUE
"flow18","Rtsne_neighbors","t-SNE","cpu","embedding_from_precomputed_knn",1,1,1000021,11,,30,"standard_R_double",,3,3,"success",2566.374,2564.107,2568.9215,4.81449999999995,4.81722295518898,2561.84,2571.469,,,,,,,,,,,,,,,,,,,,,,,,,,,,,2566.374,2564.107,2568.9215,4.81449999999995,4.81722295518898,2561.84,2571.469,5.28893280029297,5.28890609741211,5.28901481628418,0.000108718872070312,0.00011331213469805,5.28887939453125,5.28909683227539,,,,,,,,,,,,,,,0.949693997639521,0.949269086157478,0.949918959703254,0.000649873545776503,0.000660047131242173,0.948844174675434,0.950143921766987,0.2885,0.288316666666666,0.289983333333333,0.00166666666666698,0.00182787064944765,0.288133333333333,0.291466666666667,0.368416666666667,0.367175,0.370833333333334,0.00365833333333349,0.00372070035223371,0.365933333333333,0.37325,0.43307,0.429385,0.43387,0.00448499999999996,0.00478431116602309,0.4257,0.43467,-0.0297115215625089,-0.032255336675607,-0.0171087929366466,0.0151465437389604,0.0162217457215717,-0.0347991517887051,-0.00450606431078438,0.944,0.9395,0.9455,0.00600000000000001,0.00624499799839834,0.935,0.947,2.12074280645048,2.12074280645048,2.12074280645048,0,0,2.12074280645048,2.12074280645048,,,,,,,,,,,,,,,,,,,,,,,,,,,,,,,,,,,,,,,,,,,,,,,,,,,,,,,,,,,,,,,,,,,,,,,,,,,,,,"standard","cpu1","/Users/stefano/Documents/fastEmbedR-results/fastEmbedR-results/flow18/standard/cpu1/20260727_073247_1118045","/Users/stefano/Documents/fastEmbedR-results/fastEmbedR-results/flow18/standard/cpu1/20260727_073247_1118045/benchmark_summary_median_variability.csv",TRUE
"flow18","fastEmbedR_umap_cpu_binary_full","UMAP","cpu","full_pipeline",1,1,1000021,11,30,,"float32",,3,3,"success",1872.023,1860.1635,2175.5605,315.397,357.538743127231,1848.304,2479.098,0.00499999999999989,0.00449999999999995,0.005,0.000500000000000059,0.000577350269189629,0.004,0.00500000000000012,177.978,176.3945,182.2655,5.87100000000001,6.07501821670794,174.811,186.553,,,,,,,,,,,,,,,1696.937,1683.4985,1994.614,311.1155,351.743319246199,1670.06,2292.291,3.66180801391602,3.65812110900879,3.66181182861328,0.00369071960449219,0.00425947520600285,3.65443420410156,3.66181564331055,,,,,,,,,,,,,,,0.966728022255943,0.966502824144327,0.967103473276008,0.000600649131681008,0.000606881118139985,0.96627762603271,0.967478924296072,0.340233333333333,0.33815,0.341633333333333,0.00348333333333301,0.00350560397923907,0.336066666666667,0.343033333333333,0.433616666666667,0.431025,0.434141666666667,0.00311666666666699,0.00333726157422778,0.428433333333333,0.434666666666667,0.50351,0.5032,0.50392,0.000719999999999943,0.000722311105641694,0.50289,0.50433,0.460853301742649,0.420630264768708,0.461534943779508,0.0409046790108005,0.0468440683135731,0.380407227794767,0.462216585816368,0.9535,0.9535,0.96025,0.00675000000000003,0.00779422863405992,0.9535,0.967,,,,,,,,,,,,,,,,,,,,,,,,,,,,,,,,,,,,,,,,,,,,,,,,,,,,,,,,,,,,,,,,,,,,,,,,,,,,,,,,,,,,,"standard","cpu1","/Users/stefano/Documents/fastEmbedR-results/fastEmbedR-results/flow18/standard/cpu1/20260727_073247_1118045","/Users/stefano/Documents/fastEmbedR-results/fastEmbedR-results/flow18/standard/cpu1/20260727_073247_1118045/benchmark_summary_median_variability.csv",TRUE
"flow18","fastEmbedR_umap_cpu_binary_knn","UMAP","cpu","embedding_from_precomputed_knn",1,1,1000021,11,30,,"float32",,3,3,"success",1681.658,1671.3255,1685.949,14.6235000000001,15.0337395990929,1660.993,1690.24,,,,,,,,,,,,,,,,,,,,,,,,,,,,,1681.658,1671.3255,1685.949,14.6235000000001,15.0337395990929,1660.993,1690.24,3.88310623168945,3.87946701049805,3.88325881958008,0.00379180908203125,0.00429301992067126,3.87582778930664,3.8834114074707,,,,,,,,,,,,,,,0.966728022255943,0.966502824144327,0.967103473276008,0.000600649131681008,0.000606881118139985,0.96627762603271,0.967478924296072,0.340233333333333,0.33815,0.341633333333333,0.00348333333333301,0.00350560397923907,0.336066666666667,0.343033333333333,0.433616666666667,0.431025,0.434141666666667,0.00311666666666699,0.00333726157422778,0.428433333333333,0.434666666666667,0.50351,0.5032,0.50392,0.000719999999999943,0.000722311105641694,0.50289,0.50433,0.460853301742649,0.420630264768708,0.461534943779508,0.0409046790108005,0.0468440683135731,0.380407227794767,0.462216585816368,0.9535,0.9535,0.96025,0.00675000000000003,0.00779422863405992,0.9535,0.967,,,,,,,,,,,,,,,,,,,,,,,,,,,,,,,,,,,,,,,,,,,,,,,,,,,,,,,,,,,,,,,,,,,,,,,,,,,,,,,,,,,,,"standard","cpu1","/Users/stefano/Documents/fastEmbedR-results/fastEmbedR-results/flow18/standard/cpu1/20260727_073247_1118045","/Users/stefano/Documents/fastEmbedR-results/fastEmbedR-results/flow18/standard/cpu1/20260727_073247_1118045/benchmark_summary_median_variability.csv",TRUE
"flow18","fastEmbedR_umap_cpu_fuzzy_full","UMAP","cpu","full_pipeline",1,1,1000021,11,30,,"float32",,3,3,"success",678.149,622.2245,683.3145,61.0899999999999,67.7555419160185,566.3,688.48,0.004,0.004,0.00450000000000006,0.000500000000000059,0.000577350269189695,0.004,0.00500000000000012,184.967,179.187,185.2625,6.07549999999998,6.85115175232116,173.407,185.558,,,,,,,,,,,,,,,492.921,436.701,503.874,67.173,72.0780527761398,380.481,514.827,3.65475845336914,3.65458869934082,3.65825080871582,0.003662109375,0.00413411879946026,3.6544189453125,3.6617431640625,,,,,,,,,,,,,,,0.964556179396392,0.963660360816051,0.965238113302985,0.00157775248693315,0.00158257757932373,0.962764542235711,0.965920047209577,0.336266666666667,0.33595,0.337866666666667,0.00191666666666701,0.00205489478869203,0.335633333333333,0.339466666666667,0.42685,0.425633333333334,0.429175,0.00354166666666644,0.00359900963743768,0.424416666666667,0.4315,0.49814,0.49734,0.498705,0.00136500000000001,0.00137172640615152,0.49654,0.49927,0.394108940648304,0.378760995451356,0.42257598065648,0.0438149852051235,0.0444648529149394,0.363413050254409,0.451043020664656,0.9535,0.9485,0.95725,0.00874999999999992,0.0087797114607106,0.9435,0.961,,,,,,,,,,,,,,,,,,,,,,,,,,,,,,,,,,,,,,,,,,,,,,,,,,,,,,,,,,,,,,,,,,,,,,,,,,,,,,,,,,,,,"standard","cpu1","/Users/stefano/Documents/fastEmbedR-results/fastEmbedR-results/flow18/standard/cpu1/20260727_073247_1118045","/Users/stefano/Documents/fastEmbedR-results/fastEmbedR-results/flow18/standard/cpu1/20260727_073247_1118045/benchmark_summary_median_variability.csv",TRUE
"flow18","fastEmbedR_umap_cpu_fuzzy_knn","UMAP","cpu","embedding_from_precomputed_knn",1,1,1000021,11,30,,"float32",,3,3,"success",476.997,435.7485,488.896,53.1475,55.7834008136232,394.5,500.795,,,,,,,,,,,,,,,,,,,,,,,,,,,,,476.997,435.7485,488.896,53.1475,55.7834008136232,394.5,500.795,3.88336181640625,3.88335609436035,3.88512420654297,0.00176811218261719,0.00203834449592999,3.88335037231445,3.88688659667969,,,,,,,,,,,,,,,0.964556179396392,0.963660360816051,0.965238113302985,0.00157775248693315,0.00158257757932373,0.962764542235711,0.965920047209577,0.336266666666667,0.33595,0.337866666666667,0.00191666666666701,0.00205489478869203,0.335633333333333,0.339466666666667,0.42685,0.425633333333334,0.429175,0.00354166666666644,0.00359900963743768,0.424416666666667,0.4315,0.49814,0.49734,0.498705,0.00136500000000001,0.00137172640615152,0.49654,0.49927,0.394108940648304,0.378760995451356,0.42257598065648,0.0438149852051235,0.0444648529149394,0.363413050254409,0.451043020664656,0.9535,0.9485,0.95725,0.00874999999999992,0.0087797114607106,0.9435,0.961,,,,,,,,,,,,,,,,,,,,,,,,,,,,,,,,,,,,,,,,,,,,,,,,,,,,,,,,,,,,,,,,,,,,,,,,,,,,,,,,,,,,,"standard","cpu1","/Users/stefano/Documents/fastEmbedR-results/fastEmbedR-results/flow18/standard/cpu1/20260727_073247_1118045","/Users/stefano/Documents/fastEmbedR-results/fastEmbedR-results/flow18/standard/cpu1/20260727_073247_1118045/benchmark_summary_median_variability.csv",TRUE
"flow18","umap_package","UMAP","cpu","full_pipeline",1,1,,,30,,"standard_R_double",,1,0,"failed",,,,,,,,,,,,,,,,,,,,,,,,,,,,,,,,,,,,,,,,,,,31.5549812316895,31.5549812316895,31.5549812316895,0,0,31.5549812316895,31.5549812316895,,,,,,,,,,,,,,,,,,,,,,,,,,,,,,,,,,,,,,,,,,,,,,,,,,,,,,,,,,,,,,,,,,,,,,,,,,,,,,,,,,,,,,,,,,,,,,,,,,,,,,,,,,,,,,,,,,,,,,,,,,,,,,,,,,,,,,,,,,,,,"standard","cpu1","/Users/stefano/Documents/fastEmbedR-results/fastEmbedR-results/flow18/standard/cpu1/20260727_073247_1118045","/Users/stefano/Documents/fastEmbedR-results/fastEmbedR-results/flow18/standard/cpu1/20260727_073247_1118045/benchmark_summary_median_variability.csv",TRUE
"flow18","umap_package_knn","UMAP","cpu","embedding_from_precomputed_knn",1,1,1000021,11,30,,"standard_R_double",,3,3,"success",5355.371,4775.147,5413.734,638.587,706.097012463113,4194.923,5472.097,,,,,,,,,,,,,,,,,,,,,,,,,,,,,5355.371,4775.147,5413.734,638.587,706.097012463113,4194.923,5472.097,22.6496849060059,22.6487426757812,22.649772644043,0.00102996826171875,0.00114202462888538,22.6478004455566,22.6498603820801,,,,,,,,,,,,,,,0.965737059517788,0.965384176361491,0.965886359804418,0.000502183442926962,0.000515755308866634,0.965031293205193,0.966035660091047,0.3328,0.33,0.3357,0.00570000000000004,0.00570029239016153,0.3272,0.3386,0.424466666666667,0.42375,0.427325,0.00357499999999999,0.00378279487112849,0.423033333333333,0.430183333333333,0.49731,0.497305,0.500305,0.003,0.00346121847523863,0.4973,0.5033,0.364761960022303,0.351030351558438,0.376845646130834,0.025815294572396,0.0258328211755765,0.337298743094573,0.388929332239365,0.9555,0.95425,0.9605,0.00624999999999998,0.0066143782776615,0.953,0.9655,,,,,,,,,,,,,,,,,,,,,,,,,,,,,,,,,,,,,,,,,,,,,,,,,,,,,,,,,,,,,,,,,,,,,,,,,,,,,,,,,,,,,"standard","cpu1","/Users/stefano/Documents/fastEmbedR-results/fastEmbedR-results/flow18/standard/cpu1/20260727_073247_1118045","/Users/stefano/Documents/fastEmbedR-results/fastEmbedR-results/flow18/standard/cpu1/20260727_073247_1118045/benchmark_summary_median_variability.csv",TRUE
"flow18","uwot_default","UMAP","cpu","full_pipeline",1,1,1000021,11,30,,"standard_R_double",,3,3,"success",1662.641,1588.277,1772.2865,184.0095,185.133530650177,1513.913,1881.932,,,,,,,,,,,,,,,,,,,,,,,,,,,,,,,,,,,,6.57477569580078,6.57473945617676,6.57497215270996,0.000232696533203125,0.000250408072391911,6.57470321655273,6.57516860961914,,,,,,,,,,,,,,,0.966804333164728,0.96650788231327,0.966915950092733,0.00040806777946345,0.00042179043657882,0.966211431461811,0.967027567020738,0.3377,0.335983333333334,0.337966666666667,0.001983333333333,0.00215277598566203,0.334266666666667,0.338233333333333,0.4281,0.42625,0.429866666666667,0.00361666666666649,0.00361698667299056,0.4244,0.431633333333333,0.50236,0.501515,0.50246,0.000945000000000085,0.00103828384044702,0.50067,0.50256,0.395962492494917,0.386079820461404,0.412285755543143,0.026205935081738,0.0264684360017966,0.376197148427892,0.428609018591368,0.9535,0.95225,0.95725,0.00499999999999989,0.00520416499866533,0.951,0.961,,,,,,,,,,,,,,,,,,,,,,,,,,,,,,,,,,,,,,,,,,,,,,,,,,,,,,,,,,,,,,,,,,,,,,,,,,,,,,,,,,,,,"standard","cpu1","/Users/stefano/Documents/fastEmbedR-results/fastEmbedR-results/flow18/standard/cpu1/20260727_073247_1118045","/Users/stefano/Documents/fastEmbedR-results/fastEmbedR-results/flow18/standard/cpu1/20260727_073247_1118045/benchmark_summary_median_variability.csv",TRUE
"flow18","uwot_fast_sgd","UMAP","cpu","full_pipeline",1,1,1000021,11,30,,"standard_R_double",,3,3,"success",1490.802,1420.487,1502.301,81.8139999999999,88.5812501680425,1350.172,1513.8,,,,,,,,,,,,,,,,,,,,,,,,,,,,,,,,,,,,6.57477188110352,6.57476425170898,6.57497596740723,0.000211715698242188,0.000240184601096023,6.57475662231445,6.57518005371094,,,,,,,,,,,,,,,0.967288855167763,0.966800657561963,0.96923776766144,0.002437110099477,0.00257890189128267,0.966312459956163,0.971186680155117,0.3421,0.3355,0.344816666666667,0.00931666666666653,0.00958264248717619,0.3289,0.347533333333333,0.431716666666667,0.427483333333334,0.435366666666667,0.00788333333333346,0.00789052408718033,0.42325,0.439016666666667,0.50586,0.502665,0.5093,0.00663499999999995,0.0066365076157067,0.49947,0.51274,0.403329081485596,0.397088848313027,0.421083297716678,0.0239944494036505,0.0248982771319943,0.390848615140459,0.43883751394776,0.957,0.95475,0.959,0.00424999999999998,0.00425245027405767,0.9525,0.961,,,,,,,,,,,,,,,,,,,,,,,,,,,,,,,,,,,,,,,,,,,,,,,,,,,,,,,,,,,,,,,,,,,,,,,,,,,,,,,,,,,,,"standard","cpu1","/Users/stefano/Documents/fastEmbedR-results/fastEmbedR-results/flow18/standard/cpu1/20260727_073247_1118045","/Users/stefano/Documents/fastEmbedR-results/fastEmbedR-results/flow18/standard/cpu1/20260727_073247_1118045/benchmark_summary_median_variability.csv",TRUE
"flow18","uwot_knn","UMAP","cpu","embedding_from_precomputed_knn",1,1,1000021,11,30,,"standard_R_double",,3,3,"success",694.278,690.8435,696.8525,6.00900000000001,6.02947877791551,687.409,699.427,,,,,,,,,,,,,,,,,,,,,,,,,,,,,694.278,690.8435,696.8525,6.00900000000001,6.02947877791551,687.409,699.427,6.27144241333008,6.27129936218262,6.27160835266113,0.000308990478515625,0.000309272919597005,6.27115631103516,6.27177429199219,,,,,,,,,,,,,,,0.966406895970325,0.966282119372787,0.966619001854662,0.000336882481874468,0.000340634615638981,0.966157342775249,0.966831107738998,0.3338,0.331716666666666,0.33785,0.00613333333333349,0.00623755056388634,0.329633333333333,0.3419,0.42565,0.424458333333333,0.428816666666667,0.00435833333333302,0.00450502805515957,0.423266666666667,0.431983333333333,0.49845,0.498215,0.50146,0.00324500000000005,0.00361896394013534,0.49798,0.50447,0.414456170362093,0.396139123763712,0.419182477203677,0.0230433534399654,0.0243426691251836,0.37782207716533,0.423908784045261,0.9545,0.95375,0.96,0.00624999999999998,0.00682519840981445,0.953,0.9655,,,,,,,,,,,,,,,,,,,,,,,,,,,,,,,,,,,,,,,,,,,,,,,,,,,,,,,,,,,,,,,,,,,,,,,,,,,,,,,,,,,,,"standard","cpu1","/Users/stefano/Documents/fastEmbedR-results/fastEmbedR-results/flow18/standard/cpu1/20260727_073247_1118045","/Users/stefano/Documents/fastEmbedR-results/fastEmbedR-results/flow18/standard/cpu1/20260727_073247_1118045/benchmark_summary_median_variability.csv",TRUE
"flow18","fastEmbedR_pca_cpu","PCA","cpu","pca_only",4,4,1000021,11,,,"float32",,3,3,"success",1.183,1.1795,1.1965,0.0169999999999999,0.0179536440126603,1.176,1.21,,,,,,,,,,,,,,,1.183,1.1795,1.1965,0.0169999999999999,0.0179536440126603,1.176,1.21,,,,,,,,,,,,,,,0.75146484375,0.750461578369141,0.765911102294922,0.0154495239257812,0.0172894711101766,0.749458312988281,0.780357360839844,,,,,,,,,,,,,,,,,,,,,,,,,,,,,,,,,,,,,,,,,,,,,,,,,,,,,,,,,,,,,,,,,,,,,,,,,,,,,,,,,,,,,,,,,,,,,,,,,,,,,,,,,,,,,,,,,,,,,,,,,,,,,,,,,,,,,,,,,,,,,"standard","cpu4","/Users/stefano/Documents/fastEmbedR-results/fastEmbedR-results/flow18/standard/cpu4/20260727_073247_1118056","/Users/stefano/Documents/fastEmbedR-results/fastEmbedR-results/flow18/standard/cpu4/20260727_073247_1118056/benchmark_summary_median_variability.csv",TRUE
"flow18","irlba_pca","PCA","cpu","pca_only",4,4,1000021,11,,,"standard_R_double",,3,3,"success",0.782,0.7615,0.788,0.0265,0.0277908857961263,0.741,0.794,,,,,,,,,,,,,,,0.782,0.7615,0.788,0.0265,0.0277908857961263,0.741,0.794,,,,,,,,,,,,,,,0.531166076660156,0.515533447265625,0.531682968139648,0.0161495208740234,0.018356711816097,0.499900817871094,0.532199859619141,,,,,,,,,,,,,,,,,,,,,,,,,,,,,,,,,,,,,,,,,,,,,,,,,,,,,,,,,,,,,,,,,,,,,,,,,,,,,,,,,,,,,,,,,,,,,,,,,,,,,,,,,,,,,,,,,,,,,,,,,,,,,,,,,,,,,,,,,,,,,"standard","cpu4","/Users/stefano/Documents/fastEmbedR-results/fastEmbedR-results/flow18/standard/cpu4/20260727_073247_1118056","/Users/stefano/Documents/fastEmbedR-results/fastEmbedR-results/flow18/standard/cpu4/20260727_073247_1118056/benchmark_summary_median_variability.csv",TRUE
"flow18","fastEmbedR_tsne_cpu_full","t-SNE","cpu","full_pipeline",4,4,1000021,11,,30,"float32",,3,3,"success",178.629,177.8185,178.9035,1.08500000000001,1.12826873276419,177.008,179.178,0.00499999999999989,0.00499999999999989,0.00499999999999989,0,0,0.00499999999999989,0.00499999999999989,105.251,105.132,105.257,0.125,0.141001182028142,105.013,105.263,,,,,,,,,,,,,,,72.082,71.3985,72.386,0.987499999999997,1.01151520008351,70.715,72.69,1.94490432739258,1.94486808776855,1.94496917724609,0.000101089477539062,0.00010243012681654,1.94483184814453,1.94503402709961,,,,,,,,,,,,,,,0.975126740853145,0.974996501433148,0.975413117518126,0.000416616084977561,0.000426257248640999,0.974866262013151,0.975699494183106,0.397766666666667,0.393216666666667,0.399466666666667,0.00624999999999998,0.00646297145282261,0.388666666666667,0.401166666666667,0.4387,0.435975,0.439175,0.00319999999999998,0.0034536212878658,0.43325,0.43965,0.47877,0.477335,0.47922,0.00188500000000003,0.00196891679187652,0.4759,0.47967,0.0538105049024427,0.0505470523140637,0.0627171707826135,0.0121701184685498,0.0125986931448235,0.0472835997256848,0.0716238366627844,0.955,0.954,0.9595,0.00550000000000006,0.00585946527708232,0.953,0.964,2.02514999257983,2.02514999257983,2.02514999257983,0,0,2.02514999257983,2.02514999257983,,,,,,,,,,,,,,,,,,,,,,,,,,,,,,,,,,,,,,,,,,,,,,,,,,,,,,,,,,,,,,,,,,,,,,,,,,,,,,"standard","cpu4","/Users/stefano/Documents/fastEmbedR-results/fastEmbedR-results/flow18/standard/cpu4/20260727_073247_1118056","/Users/stefano/Documents/fastEmbedR-results/fastEmbedR-results/flow18/standard/cpu4/20260727_073247_1118056/benchmark_summary_median_variability.csv",TRUE
"flow18","fastEmbedR_tsne_cpu_knn","t-SNE","cpu","embedding_from_precomputed_knn",4,4,1000021,11,,30,"float32",,3,3,"success",73.052,72.626,76.9265,4.3005,4.73902426666081,72.2,80.801,,,,,,,,,,,,,,,,,,,,,,,,,,,,,73.052,72.626,76.9265,4.3005,4.73902426666081,72.2,80.801,1.7734260559082,1.77337265014648,1.77344512939453,7.2479248046875e-05,7.51408218520821e-05,1.77331924438477,1.77346420288086,,,,,,,,,,,,,,,0.975537683358624,0.975368976563817,0.976117273646939,0.000748297083122518,0.000784999112327893,0.97520026976901,0.976696863935255,0.398933333333333,0.39465,0.39895,0.00430000000000008,0.00495561783717696,0.390366666666667,0.398966666666667,0.439583333333333,0.435941666666667,0.439641666666666,0.00369999999999998,0.00423911460007767,0.4323,0.4397,0.47933,0.477585,0.479445,0.00186000000000003,0.00208452232737702,0.47584,0.47956,0.0550378006292001,0.0515056159244922,0.0635023376382847,0.0119967217137925,0.0123300729233993,0.0479734312197843,0.0719668746473693,0.955,0.954,0.95975,0.00575000000000003,0.00614410286372229,0.953,0.9645,2.02333396908446,2.02333396908446,2.02333396908446,0,0,2.02333396908446,2.02333396908446,,,,,,,,,,,,,,,,,,,,,,,,,,,,,,,,,,,,,,,,,,,,,,,,,,,,,,,,,,,,,,,,,,,,,,,,,,,,,,"standard","cpu4","/Users/stefano/Documents/fastEmbedR-results/fastEmbedR-results/flow18/standard/cpu4/20260727_073247_1118056","/Users/stefano/Documents/fastEmbedR-results/fastEmbedR-results/flow18/standard/cpu4/20260727_073247_1118056/benchmark_summary_median_variability.csv",TRUE
"flow18","KlugerLab_FItSNE","t-SNE","cpu","full_pipeline",4,4,1000021,11,,30,"standard_R_double",,3,3,"success",397.095,388.8085,397.199,8.39050000000003,9.62903209050631,380.522,397.303,,,,,,,,,,,,,,,,,,,,,,,,,,,,,,,,,,,,3.33071517944336,3.32975387573242,3.34438705444336,0.0146331787109375,0.0163701800036229,3.32879257202148,3.35805892944336,,,,,,,,,,,,,,,0.974468740515933,0.973681360647445,0.974797976732423,0.00111661608497704,0.00114751761781021,0.972893980778958,0.975127212948912,0.392266666666667,0.387783333333333,0.392533333333334,0.00475000000000003,0.00533753306868072,0.3833,0.3928,0.436033333333333,0.434416666666667,0.436391666666667,0.001975,0.00210438255218143,0.4328,0.43675,0.47803,0.476505,0.47922,0.00271499999999997,0.00272188047741507,0.47498,0.48041,0.0497212852703548,0.0330259326983837,0.0579236909332696,0.0248977582348859,0.0253760073203576,0.0163305801264127,0.0661260965961845,0.953,0.95225,0.9565,0.00424999999999986,0.00453688586293872,0.9515,0.96,2.05813001059824,2.05635697039784,2.0606544820851,0.00429751168726478,0.00431935446893076,2.05458393019744,2.06317895357197,,,,,,,,,,,,,,,,,,,,,,,,,,,,,,,,,,,,,,,,,,,,,,,,,,,,,,,,,,,,,,,,,,,,,,,,,,,,,,"standard","cpu4","/Users/stefano/Documents/fastEmbedR-results/fastEmbedR-results/flow18/standard/cpu4/20260727_073247_1118056","/Users/stefano/Documents/fastEmbedR-results/fastEmbedR-results/flow18/standard/cpu4/20260727_073247_1118056/benchmark_summary_median_variability.csv",TRUE
"flow18","Rtsne_full","t-SNE","cpu","full_pipeline",4,4,1000021,11,,30,"standard_R_double",,3,3,"success",1584.667,1544.2785,1613.29,69.0115000000001,69.3450031533154,1503.89,1641.913,,,,,,,,,,,,,,,,,,,,,,,,,,,,,,,,,,,,3.2694206237793,3.26931190490723,3.26943016052246,0.000118255615234375,0.000131390342488527,3.26920318603516,3.26943969726562,,,,,,,,,,,,,,,0.770290052267746,0.755617998651155,0.792400429944361,0.0367824312932055,0.0370322851052073,0.740945945034564,0.814510807620975,0.175366666666667,0.172283333333334,0.183483333333333,0.0112,0.0115708605909333,0.1692,0.1916,0.231316666666667,0.22455,0.237775,0.013225,0.0132261980483741,0.217783333333333,0.244233333333333,0.27978,0.269655,0.28252,0.012865,0.0135531410873396,0.25953,0.28526,-0.13583119601786,-0.143451263892982,-0.108618751275719,0.0348325126172633,0.0366231849925459,-0.151071331768104,-0.0814063065335775,0.7585,0.73925,0.78475,0.0455000000000001,0.0456791345510545,0.72,0.811,2.69990643079867,2.69595581292088,2.72813751179025,0.0321816988693748,0.0351023556444947,2.69200519504309,2.75636859278184,,,,,,,,,,,,,,,,,,,,,,,,,,,,,,,,,,,,,,,,,,,,,,,,,,,,,,,,,,,,,,,,,,,,,,,,,,,,,,"standard","cpu4","/Users/stefano/Documents/fastEmbedR-results/fastEmbedR-results/flow18/standard/cpu4/20260727_073247_1118056","/Users/stefano/Documents/fastEmbedR-results/fastEmbedR-results/flow18/standard/cpu4/20260727_073247_1118056/benchmark_summary_median_variability.csv",TRUE
"flow18","Rtsne_neighbors","t-SNE","cpu","embedding_from_precomputed_knn",4,4,1000021,11,,30,"standard_R_double",,3,3,"success",1079.287,1077.9305,1083.473,5.54250000000002,5.77823470735947,1076.574,1087.659,,,,,,,,,,,,,,,,,,,,,,,,,,,,,1079.287,1077.9305,1083.473,5.54250000000002,5.77823470735947,1076.574,1087.659,5.28993988037109,5.28990173339844,5.29005241394043,0.000150680541992188,0.000156681463454535,5.28986358642578,5.29016494750977,,,,,,,,,,,,,,,0.949693997639521,0.949269086157478,0.949918959703254,0.000649873545776503,0.000660047131242173,0.948844174675434,0.950143921766987,0.2885,0.288316666666666,0.289983333333333,0.00166666666666698,0.00182787064944765,0.288133333333333,0.291466666666667,0.368416666666667,0.367175,0.370833333333334,0.00365833333333349,0.00372070035223371,0.365933333333333,0.37325,0.43307,0.429385,0.43387,0.00448499999999996,0.00478431116602309,0.4257,0.43467,-0.0297115106561822,-0.0322553312022337,-0.0171087874804133,0.0151465437218205,0.0162217434560859,-0.0347991517482853,-0.0045060643046443,0.944,0.9395,0.9455,0.00600000000000001,0.00624499799839834,0.935,0.947,2.12074280645003,2.12074280645003,2.12074280645003,0,0,2.12074280645003,2.12074280645003,,,,,,,,,,,,,,,,,,,,,,,,,,,,,,,,,,,,,,,,,,,,,,,,,,,,,,,,,,,,,,,,,,,,,,,,,,,,,,"standard","cpu4","/Users/stefano/Documents/fastEmbedR-results/fastEmbedR-results/flow18/standard/cpu4/20260727_073247_1118056","/Users/stefano/Documents/fastEmbedR-results/fastEmbedR-results/flow18/standard/cpu4/20260727_073247_1118056/benchmark_summary_median_variability.csv",TRUE
"flow18","fastEmbedR_umap_cpu_binary_full","UMAP","cpu","full_pipeline",4,4,1000021,11,30,,"float32",,3,3,"success",643.102,641.449,643.221,1.77199999999993,1.98100210331368,639.796,643.34,0.00500000000000012,0.005,0.00500000000000012,1.15359111152458e-16,1.32704928646916e-16,0.00499999999999989,0.00500000000000012,98.3,97.141,98.4485,1.3075,1.43175638058062,95.982,98.597,,,,,,,,,,,,,,,544.302,543.9555,544.567,0.611499999999978,0.613307698739635,543.609,544.832,3.67354965209961,3.67344856262207,3.67355155944824,0.000102996826171875,0.000117844718873064,3.67334747314453,3.67355346679688,,,,,,,,,,,,,,,0.966594183105716,0.966371075703929,0.967044444444444,0.000673368740515934,0.000686021207927779,0.966147968302141,0.967494705783173,0.3415,0.338666666666667,0.342316666666666,0.00364999999999999,0.0038312071398123,0.335833333333333,0.343133333333333,0.434583333333333,0.431058333333333,0.434841666666666,0.00378333333333347,0.00422736893920427,0.427533333333333,0.4351,0.50487,0.50364,0.505715,0.00207499999999994,0.00208687166192205,0.50241,0.50656,0.458990603986763,0.419134977616451,0.460239165607003,0.0411041879905515,0.0467588432267241,0.379279351246139,0.461487727227242,0.9565,0.95525,0.96175,0.00650000000000006,0.00689806736219162,0.954,0.967,,,,,,,,,,,,,,,,,,,,,,,,,,,,,,,,,,,,,,,,,,,,,,,,,,,,,,,,,,,,,,,,,,,,,,,,,,,,,,,,,,,,,"standard","cpu4","/Users/stefano/Documents/fastEmbedR-results/fastEmbedR-results/flow18/standard/cpu4/20260727_073247_1118056","/Users/stefano/Documents/fastEmbedR-results/fastEmbedR-results/flow18/standard/cpu4/20260727_073247_1118056/benchmark_summary_median_variability.csv",TRUE
"flow18","fastEmbedR_umap_cpu_binary_knn","UMAP","cpu","embedding_from_precomputed_knn",4,4,1000021,11,30,,"float32",,3,3,"success",545.762,545.025,546.013,0.987999999999943,1.02707156517936,544.288,546.264,,,,,,,,,,,,,,,,,,,,,,,,,,,,,545.762,545.025,546.013,0.987999999999943,1.02707156517936,544.288,546.264,3.88421249389648,3.88411521911621,3.88424491882324,0.00012969970703125,0.000134995735133836,3.88401794433594,3.88427734375,,,,,,,,,,,,,,,0.966569347496206,0.966396096779633,0.967064609677963,0.000668512898330476,0.000693882763731852,0.966222846063059,0.96755987185972,0.341033333333333,0.338766666666667,0.3421,0.00333333333333347,0.00340457208928109,0.3365,0.343166666666667,0.435366666666667,0.431416666666667,0.435458333333334,0.0040416666666665,0.00461490138733364,0.427466666666667,0.43555,0.50481,0.503955,0.5057,0.00174500000000011,0.00174511699703296,0.5031,0.50659,0.459959882784435,0.419570778672282,0.460335035737704,0.040764257065422,0.0468554167968976,0.379181674560129,0.460710188690973,0.957,0.9555,0.962,0.00649999999999995,0.00680685928555405,0.954,0.967,,,,,,,,,,,,,,,,,,,,,,,,,,,,,,,,,,,,,,,,,,,,,,,,,,,,,,,,,,,,,,,,,,,,,,,,,,,,,,,,,,,,,"standard","cpu4","/Users/stefano/Documents/fastEmbedR-results/fastEmbedR-results/flow18/standard/cpu4/20260727_073247_1118056","/Users/stefano/Documents/fastEmbedR-results/fastEmbedR-results/flow18/standard/cpu4/20260727_073247_1118056/benchmark_summary_median_variability.csv",TRUE
"flow18","fastEmbedR_umap_cpu_fuzzy_full","UMAP","cpu","full_pipeline",4,4,1000021,11,30,,"float32",,3,3,"success",221.333,220.2215,221.7285,1.50700000000001,1.56266897752957,219.11,222.124,0.00499999999999989,0.00449999999999995,0.005,0.000500000000000059,0.000577350269189629,0.004,0.00500000000000012,97.817,97.645,97.9445,0.299500000000009,0.300599955644265,97.473,98.072,,,,,,,,,,,,,,,123.654,122.2455,123.879,1.6335,1.77065326927662,120.837,124.104,3.67369842529297,3.67357444763184,3.67374229431152,0.0001678466796875,0.000174102382007508,3.6734504699707,3.67378616333008,,,,,,,,,,,,,,,0.963802427921093,0.963085440903727,0.966125046366549,0.00303960546282234,0.00317782191612058,0.96236845388636,0.968447664812005,0.340133333333333,0.33945,0.340683333333333,0.00123333333333298,0.00123573340046961,0.338766666666667,0.341233333333333,0.430266666666667,0.428816666666667,0.430766666666667,0.00195000000000001,0.00202566861389847,0.427366666666667,0.431266666666667,0.49915,0.498225,0.501795,0.00356999999999996,0.00370554089618956,0.4973,0.50444,0.459111331352957,0.409728613053516,0.487419056295604,0.077690443242088,0.078637502203561,0.360345894754075,0.515726781238251,0.954,0.94775,0.956,0.00824999999999998,0.00860716755578355,0.9415,0.958,,,,,,,,,,,,,,,,,,,,,,,,,,,,,,,,,,,,,,,,,,,,,,,,,,,,,,,,,,,,,,,,,,,,,,,,,,,,,,,,,,,,,"standard","cpu4","/Users/stefano/Documents/fastEmbedR-results/fastEmbedR-results/flow18/standard/cpu4/20260727_073247_1118056","/Users/stefano/Documents/fastEmbedR-results/fastEmbedR-results/flow18/standard/cpu4/20260727_073247_1118056/benchmark_summary_median_variability.csv",TRUE
"flow18","fastEmbedR_umap_cpu_fuzzy_knn","UMAP","cpu","embedding_from_precomputed_knn",4,4,1000021,11,30,,"float32",,3,3,"success",120.568,120.5025,122.12,1.61750000000001,1.83108355898905,120.437,123.672,,,,,,,,,,,,,,,,,,,,,,,,,,,,,120.568,120.5025,122.12,1.61750000000001,1.83108355898905,120.437,123.672,3.88411712646484,3.88411521911621,3.88418197631836,6.67572021484375e-05,7.6007304554639e-05,3.88411331176758,3.88424682617188,,,,,,,,,,,,,,,0.964839689765638,0.963640322036756,0.965712341932221,0.00207201989546457,0.00208058825017117,0.962440954307874,0.966584994098803,0.338366666666667,0.338033333333334,0.339183333333334,0.00114999999999998,0.00118337245631724,0.3377,0.34,0.42785,0.42705,0.42955,0.00249999999999995,0.00255342906696074,0.42625,0.43125,0.4991,0.4986,0.49986,0.00125999999999998,0.00126891029365093,0.4981,0.50062,0.457987199995424,0.390757562866307,0.493304897898913,0.102547335032605,0.104189314282557,0.323527925737191,0.528622595802401,0.9545,0.952,0.9575,0.00550000000000006,0.00550757054728611,0.9495,0.9605,,,,,,,,,,,,,,,,,,,,,,,,,,,,,,,,,,,,,,,,,,,,,,,,,,,,,,,,,,,,,,,,,,,,,,,,,,,,,,,,,,,,,"standard","cpu4","/Users/stefano/Documents/fastEmbedR-results/fastEmbedR-results/flow18/standard/cpu4/20260727_073247_1118056","/Users/stefano/Documents/fastEmbedR-results/fastEmbedR-results/flow18/standard/cpu4/20260727_073247_1118056/benchmark_summary_median_variability.csv",TRUE
"flow18","umap_package","UMAP","cpu","full_pipeline",4,4,,,30,,"standard_R_double",,1,0,"failed",,,,,,,,,,,,,,,,,,,,,,,,,,,,,,,,,,,,,,,,,,,31.5619049072266,31.5619049072266,31.5619049072266,0,0,31.5619049072266,31.5619049072266,,,,,,,,,,,,,,,,,,,,,,,,,,,,,,,,,,,,,,,,,,,,,,,,,,,,,,,,,,,,,,,,,,,,,,,,,,,,,,,,,,,,,,,,,,,,,,,,,,,,,,,,,,,,,,,,,,,,,,,,,,,,,,,,,,,,,,,,,,,,,"standard","cpu4","/Users/stefano/Documents/fastEmbedR-results/fastEmbedR-results/flow18/standard/cpu4/20260727_073247_1118056","/Users/stefano/Documents/fastEmbedR-results/fastEmbedR-results/flow18/standard/cpu4/20260727_073247_1118056/benchmark_summary_median_variability.csv",TRUE
"flow18","umap_package_knn","UMAP","cpu","embedding_from_precomputed_knn",4,4,1000021,11,30,,"standard_R_double",,3,3,"success",4648.874,4571.9375,4664.4175,92.4799999999996,99.0399778692085,4495.001,4679.961,,,,,,,,,,,,,,,,,,,,,,,,,,,,,4648.874,4571.9375,4664.4175,92.4799999999996,99.0399778692085,4495.001,4679.961,22.6489448547363,22.6485462188721,22.6496410369873,0.00109481811523438,0.0011082138735499,22.6481475830078,22.6503372192383,,,,,,,,,,,,,,,0.965737059517788,0.965384176361491,0.965886359804418,0.000502183442926962,0.000515755308866634,0.965031293205193,0.966035660091047,0.3328,0.33,0.3357,0.00570000000000004,0.00570029239016153,0.3272,0.3386,0.424466666666667,0.42375,0.427325,0.00357499999999999,0.00378279487112849,0.423033333333333,0.430183333333333,0.49731,0.497305,0.500305,0.003,0.00346121847523863,0.4973,0.5033,0.364761960022303,0.351030351558438,0.376845646130834,0.025815294572396,0.0258328211755765,0.337298743094573,0.388929332239365,0.9555,0.95425,0.9605,0.00624999999999998,0.0066143782776615,0.953,0.9655,,,,,,,,,,,,,,,,,,,,,,,,,,,,,,,,,,,,,,,,,,,,,,,,,,,,,,,,,,,,,,,,,,,,,,,,,,,,,,,,,,,,,"standard","cpu4","/Users/stefano/Documents/fastEmbedR-results/fastEmbedR-results/flow18/standard/cpu4/20260727_073247_1118056","/Users/stefano/Documents/fastEmbedR-results/fastEmbedR-results/flow18/standard/cpu4/20260727_073247_1118056/benchmark_summary_median_variability.csv",TRUE
"flow18","uwot_default","UMAP","cpu","full_pipeline",4,4,1000021,11,30,,"standard_R_double",,3,3,"success",1007.355,1005.926,1007.9715,2.04550000000006,2.0986000889482,1004.497,1008.588,,,,,,,,,,,,,,,,,,,,,,,,,,,,,,,,,,,,6.57609558105469,6.57598495483398,6.57612419128418,0.000139236450195312,0.000147068000148784,6.57587432861328,6.57615280151367,,,,,,,,,,,,,,,0.966804333164728,0.96650788231327,0.966915950092733,0.00040806777946345,0.00042179043657882,0.966211431461811,0.967027567020738,0.3377,0.335983333333334,0.337966666666667,0.001983333333333,0.00215277598566203,0.334266666666667,0.338233333333333,0.4281,0.42625,0.429866666666667,0.00361666666666649,0.00361698667299056,0.4244,0.431633333333333,0.50236,0.501515,0.50246,0.000945000000000085,0.00103828384044702,0.50067,0.50256,0.395962492494917,0.386079820461404,0.412285755543143,0.026205935081738,0.0264684360017966,0.376197148427892,0.428609018591368,0.9535,0.95225,0.95725,0.00499999999999989,0.00520416499866533,0.951,0.961,,,,,,,,,,,,,,,,,,,,,,,,,,,,,,,,,,,,,,,,,,,,,,,,,,,,,,,,,,,,,,,,,,,,,,,,,,,,,,,,,,,,,"standard","cpu4","/Users/stefano/Documents/fastEmbedR-results/fastEmbedR-results/flow18/standard/cpu4/20260727_073247_1118056","/Users/stefano/Documents/fastEmbedR-results/fastEmbedR-results/flow18/standard/cpu4/20260727_073247_1118056/benchmark_summary_median_variability.csv",TRUE
"flow18","uwot_fast_sgd","UMAP","cpu","full_pipeline",4,4,1000021,11,30,,"standard_R_double",,3,3,"success",689.098,688.1915,690.1035,1.91200000000003,1.91285415021641,687.285,691.109,,,,,,,,,,,,,,,,,,,,,,,,,,,,,,,,,,,,6.57584762573242,6.57581901550293,6.57586860656738,4.9591064453125e-05,4.97863056194354e-05,6.57579040527344,6.57588958740234,,,,,,,,,,,,,,,0.967804232001349,0.966330323722812,0.968697302309897,0.00236697858708457,0.00239061607419023,0.964856415444276,0.969590372618445,0.3372,0.336066666666667,0.338966666666667,0.00290000000000001,0.00292296146120736,0.334933333333333,0.340733333333333,0.429433333333333,0.4286,0.430483333333333,0.00188333333333301,0.00188748313703496,0.427766666666667,0.431533333333333,0.50139,0.501155,0.50248,0.00132500000000002,0.00141396605334071,0.50092,0.50357,0.404394057162836,0.399691154564672,0.418644584206737,0.018953429642065,0.0197387488471024,0.394988251966508,0.432895111250638,0.9545,0.9535,0.96025,0.00675000000000003,0.00728583099813144,0.9525,0.966,,,,,,,,,,,,,,,,,,,,,,,,,,,,,,,,,,,,,,,,,,,,,,,,,,,,,,,,,,,,,,,,,,,,,,,,,,,,,,,,,,,,,"standard","cpu4","/Users/stefano/Documents/fastEmbedR-results/fastEmbedR-results/flow18/standard/cpu4/20260727_073247_1118056","/Users/stefano/Documents/fastEmbedR-results/fastEmbedR-results/flow18/standard/cpu4/20260727_073247_1118056/benchmark_summary_median_variability.csv",TRUE
"flow18","uwot_knn","UMAP","cpu","embedding_from_precomputed_knn",4,4,1000021,11,30,,"standard_R_double",,3,3,"success",368.579,368.257,368.822,0.564999999999998,0.566838013310091,367.935,369.065,,,,,,,,,,,,,,,,,,,,,,,,,,,,,368.579,368.257,368.822,0.564999999999998,0.566838013310091,367.935,369.065,6.2722053527832,6.27215957641602,6.27231597900391,0.000156402587890625,0.000160821652768579,6.27211380004883,6.27242660522461,,,,,,,,,,,,,,,0.966162485247007,0.965979910639015,0.96647462485247,0.000494714213455039,0.00050033773511926,0.965797336031023,0.966786764457933,0.333266666666667,0.331,0.3367,0.00570000000000004,0.00573966059133319,0.328733333333333,0.340133333333333,0.426316666666667,0.424875,0.429141666666667,0.00426666666666697,0.00434077352724343,0.423433333333333,0.431966666666667,0.49839,0.498165,0.502325,0.00416000000000005,0.00467906329657268,0.49794,0.50626,0.400433647094337,0.38831311461072,0.414409378925098,0.026096264314378,0.0261182362735011,0.376192582127103,0.428385110755859,0.9525,0.95225,0.95825,0.00600000000000001,0.00678847061813876,0.952,0.964,,,,,,,,,,,,,,,,,,,,,,,,,,,,,,,,,,,,,,,,,,,,,,,,,,,,,,,,,,,,,,,,,,,,,,,,,,,,,,,,,,,,,"standard","cpu4","/Users/stefano/Documents/fastEmbedR-results/fastEmbedR-results/flow18/standard/cpu4/20260727_073247_1118056","/Users/stefano/Documents/fastEmbedR-results/fastEmbedR-results/flow18/standard/cpu4/20260727_073247_1118056/benchmark_summary_median_variability.csv",TRUE
"flow18","fastEmbedR_pca_cuda","PCA","cuda","pca_only",1,,1000021,11,,,"float32",,3,3,"success",1.473,1.469,1.483,0.014,0.014422205101856,1.465,1.493,,,,,,,,,,,,,,,1.473,1.469,1.483,0.014,0.014422205101856,1.465,1.493,,,,,,,,,,,,,,,0.766506195068359,0.765510559082031,0.77015495300293,0.00464439392089844,0.00489047512176065,0.764514923095703,0.7738037109375,3,3,3,0,0,3,3,3,3,3,0,0,3,3,,,,,,,,,,,,,,,,,,,,,,,,,,,,,,,,,,,,,,,,,,,,,,,,,,,,,,,,,,,,,,,,,,,,,,,,,,,,,,,,,,,,,,,,,,,,,,,,,,,,,,,,,,,,,,,,,,,,,,,,,,,,,,,"standard","cuda","/Users/stefano/Documents/fastEmbedR-results/fastEmbedR-results/flow18/standard/cuda/20260727_090233_1118067","/Users/stefano/Documents/fastEmbedR-results/fastEmbedR-results/flow18/standard/cuda/20260727_090233_1118067/benchmark_summary_median_variability.csv",TRUE
"flow18","fastEmbedR_tsne_cuda_full","t-SNE","cuda","full_pipeline",1,,1000021,11,,30,"float32",,3,3,"success",5.389,5.3865,5.4735,0.0869999999999997,0.0990471268302785,5.384,5.558,0.0109999999999999,0.0105,0.0109999999999999,0.00049999999999995,0.000577350269189568,0.01,0.0109999999999999,1.008,1.0055,1.047,0.0415000000000001,0.046543886100468,1.003,1.086,,,,,,,,,,,,,,,4.125,4.122,4.165,0.0430000000000001,0.0480138868800824,4.119,4.205,0.947219848632812,0.935674667358398,0.947341918945312,0.0116672515869141,0.0134022602922697,0.924129486083984,0.947463989257812,1299,1298,1305,7,7.57187779440036,1297,1311,1299,1298,1305,7,7.57187779440036,1297,1311,0.976991991232507,0.9766875569044,0.978080534479852,0.00139297757545109,0.0014646940948376,0.976383122576294,0.979169077727196,0.401166666666667,0.3962,0.401533333333334,0.00533333333333352,0.00595800115624201,0.391233333333333,0.4019,0.442433333333333,0.439966666666667,0.442616666666667,0.00265000000000004,0.00295979228500412,0.4375,0.4428,0.48269,0.481715,0.48283,0.00111499999999998,0.00121475649137321,0.48074,0.48297,0.0728508090192305,0.0683283211928469,0.0810159665979101,0.0126876454050632,0.0128607682598171,0.0638058333664634,0.0891811241765898,0.955,0.9535,0.95875,0.00524999999999998,0.00540832691319602,0.952,0.9625,1.99605230228066,1.99590613636571,1.99672111786019,0.00081498149448489,0.000869050666138991,1.99575997045076,1.99738993343973,,,,,,,,,,,,,,,,,,,,,,,,,,,,,,,,,,,,,,,,,,,,,,,,,,,,,,,,,,,,,,,,,,,,,,,,,,,,,,"standard","cuda","/Users/stefano/Documents/fastEmbedR-results/fastEmbedR-results/flow18/standard/cuda/20260727_090233_1118067","/Users/stefano/Documents/fastEmbedR-results/fastEmbedR-results/flow18/standard/cuda/20260727_090233_1118067/benchmark_summary_median_variability.csv",TRUE
"flow18","fastEmbedR_tsne_cuda_knn","t-SNE","cuda","embedding_from_precomputed_knn",1,,1000021,11,,30,"float32",,3,3,"success",4.584,4.58,4.588,0.00799999999999912,0.00800000000000001,4.576,4.592,,,,,,,,,,,,,,,,,,,,,,,,,,,,,4.584,4.58,4.588,0.00799999999999912,0.00800000000000001,4.576,4.592,1.30478286743164,1.30465698242188,1.30562019348145,0.000963211059570312,0.00104713497845113,1.30453109741211,1.30645751953125,1123,1123,1123,0,0,1123,1123,1123,1123,1123,0,0,1123,1123,0.977281554543922,0.977207907604114,0.978104510200641,0.000896602596526908,0.000995515310703597,0.977134260664306,0.97892746585736,0.402633333333333,0.398733333333333,0.4034,0.00466666666666699,0.00500503450241584,0.394833333333333,0.404166666666667,0.442916666666667,0.440383333333334,0.443408333333334,0.003025,0.00324655087632907,0.43785,0.4439,0.48406,0.482245,0.484255,0.00200999999999996,0.00221695737442106,0.48043,0.48445,0.0747027241382044,0.068026632114642,0.0834336538047822,0.0154070216901401,0.015452629871325,0.0613505400910797,0.0921645834713599,0.9545,0.95375,0.9595,0.00575000000000003,0.00625166644450371,0.953,0.9645,1.99439670198815,1.99402834582079,1.99453638277723,0.000508036956449853,0.000524911762740052,1.99365998965342,1.99467606356632,,,,,,,,,,,,,,,,,,,,,,,,,,,,,,,,,,,,,,,,,,,,,,,,,,,,,,,,,,,,,,,,,,,,,,,,,,,,,,"standard","cuda","/Users/stefano/Documents/fastEmbedR-results/fastEmbedR-results/flow18/standard/cuda/20260727_090233_1118067","/Users/stefano/Documents/fastEmbedR-results/fastEmbedR-results/flow18/standard/cuda/20260727_090233_1118067/benchmark_summary_median_variability.csv",TRUE
"flow18","rapids_cuml_tsne_full","t-SNE","cuda","full_pipeline",1,,1000021,11,,30,"standard_R_double",,3,3,"success",37.736,37.668,38.8555,1.1875,1.33368174614486,37.6,39.975,,,,,,,,,,,,,,,,,,,,,,,,,,,,,,,,,,,,1.50972747802734,1.49982452392578,1.5236988067627,0.0238742828369141,0.0239895519972881,1.48992156982422,1.53767013549805,2317,2317,2317,0,0,2317,2317,2317,2317,2317,0,0,2317,2317,0.975533198448828,0.975205926487944,0.975965368403305,0.000759441915360037,0.000761852929262323,0.974878654527061,0.976397538357781,0.4027,0.398916666666666,0.403,0.00408333333333355,0.0045517192519036,0.395133333333333,0.4033,0.448433333333333,0.44385,0.448608333333333,0.00475833333333298,0.00539625212874943,0.439266666666667,0.448783333333333,0.48895,0.484635,0.489555,0.00491999999999992,0.0053660444773905,0.48032,0.49016,0.0156756702329376,0.0025936390815868,0.0307160916023434,0.0281224525207566,0.0281451730591754,-0.010488392069764,0.0457565129717492,0.9545,0.95225,0.9575,0.00524999999999998,0.0052678268764264,0.95,0.9605,2.00666012827756,2.00580169505234,2.01043513622751,0.00463344117516984,0.00492993372153618,2.00494326182712,2.01421014417746,,,,,,,,,,,,,,,,,,,,,,,,,,,,,,,,,,,,,,,,,,,,,,,,,,,,,,,,,,,,,,,,,,,,,,,,,,,,,,"standard","cuda","/Users/stefano/Documents/fastEmbedR-results/fastEmbedR-results/flow18/standard/cuda/20260727_090233_1118067","/Users/stefano/Documents/fastEmbedR-results/fastEmbedR-results/flow18/standard/cuda/20260727_090233_1118067/benchmark_summary_median_variability.csv",TRUE
"flow18","fastEmbedR_umap_cuda_binary_full","UMAP","cuda","full_pipeline",1,,1000021,11,30,,"float32",,3,3,"success",2.574,2.571,2.5755,0.00450000000000017,0.00458257569495577,2.568,2.577,0.0150000000000001,0.0135000000000001,0.0150000000000001,0.00150000000000005,0.00173205080756893,0.012,0.0150000000000001,1,0.999,1.004,0.005,0.00529150262212919,0.998,1.008,,,,,,,,,,,,,,,1.317,1.3165,1.321,0.00449999999999995,0.00493288286231621,1.316,1.325,0.897720336914062,0.89769172668457,0.898597717285156,0.000905990600585938,0.00103002712882146,0.897663116455078,0.89947509765625,2927,2927,2927,0,0,2927,2927,2927,2927,2927,0,0,2927,2927,0.968832389141797,0.966710478839993,0.969732186815039,0.00302170797504653,0.00310299406682583,0.964588568538189,0.970631984488282,0.338366666666667,0.33695,0.345516666666667,0.00856666666666706,0.0091839433150918,0.335533333333333,0.352666666666667,0.430416666666667,0.429991666666667,0.436875,0.00688333333333302,0.007714530541872,0.429566666666667,0.443333333333333,0.50398,0.502355,0.509405,0.00705,0.00738348382088926,0.50073,0.51483,0.420748893443704,0.39864376033645,0.431707053536208,0.0330632931997585,0.0336838194540106,0.376538627229196,0.442665213628713,0.9525,0.95175,0.9575,0.00575000000000003,0.00625166644450371,0.951,0.9625,,,,,,,,,,,,,,,,,,,,,,,,,,,,,,,,,,,,,,,,,,,,,,,,,,,,,,,,,,,,,,,,,,,,,,,,,,,,,,,,,,,,,"standard","cuda","/Users/stefano/Documents/fastEmbedR-results/fastEmbedR-results/flow18/standard/cuda/20260727_090233_1118067","/Users/stefano/Documents/fastEmbedR-results/fastEmbedR-results/flow18/standard/cuda/20260727_090233_1118067/benchmark_summary_median_variability.csv",TRUE
"flow18","fastEmbedR_umap_cuda_binary_knn","UMAP","cuda","embedding_from_precomputed_knn",1,,1000021,11,30,,"float32",,3,3,"success",24.087,24.061,24.0975,0.0365000000000002,0.0375810235801706,24.035,24.108,,,,,,,,,,,,,,,,,,,,,,,,,,,,,24.087,24.061,24.0975,0.0365000000000002,0.0375810235801706,24.035,24.108,3.87900543212891,3.87897872924805,3.8790168762207,3.814697265625e-05,3.91510119586707e-05,3.87895202636719,3.8790283203125,1101,1101,1101,0,0,1101,1101,1101,1101,1101,0,0,1101,1101,0.965303844208397,0.964838163884674,0.966063935255438,0.00122577137076407,0.001237500711671,0.964372483560951,0.966824026302479,0.330766666666667,0.33025,0.333933333333334,0.00368333333333354,0.00398845556296898,0.329733333333333,0.3371,0.423283333333333,0.421116666666666,0.425041666666667,0.00392500000000007,0.0039320737154463,0.41895,0.4268,0.49459,0.49418,0.496335,0.00215500000000002,0.00228868958139808,0.49377,0.49808,0.42843971115017,0.40217122721189,0.440317227866652,0.0381460006547615,0.0390403724172727,0.375902743273611,0.452194744583134,0.954,0.95125,0.958,0.00675000000000003,0.00678847061813875,0.9485,0.962,,,,,,,,,,,,,,,,,,,,,,,,,,,,,,,,,,,,,,,,,,,,,,,,,,,,,,,,,,,,,,,,,,,,,,,,,,,,,,,,,,,,,"standard","cuda","/Users/stefano/Documents/fastEmbedR-results/fastEmbedR-results/flow18/standard/cuda/20260727_090233_1118067","/Users/stefano/Documents/fastEmbedR-results/fastEmbedR-results/flow18/standard/cuda/20260727_090233_1118067/benchmark_summary_median_variability.csv",TRUE
"flow18","fastEmbedR_umap_cuda_fuzzy_full","UMAP","cuda","full_pipeline",1,,1000021,11,30,,"float32",,3,3,"success",1.763,1.7575,1.7765,0.0190000000000001,0.01955334583475,1.752,1.79,0.01,0.01,0.0105000000000001,0.000500000000000051,0.000577350269189683,0.01,0.0110000000000001,1.012,1.0115,1.025,0.0135000000000001,0.0153079500042734,1.011,1.038,,,,,,,,,,,,,,,0.502,0.502,0.5085,0.00649999999999995,0.00750555349946514,0.502,0.515,0.897789001464844,0.897659301757812,0.89857292175293,0.000913619995117188,0.000988620091357869,0.897529602050781,0.899356842041016,2927,2926,2927,1,1.15470053837925,2925,2927,2927,2926,2927,1,1.15470053837925,2925,2927,0.964708430281571,0.963442749957849,0.96526754341595,0.00182479345810149,0.00186983516985205,0.962177069634126,0.965826656550329,0.331233333333333,0.329233333333333,0.336983333333333,0.00774999999999998,0.00804673846971555,0.327233333333333,0.342733333333333,0.423066666666667,0.422866666666667,0.425825,0.00295833333333301,0.00330657313935792,0.422666666666667,0.428583333333333,0.49776,0.495715,0.498065,0.00234999999999996,0.00255571907689401,0.49367,0.49837,0.396754670167413,0.391425305299584,0.443675779423743,0.0522504741241595,0.0575042298150804,0.386095940431754,0.490596888680073,0.9505,0.9505,0.95725,0.00674999999999992,0.00779422863405992,0.9505,0.964,,,,,,,,,,,,,,,,,,,,,,,,,,,,,,,,,,,,,,,,,,,,,,,,,,,,,,,,,,,,,,,,,,,,,,,,,,,,,,,,,,,,,"standard","cuda","/Users/stefano/Documents/fastEmbedR-results/fastEmbedR-results/flow18/standard/cuda/20260727_090233_1118067","/Users/stefano/Documents/fastEmbedR-results/fastEmbedR-results/flow18/standard/cuda/20260727_090233_1118067/benchmark_summary_median_variability.csv",TRUE
"flow18","fastEmbedR_umap_cuda_fuzzy_knn","UMAP","cuda","embedding_from_precomputed_knn",1,,1000021,11,30,,"float32",,3,3,"success",33.341,33.2915,33.4605,0.168999999999997,0.17376516720371,33.242,33.58,,,,,,,,,,,,,,,,,,,,,,,,,,,,,33.341,33.2915,33.4605,0.168999999999997,0.17376516720371,33.242,33.58,3.53550720214844,3.53540229797363,3.53556251525879,0.00016021728515625,0.000162755449537142,3.53529739379883,3.53561782836914,1101,1101,1101,0,0,1101,1101,1101,1101,1101,0,0,1101,1101,0.963420080930703,0.962825990558084,0.964199544764795,0.00137355420671048,0.00137771753231384,0.962231900185466,0.964979008598887,0.332666666666667,0.33135,0.334183333333333,0.00283333333333347,0.00283568529832066,0.330033333333333,0.3357,0.425483333333333,0.42365,0.4258,0.00214999999999999,0.0023214778179553,0.421816666666667,0.426116666666667,0.49786,0.49666,0.49817,0.00151000000000001,0.00159503395993104,0.49546,0.49848,0.427947910992521,0.381497319863745,0.435150704315807,0.0536533844520615,0.0582421571889375,0.33504672873497,0.442353497639093,0.9515,0.9485,0.95725,0.00874999999999992,0.00889288104796938,0.9455,0.963,,,,,,,,,,,,,,,,,,,,,,,,,,,,,,,,,,,,,,,,,,,,,,,,,,,,,,,,,,,,,,,,,,,,,,,,,,,,,,,,,,,,,"standard","cuda","/Users/stefano/Documents/fastEmbedR-results/fastEmbedR-results/flow18/standard/cuda/20260727_090233_1118067","/Users/stefano/Documents/fastEmbedR-results/fastEmbedR-results/flow18/standard/cuda/20260727_090233_1118067/benchmark_summary_median_variability.csv",TRUE
"flow18","rapids_cuml_umap_full","UMAP","cuda","full_pipeline",1,,1000021,11,30,,"standard_R_double",,3,3,"success",12.743,12.6105,12.803,0.192500000000001,0.196998307945356,12.478,12.863,,,,,,,,,,,,,,,,,,,,,,,,,,,,,,,,,,,,2.09354782104492,2.0836181640625,2.27715682983398,0.193538665771484,0.217972599722835,2.07368850708008,2.46076583862305,1791,1791,1882,91,105.077748992512,1791,1973,1791,1791,1882,91,105.077748992512,1791,1973,0.964152891586579,0.9641149131681,0.96453191704603,0.000417003877929645,0.000461154271648948,0.964076934749621,0.96491094250548,0.332133333333333,0.327616666666667,0.333383333333333,0.00576666666666653,0.00606724661452617,0.3231,0.334633333333333,0.421633333333333,0.419083333333333,0.42425,0.00516666666666699,0.00516681003385353,0.416533333333333,0.426866666666667,0.4939,0.493215,0.49669,0.00347499999999995,0.00368139013598575,0.49253,0.49948,0.340349990975236,0.337871769855948,0.362885430384253,0.0250136605283046,0.0275641170400797,0.335393548736661,0.38542086979327,0.955,0.95425,0.95925,0.00499999999999989,0.0053928965624545,0.9535,0.9635,,,,,,,,,,,,,,,,,,,,,,,,,,,,,,,,,,,,,,,,,,,,,,,,,,,,,,,,,,,,,,,,,,,,,,,,,,,,,,,,,,,,,"standard","cuda","/Users/stefano/Documents/fastEmbedR-results/fastEmbedR-results/flow18/standard/cuda/20260727_090233_1118067","/Users/stefano/Documents/fastEmbedR-results/fastEmbedR-results/flow18/standard/cuda/20260727_090233_1118067/benchmark_summary_median_variability.csv",TRUE
"imagenet","fastEmbedR_pca_cpu","PCA","cpu","pca_only",1,1,1281167,1024,,,"float32",,3,3,"success",32.037,31.855,32.06,0.205000000000005,0.224615226554212,31.673,32.083,,,,,,,,,,,,,,,32.037,31.855,32.06,0.205000000000005,0.224615226554212,31.673,32.083,,,,,,,,,,,,,,,29.8937530517578,29.8936214447021,29.8938217163086,0.000200271606452418,0.000203541894105068,29.8934898376465,29.8938903808594,,,,,,,,,,,,,,,,,,,,,,,,,,,,,,,,,,,,,,,,,,,,,,,,,,,,,,,,,,,,,,,,,,,,,,,,,,,,,,,,,,,,,,,,,,,,,,,,,,,,,,,,,,,,,,,,,,,,,,,,,,,,,,,,,,,,,,,,,,,,,"standard","cpu1","/Users/stefano/Documents/fastEmbedR-results/fastEmbedR-results/imagenet/standard/cpu1/20260727_073247_1118047","/Users/stefano/Documents/fastEmbedR-results/fastEmbedR-results/imagenet/standard/cpu1/20260727_073247_1118047/benchmark_runs_checkpoint.csv",FALSE
"imagenet","irlba_pca","PCA","cpu","pca_only",1,1,1281167,1024,,,"standard_R_double",,3,3,"success",24.814,24.8085,24.824,0.0154999999999959,0.0157162336455011,24.803,24.834,,,,,,,,,,,,,,,24.814,24.8085,24.824,0.0154999999999959,0.0157162336455011,24.803,24.834,,,,,,,,,,,,,,,28.1854705810547,28.1715106964112,28.2499618530274,0.0784511566162003,0.0837002051543923,28.1575508117676,28.314453125,,,,,,,,,,,,,,,,,,,,,,,,,,,,,,,,,,,,,,,,,,,,,,,,,,,,,,,,,,,,,,,,,,,,,,,,,,,,,,,,,,,,,,,,,,,,,,,,,,,,,,,,,,,,,,,,,,,,,,,,,,,,,,,,,,,,,,,,,,,,,"standard","cpu1","/Users/stefano/Documents/fastEmbedR-results/fastEmbedR-results/imagenet/standard/cpu1/20260727_073247_1118047","/Users/stefano/Documents/fastEmbedR-results/fastEmbedR-results/imagenet/standard/cpu1/20260727_073247_1118047/benchmark_runs_checkpoint.csv",FALSE
"imagenet","fastEmbedR_umap_cpu_binary_full","UMAP","cpu","full_pipeline",1,1,1281167,1024,30,,"float32",,2,2,"partial",3354.758,3350.6535,3358.8625,8.20899999999983,11.6092791335208,3346.549,3362.967,0.202,0.2015,0.2025,0.000999999999999002,0.00141421356237166,0.201000000000001,0.202999999999999,813.1385,813.02625,813.25075,0.224499999999807,0.317490944752809,812.914,813.363,,,,,,,,,,,,,,,2541.158,2537.1675,2545.1485,7.98099999999977,11.2868384412997,2533.177,2549.139,11.133903503418,11.1338901519775,11.1339168548584,2.67028808504932e-05,3.77635762519442e-05,11.1338768005371,11.1339302062988,,,,,,,,,,,,,,,0.627778250276855,0.624585293466223,0.630971207087486,0.00638591362126251,0.00903104565133252,0.621392336655592,0.634164163898117,0.152906666666667,0.148826666666667,0.156986666666667,0.00816,0.0115399826689645,0.144746666666667,0.161066666666667,0.145146666666667,0.141266666666667,0.149026666666667,0.00776000000000002,0.0109742972440152,0.137386666666667,0.152906666666667,0.161328,0.156664,0.165992,0.009328,0.0131917841098162,0.152,0.170656,0.570038017833176,0.549179189146334,0.590896846520018,0.041717657373684,0.0589976768482979,0.528320360459492,0.61175567520686,0.0344,0.0284,0.0404,0.012,0.0169705627484771,0.0224,0.0464,,,,,,,,,,,,,,,,,,,,,,,,,,,,,,,,,,,,,,,,,,,,,,,,,,,,,,,,,,,,,,,,,,,,,,,,,,,,,,,,,,,,,"standard","cpu1","/Users/stefano/Documents/fastEmbedR-results/fastEmbedR-results/imagenet/standard/cpu1/20260727_073247_1118047","/Users/stefano/Documents/fastEmbedR-results/fastEmbedR-results/imagenet/standard/cpu1/20260727_073247_1118047/benchmark_runs_checkpoint.csv",FALSE
"imagenet","fastEmbedR_umap_cpu_fuzzy_full","UMAP","cpu","full_pipeline",1,1,1281167,1024,30,,"float32",,3,3,"success",1354.984,1337.34,1384.398,47.058,47.5461144293972,1319.696,1413.812,0.217000000000002,0.209000000000002,0.22,0.010999999999999,0.011372481406154,0.201000000000001,0.222999999999999,810.922,809.631,811.458,1.827,1.87828041924877,808.34,811.994,,,,,,,,,,,,,,,542.513,526.7055,572.468,45.7625,46.4857360739112,510.898,602.423,11.1339492797852,11.1339473724366,11.134033203125,8.58306884499171e-05,9.80260918386435e-05,11.1339454650879,11.1341171264648,,,,,,,,,,,,,,,0.585939136212625,0.585919911406423,0.589781262458472,0.00386135105204899,0.00444764624113023,0.585900686600221,0.593623388704319,0.110933333333333,0.108906666666666,0.11392,0.00501333333333349,0.00504387857814927,0.10688,0.116906666666667,0.10704,0.105946666666666,0.109893333333333,0.003946666666667,0.00407537864634855,0.104853333333333,0.112746666666667,0.1264,0.123424,0.128864,0.00544,0.00544802545270608,0.120448,0.131328,0.559154765549351,0.524681944087757,0.564620186415423,0.0399382423276655,0.0433075008513888,0.490209122626163,0.570085607281494,0.024,0.0192,0.0256,0.0064,0.00666133119829162,0.0144,0.0272,,,,,,,,,,,,,,,,,,,,,,,,,,,,,,,,,,,,,,,,,,,,,,,,,,,,,,,,,,,,,,,,,,,,,,,,,,,,,,,,,,,,,"standard","cpu1","/Users/stefano/Documents/fastEmbedR-results/fastEmbedR-results/imagenet/standard/cpu1/20260727_073247_1118047","/Users/stefano/Documents/fastEmbedR-results/fastEmbedR-results/imagenet/standard/cpu1/20260727_073247_1118047/benchmark_runs_checkpoint.csv",FALSE
"imagenet","fastEmbedR_umap_cpu_fuzzy_knn","UMAP","cpu","embedding_from_precomputed_knn",1,1,1281167,1024,30,,"float32",,3,3,"success",526.583,520.359,572.4305,52.0715,56.8751412862714,514.135,618.278,,,,,,,,,,,,,,,,,,,,,,,,,,,,,526.583,520.359,572.4305,52.0715,56.8751412862714,514.135,618.278,10.6374969482422,10.6373291015625,10.6375064849853,0.000177383422849786,0.000199546713090953,10.6371612548828,10.6375160217285,,,,,,,,,,,,,,,0.585939136212625,0.585919911406423,0.589781262458472,0.00386135105204899,0.00444764624113023,0.585900686600221,0.593623388704319,0.110933333333333,0.108906666666666,0.11392,0.00501333333333349,0.00504387857814927,0.10688,0.116906666666667,0.10704,0.105946666666666,0.109893333333333,0.003946666666667,0.00407537864634855,0.104853333333333,0.112746666666667,0.1264,0.123424,0.128864,0.00544,0.00544802545270608,0.120448,0.131328,0.559154765549351,0.524681944087757,0.564620186415423,0.0399382423276655,0.0433075008513888,0.490209122626163,0.570085607281494,0.024,0.0192,0.0256,0.0064,0.00666133119829162,0.0144,0.0272,,,,,,,,,,,,,,,,,,,,,,,,,,,,,,,,,,,,,,,,,,,,,,,,,,,,,,,,,,,,,,,,,,,,,,,,,,,,,,,,,,,,,"standard","cpu1","/Users/stefano/Documents/fastEmbedR-results/fastEmbedR-results/imagenet/standard/cpu1/20260727_073247_1118047","/Users/stefano/Documents/fastEmbedR-results/fastEmbedR-results/imagenet/standard/cpu1/20260727_073247_1118047/benchmark_runs_checkpoint.csv",FALSE
"imagenet","KlugerLab_FItSNE","t-SNE","cpu","full_pipeline",1,1,1281167,1024,,30,"standard_R_double",,3,3,"success",4743.306,4704.5255,4798.4215,93.8960000000006,94.3684422410375,4665.745,4853.537,,,,,,,,,,,,,,,,,,,,,,,,,,,,,,,,,,,,74.118335723877,74.1153030395508,74.1316623687744,0.016359329223647,0.017405445337463,74.1122703552246,74.1449890136719,,,,,,,,,,,,,,,0.684152026578073,0.684031716500553,0.685788527131783,0.00175681063122946,0.00196281976945528,0.683911406423034,0.687425027685493,0.190613333333333,0.190506666666666,0.190773333333333,0.000266666666666526,0.000268438557698361,0.1904,0.190933333333333,0.187626666666667,0.185546666666667,0.187786666666667,0.00223999999999999,0.00249927989629013,0.183466666666667,0.187946666666667,0.206144,0.2032,0.206672,0.003472,0.00374172010355309,0.200256,0.2072,0.602358234645194,0.591988378892781,0.628172401947384,0.036184023054603,0.0372665056607794,0.581618523140368,0.653986569249574,0.0352,0.0344,0.0392,0.0048,0.00514328040586291,0.0336,0.0432,3.77396945961551,3.77335258456629,3.7813205069948,0.0079679224285103,0.00886589797015029,3.77273570951707,3.78867155437409,,,,,,,,,,,,,,,,,,,,,,,,,,,,,,,,,,,,,,,,,,,,,,,,,,,,,,,,,,,,,,,,,,,,,,,,,,,,,,"standard","cpu1","/Users/stefano/Documents/fastEmbedR-results/fastEmbedR-results/imagenet/standard/cpu1/20260727_073247_1118047","/Users/stefano/Documents/fastEmbedR-results/fastEmbedR-results/imagenet/standard/cpu1/20260727_073247_1118047/benchmark_runs_checkpoint.csv",FALSE
"imagenet","Rtsne_full","t-SNE","cpu","full_pipeline",1,1,,,,30,"standard_R_double",,3,0,"timeout",,,,,,,,,,,,,,,,,,,,,,,,,,,,,,,,,,,,,,,,,,,,,,,,,,,,,,,,,,,,,,,,,,,,,,,,,,,,,,,,,,,,,,,,,,,,,,,,,,,,,,,,,,,,,,,,,,,,,,,,,,,,,,,,,,,,,,,,,,,,,,,,,,,,,,,,,,,,,,,,,,,,,,,,,,,,,,,,,,,,,,,,,,,,,,"standard","cpu1","/Users/stefano/Documents/fastEmbedR-results/fastEmbedR-results/imagenet/standard/cpu1/20260727_073247_1118047","/Users/stefano/Documents/fastEmbedR-results/fastEmbedR-results/imagenet/standard/cpu1/20260727_073247_1118047/benchmark_runs_checkpoint.csv",FALSE
"imagenet","Rtsne_neighbors","t-SNE","cpu","embedding_from_precomputed_knn",1,1,1281167,1024,,30,"standard_R_double",,3,3,"success",2939.043,2784.2465,3009.3465,225.1,230.325202738071,2629.45,3079.65,,,,,,,,,,,,,,,,,,,,,,,,,,,,,2939.043,2784.2465,3009.3465,225.1,230.325202738071,2629.45,3079.65,27.277904510498,27.2778968811035,27.2779521942139,5.53131103515625e-05,5.99526735268692e-05,27.277889251709,27.2779998779297,,,,,,,,,,,,,,,0.608200753045404,0.606832868217054,0.616222547065338,0.00938967884828346,0.0101451583551227,0.605464983388704,0.624244341085271,0.107093333333333,0.103786666666666,0.108533333333333,0.00474666666666651,0.00486747634056131,0.10048,0.109973333333333,0.126826666666667,0.124133333333334,0.12904,0.00490666666666648,0.00491448652229063,0.12144,0.131253333333333,0.16384,0.159376,0.164432,0.005056,0.00552816401107397,0.154912,0.165024,0.369132288553874,0.362010038129486,0.393005775147026,0.03099573701754,0.0324695295775552,0.354887787705098,0.416879261740178,0.0384,0.0384,0.0416,0.0032,0.00369504172281361,0.0384,0.0448,3.67009743274116,3.67009743274116,3.67009743274116,0,0,3.67009743274116,3.67009743274116,,,,,,,,,,,,,,,,,,,,,,,,,,,,,,,,,,,,,,,,,,,,,,,,,,,,,,,,,,,,,,,,,,,,,,,,,,,,,,"standard","cpu1","/Users/stefano/Documents/fastEmbedR-results/fastEmbedR-results/imagenet/standard/cpu1/20260727_073247_1118047","/Users/stefano/Documents/fastEmbedR-results/fastEmbedR-results/imagenet/standard/cpu1/20260727_073247_1118047/benchmark_runs_checkpoint.csv",FALSE
"imagenet","fastEmbedR_tsne_cpu_full","t-SNE","cpu","full_pipeline",1,1,1281167,1024,,30,"float32",,3,3,"success",1059.228,1057.033,1061.615,4.58200000000011,4.58334070302437,1054.838,1064.002,0.214000000000002,0.213500000000001,0.214000000000002,0.0005000000000005,0.000577350269190203,0.213000000000001,0.214000000000002,787.121,785.2035,789.6845,4.48100000000011,4.49649489417411,783.286,792.248,,,,,,,,,,,,,,,239.065,239.038,239.2475,0.209499999999991,0.227926157632984,239.011,239.43,30.4627914428711,30.4626846313476,30.4629020690918,0.000217437744151283,0.000217448897948909,30.4625778198242,30.4630126953125,,,,,,,,,,,,,,,0.611211871539313,0.609064983388704,0.613777630121816,0.004712646733112,0.00471884767473475,0.606918095238095,0.616343388704319,0.129813333333333,0.128213333333333,0.132106666666666,0.00389333333333347,0.00391385762151395,0.126613333333333,0.1344,0.129653333333333,0.128826666666667,0.132186666666667,0.00336,0.00350150020758304,0.128,0.13472,0.149376,0.148976,0.154352,0.00537599999999999,0.00599010027740214,0.148576,0.159328,0.528627146795711,0.50158170204793,0.551160367881965,0.0495786658340355,0.0496470626187845,0.474536257300149,0.57369358896822,0.032,0.0304,0.0344,0.004,0.00402657836547773,0.0288,0.0368,4.24217371602678,4.23694679251208,4.25109576423547,0.0141489717233805,0.0143089033937051,4.23171986899739,4.26001781244415,,,,,,,,,,,,,,,,,,,,,,,,,,,,,,,,,,,,,,,,,,,,,,,,,,,,,,,,,,,,,,,,,,,,,,,,,,,,,,"standard","cpu1","/Users/stefano/Documents/fastEmbedR-results/fastEmbedR-results/imagenet/standard/cpu1/20260727_073247_1118047","/Users/stefano/Documents/fastEmbedR-results/fastEmbedR-results/imagenet/standard/cpu1/20260727_073247_1118047/benchmark_runs_checkpoint.csv",FALSE
"imagenet","fastEmbedR_tsne_cpu_knn","t-SNE","cpu","embedding_from_precomputed_knn",1,1,1281167,1024,,30,"float32",,3,3,"success",246.629,246.032,254.8375,8.8055,9.84116224504673,245.435,263.046,,,,,,,,,,,,,,,,,,,,,,,,,,,,,246.629,246.032,254.8375,8.8055,9.84116224504673,245.435,263.046,7.21273422241211,7.21273231506347,7.21283340454102,0.000101089477540839,0.000115642596368372,7.21273040771484,7.21293258666992,,,,,,,,,,,,,,,0.609665382059801,0.609540376522703,0.612675880398671,0.00313550387596895,0.00355059724448938,0.609415370985604,0.615686378737542,0.130133333333333,0.129386666666666,0.13392,0.0045333333333335,0.00486123898244542,0.12864,0.137706666666667,0.131946666666667,0.13184,0.13552,0.00367999999999999,0.00418907220347471,0.131733333333333,0.139093333333333,0.153472,0.152144,0.158288,0.00614399999999998,0.00646561036046353,0.150816,0.163104,0.515280950041692,0.495027184567144,0.534683153521966,0.0396559689548225,0.0396590165412929,0.474773419092595,0.55408535700224,0.0384,0.0336,0.0432,0.0096,0.0096,0.0288,0.048,4.25048303864444,4.25048303864444,4.25048303864444,0,0,4.25048303864444,4.25048303864444,,,,,,,,,,,,,,,,,,,,,,,,,,,,,,,,,,,,,,,,,,,,,,,,,,,,,,,,,,,,,,,,,,,,,,,,,,,,,,"standard","cpu1","/Users/stefano/Documents/fastEmbedR-results/fastEmbedR-results/imagenet/standard/cpu1/20260727_073247_1118047","/Users/stefano/Documents/fastEmbedR-results/fastEmbedR-results/imagenet/standard/cpu1/20260727_073247_1118047/benchmark_runs_checkpoint.csv",FALSE
"imagenet","fastEmbedR_pca_cpu","PCA","cpu","pca_only",4,4,1281167,1024,,,"float32",,3,3,"success",29.985,29.9785,30.0355,0.0569999999999986,0.0624045938479948,29.972,30.086,,,,,,,,,,,,,,,29.985,29.9785,30.0355,0.0569999999999986,0.0624045938479948,29.972,30.086,,,,,,,,,,,,,,,29.9101600646973,29.9100685119629,29.9102325439453,0.000164031982446744,0.00016440120810542,29.9099769592285,29.9103050231934,,,,,,,,,,,,,,,,,,,,,,,,,,,,,,,,,,,,,,,,,,,,,,,,,,,,,,,,,,,,,,,,,,,,,,,,,,,,,,,,,,,,,,,,,,,,,,,,,,,,,,,,,,,,,,,,,,,,,,,,,,,,,,,,,,,,,,,,,,,,,"standard","cpu4","/Users/stefano/Documents/fastEmbedR-results/fastEmbedR-results/imagenet/standard/cpu4/20260727_073247_1118058","/Users/stefano/Documents/fastEmbedR-results/fastEmbedR-results/imagenet/standard/cpu4/20260727_073247_1118058/benchmark_runs_checkpoint.csv",FALSE
"imagenet","irlba_pca","PCA","cpu","pca_only",4,4,1281167,1024,,,"standard_R_double",,3,3,"success",10.912,10.9065,11.4985,0.591999999999999,0.680429521209459,10.901,12.085,,,,,,,,,,,,,,,10.912,10.9065,11.4985,0.591999999999999,0.680429521209459,10.901,12.085,,,,,,,,,,,,,,,28.2370071411133,28.1916999816894,28.2941608428955,0.102460861206051,0.102688890673244,28.1463928222656,28.3513145446777,,,,,,,,,,,,,,,,,,,,,,,,,,,,,,,,,,,,,,,,,,,,,,,,,,,,,,,,,,,,,,,,,,,,,,,,,,,,,,,,,,,,,,,,,,,,,,,,,,,,,,,,,,,,,,,,,,,,,,,,,,,,,,,,,,,,,,,,,,,,,"standard","cpu4","/Users/stefano/Documents/fastEmbedR-results/fastEmbedR-results/imagenet/standard/cpu4/20260727_073247_1118058","/Users/stefano/Documents/fastEmbedR-results/fastEmbedR-results/imagenet/standard/cpu4/20260727_073247_1118058/benchmark_runs_checkpoint.csv",FALSE
"imagenet","fastEmbedR_umap_cpu_binary_full","UMAP","cpu","full_pipeline",4,4,1281167,1024,30,,"float32",,3,3,"success",1182.497,1182.1485,1183.9845,1.83600000000001,1.95021443265434,1181.8,1185.472,0.212,0.210999999999998,0.212,0.0010000000000015,0.00115470053838098,0.209999999999997,0.212,379.077,378.137,381.5545,3.41749999999996,3.53090285904327,377.197,384.032,,,,,,,,,,,,,,,802.967,801.9745,803.5575,1.58299999999997,1.59992406069791,800.982,804.148,11.1487617492676,11.14866065979,11.148796081543,0.000135421752951004,0.000140799713014684,11.1485595703125,11.1488304138184,,,,,,,,,,,,,,,0.628905957918051,0.627991317829457,0.633031937984496,0.00504062015503848,0.00537079320943344,0.627076677740864,0.637157918050941,0.149546666666667,0.149333333333333,0.155573333333334,0.00624000000000002,0.0070853756532838,0.14912,0.1616,0.140906666666667,0.13984,0.1468,0.00695999999999997,0.00749714414763169,0.138773333333333,0.152693333333333,0.154784,0.154144,0.161184,0.00703999999999999,0.00778593603878173,0.153504,0.167584,0.592487313467645,0.571155308040022,0.594536812204858,0.0233815041648351,0.0258965845579187,0.5498233026124,0.59658631094207,0.0272,0.0256,0.0352,0.0096,0.0102865608117258,0.024,0.0432,,,,,,,,,,,,,,,,,,,,,,,,,,,,,,,,,,,,,,,,,,,,,,,,,,,,,,,,,,,,,,,,,,,,,,,,,,,,,,,,,,,,,"standard","cpu4","/Users/stefano/Documents/fastEmbedR-results/fastEmbedR-results/imagenet/standard/cpu4/20260727_073247_1118058","/Users/stefano/Documents/fastEmbedR-results/fastEmbedR-results/imagenet/standard/cpu4/20260727_073247_1118058/benchmark_runs_checkpoint.csv",FALSE
"imagenet","fastEmbedR_umap_cpu_binary_knn","UMAP","cpu","embedding_from_precomputed_knn",4,4,1281167,1024,30,,"float32",,3,3,"success",805.877,803.304,807.0905,3.78650000000005,3.86699655201983,800.731,808.304,,,,,,,,,,,,,,,,,,,,,,,,,,,,,805.877,803.304,807.0905,3.78650000000005,3.86699655201983,800.731,808.304,10.6395111083984,10.6394901275634,10.6395301818848,4.0054321301497e-05,4.00694561282404e-05,10.6394691467285,10.6395492553711,,,,,,,,,,,,,,,0.626420022148394,0.625675836101882,0.631603986710964,0.00592815060908103,0.00645860000834788,0.624931650055371,0.636787951273533,0.149226666666667,0.148373333333334,0.154346666666667,0.0059733333333335,0.00646133571788843,0.14752,0.159466666666667,0.140426666666667,0.138693333333334,0.145973333333334,0.00728000000000001,0.00760562754612461,0.13696,0.15152,0.151456,0.151088,0.160256,0.00916800000000001,0.0103803547787796,0.15072,0.169056,0.587596554472184,0.568000598300959,0.596191419999924,0.0281908216989655,0.0288974697827496,0.548404642129733,0.604786285527664,0.0208,0.0184,0.032,0.0136,0.0145180347614039,0.016,0.0432,,,,,,,,,,,,,,,,,,,,,,,,,,,,,,,,,,,,,,,,,,,,,,,,,,,,,,,,,,,,,,,,,,,,,,,,,,,,,,,,,,,,,"standard","cpu4","/Users/stefano/Documents/fastEmbedR-results/fastEmbedR-results/imagenet/standard/cpu4/20260727_073247_1118058","/Users/stefano/Documents/fastEmbedR-results/fastEmbedR-results/imagenet/standard/cpu4/20260727_073247_1118058/benchmark_runs_checkpoint.csv",FALSE
"imagenet","fastEmbedR_umap_cpu_fuzzy_full","UMAP","cpu","full_pipeline",4,4,1281167,1024,30,,"float32",,3,3,"success",530.911,529.856,533.2765,3.42049999999995,3.50318288608138,528.801,535.642,0.207000000000001,0.204500000000002,0.208500000000001,0.00399999999999948,0.00404145188432683,0.202000000000002,0.210000000000001,373.07,371.4425,373.239,1.79650000000004,1.98405804686591,369.815,373.408,,,,,,,,,,,,,,,158.543,157.967,160.162,2.19500000000002,2.27610222383208,157.391,161.781,11.1488914489746,11.148717880249,11.1489009857178,0.00018310546875,0.000206146654370981,11.1485443115234,11.1489105224609,,,,,,,,,,,,,,,0.59185665559247,0.590965492801772,0.593564119601329,0.00259862679955702,0.00264101820067552,0.590074330011074,0.595271583610188,0.116053333333333,0.11136,0.11744,0.00607999999999999,0.00637268244003104,0.106666666666667,0.118826666666667,0.107946666666667,0.1072,0.111573333333333,0.00437333333333351,0.00467876526921847,0.106453333333333,0.1152,0.127616,0.126032,0.129376,0.00334399999999999,0.0033455435034286,0.124448,0.131136,0.561716180738931,0.529105909786212,0.569611749191275,0.0405058394050629,0.0429456462574431,0.496495638833493,0.577507317643619,0.0208,0.02,0.0296,0.0096,0.010653324989567,0.0192,0.0384,,,,,,,,,,,,,,,,,,,,,,,,,,,,,,,,,,,,,,,,,,,,,,,,,,,,,,,,,,,,,,,,,,,,,,,,,,,,,,,,,,,,,"standard","cpu4","/Users/stefano/Documents/fastEmbedR-results/fastEmbedR-results/imagenet/standard/cpu4/20260727_073247_1118058","/Users/stefano/Documents/fastEmbedR-results/fastEmbedR-results/imagenet/standard/cpu4/20260727_073247_1118058/benchmark_runs_checkpoint.csv",FALSE
"imagenet","fastEmbedR_umap_cpu_fuzzy_knn","UMAP","cpu","embedding_from_precomputed_knn",4,4,1281167,1024,30,,"float32",,3,3,"success",162.996,162.2285,163.599,1.37049999999999,1.37378685877152,161.461,164.202,,,,,,,,,,,,,,,,,,,,,,,,,,,,,162.996,162.2285,163.599,1.37049999999999,1.37378685877152,161.461,164.202,10.6384086608887,10.6384029388428,10.6384353637695,3.24249267489307e-05,3.46136921817892e-05,10.6383972167969,10.6384620666504,,,,,,,,,,,,,,,0.594156190476191,0.593853466223699,0.599622414174972,0.00576894795127347,0.00649368944759295,0.593550741971207,0.605088637873754,0.118293333333333,0.115093333333333,0.121066666666667,0.00597333333333351,0.00597841054065331,0.111893333333333,0.12384,0.11088,0.110373333333334,0.11544,0.0050666666666665,0.0055810048212498,0.109866666666667,0.12,0.128512,0.128096,0.132528,0.00443199999999999,0.00489516332720371,0.12768,0.136544,0.566372623880847,0.526069830045582,0.568856692315348,0.0427868622697665,0.0480361070432588,0.485767036210317,0.57134076074985,0.0256,0.0248,0.0368,0.012,0.0134183953337697,0.024,0.048,,,,,,,,,,,,,,,,,,,,,,,,,,,,,,,,,,,,,,,,,,,,,,,,,,,,,,,,,,,,,,,,,,,,,,,,,,,,,,,,,,,,,"standard","cpu4","/Users/stefano/Documents/fastEmbedR-results/fastEmbedR-results/imagenet/standard/cpu4/20260727_073247_1118058","/Users/stefano/Documents/fastEmbedR-results/fastEmbedR-results/imagenet/standard/cpu4/20260727_073247_1118058/benchmark_runs_checkpoint.csv",FALSE
"imagenet","umap_package","UMAP","cpu","full_pipeline",4,4,1281167,1024,30,,"standard_R_double",,2,2,"partial",32439.7805,32426.28575,32453.27525,26.989499999996,38.1689169416682,32412.791,32466.77,,,,,,,,,,,,,,,,,,,,,,,,,,,,,,,,,,,,154.288854598999,150.542550086975,158.035159111023,7.49260902404802,10.5961492993677,146.796245574951,161.781463623047,,,,,,,,,,,,,,,0.678434374307863,0.674426932447398,0.682441816168328,0.00801488372092984,0.0113347572589826,0.670419490586933,0.686449258028793,0.184266666666667,0.181626666666667,0.186906666666667,0.00528000000000001,0.00746704760932995,0.178986666666667,0.189546666666667,0.177306666666667,0.173186666666667,0.181426666666667,0.00824000000000003,0.0116531197539543,0.169066666666667,0.185546666666667,0.194048,0.19104,0.197056,0.00601599999999997,0.00850790879123653,0.188032,0.200064,0.660906388411704,0.646143776434976,0.675669000388432,0.0295252239534569,0.0417549721470819,0.631381164458247,0.690431612365161,0.0304,0.0256,0.0352,0.0096,0.0135764501987817,0.0208,0.04,,,,,,,,,,,,,,,,,,,,,,,,,,,,,,,,,,,,,,,,,,,,,,,,,,,,,,,,,,,,,,,,,,,,,,,,,,,,,,,,,,,,,"standard","cpu4","/Users/stefano/Documents/fastEmbedR-results/fastEmbedR-results/imagenet/standard/cpu4/20260727_073247_1118058","/Users/stefano/Documents/fastEmbedR-results/fastEmbedR-results/imagenet/standard/cpu4/20260727_073247_1118058/benchmark_runs_checkpoint.csv",FALSE
"imagenet","uwot_default","UMAP","cpu","full_pipeline",4,4,1281167,1024,30,,"standard_R_double",,3,3,"success",2137.545,2135.154,2146.9745,11.8205000000003,12.499508563673,2132.763,2156.404,,,,,,,,,,,,,,,,,,,,,,,,,,,,,,,,,,,,35.8659172058105,35.860990524292,35.9775714874267,0.116580963134794,0.131863747253148,35.8560638427734,36.089225769043,,,,,,,,,,,,,,,0.650699091915836,0.65006334440753,0.660112070874862,0.010048726467331,0.0112541918528938,0.649427596899225,0.669525049833887,0.166506666666667,0.164266666666667,0.174293333333333,0.0100266666666665,0.0105256455771041,0.162026666666667,0.18208,0.160106666666667,0.158293333333334,0.168453333333334,0.01016,0.010837608045512,0.15648,0.1768,0.178176,0.175392,0.184896,0.00950400000000001,0.00977190094096333,0.172608,0.191616,0.65079041939416,0.649545062507447,0.675249480058004,0.0257044175505565,0.0289886603570688,0.648299705620735,0.699708540721848,0.0384,0.0336,0.0424,0.0088,0.00881211287565776,0.0288,0.0464,,,,,,,,,,,,,,,,,,,,,,,,,,,,,,,,,,,,,,,,,,,,,,,,,,,,,,,,,,,,,,,,,,,,,,,,,,,,,,,,,,,,,"standard","cpu4","/Users/stefano/Documents/fastEmbedR-results/fastEmbedR-results/imagenet/standard/cpu4/20260727_073247_1118058","/Users/stefano/Documents/fastEmbedR-results/fastEmbedR-results/imagenet/standard/cpu4/20260727_073247_1118058/benchmark_runs_checkpoint.csv",FALSE
"imagenet","uwot_fast_sgd","UMAP","cpu","full_pipeline",4,4,1281167,1024,30,,"standard_R_double",,3,3,"success",1820.145,1779.242,1830.4855,51.2435,54.1964183410676,1738.339,1840.826,,,,,,,,,,,,,,,,,,,,,,,,,,,,,,,,,,,,36.0259284973145,35.9130878448486,36.0718250274658,0.158737182617202,0.163374819508393,35.8002471923828,36.1177215576172,,,,,,,,,,,,,,,0.638897364341085,0.63427446290144,0.640567973421927,0.00629351052048743,0.00652024677923338,0.629651561461794,0.642238582502769,0.1552,0.153013333333334,0.1616,0.00858666666666652,0.00892458609891992,0.150826666666667,0.168,0.14608,0.14328,0.1552,0.01192,0.0124659750253774,0.14048,0.16432,0.164672,0.162304,0.171072,0.008768,0.00907176013792251,0.159936,0.177472,0.638883839689281,0.63593862206529,0.667098113570536,0.031159491505245,0.0344057501818571,0.6329934044413,0.69531238745179,0.0352,0.0296,0.0408,0.0112,0.0112,0.024,0.0464,,,,,,,,,,,,,,,,,,,,,,,,,,,,,,,,,,,,,,,,,,,,,,,,,,,,,,,,,,,,,,,,,,,,,,,,,,,,,,,,,,,,,"standard","cpu4","/Users/stefano/Documents/fastEmbedR-results/fastEmbedR-results/imagenet/standard/cpu4/20260727_073247_1118058","/Users/stefano/Documents/fastEmbedR-results/fastEmbedR-results/imagenet/standard/cpu4/20260727_073247_1118058/benchmark_runs_checkpoint.csv",FALSE
"imagenet","uwot_knn","UMAP","cpu","embedding_from_precomputed_knn",4,4,1281167,1024,30,,"standard_R_double",,3,3,"success",364.562,338.685,364.815,26.13,30.0273213146517,312.808,365.068,,,,,,,,,,,,,,,,,,,,,,,,,,,,,364.562,338.685,364.815,26.13,30.0273213146517,312.808,365.068,35.4167633056641,35.416654586792,35.4168300628663,0.000175476074254277,0.000177140565322248,35.4165458679199,35.4168968200684,,,,,,,,,,,,,,,0.613224717607973,0.608450764119601,0.615028482834995,0.00657771871539348,0.00679757723517179,0.603676810631229,0.616832248062016,0.136,0.130506666666666,0.138293333333333,0.007786666666667,0.00800284393894547,0.125013333333333,0.140586666666667,0.124373333333333,0.12344,0.130106666666666,0.00666666666666649,0.00721972606436309,0.122506666666667,0.13584,0.14176,0.140544,0.145856,0.00531199999999998,0.00556616061572068,0.139328,0.149952,0.584525016104963,0.558191547967263,0.58639523173948,0.028203683772217,0.0315425324390422,0.531858079829564,0.588265447373998,0.032,0.0264,0.0384,0.012,0.0120088855991442,0.0208,0.0448,,,,,,,,,,,,,,,,,,,,,,,,,,,,,,,,,,,,,,,,,,,,,,,,,,,,,,,,,,,,,,,,,,,,,,,,,,,,,,,,,,,,,"standard","cpu4","/Users/stefano/Documents/fastEmbedR-results/fastEmbedR-results/imagenet/standard/cpu4/20260727_073247_1118058","/Users/stefano/Documents/fastEmbedR-results/fastEmbedR-results/imagenet/standard/cpu4/20260727_073247_1118058/benchmark_runs_checkpoint.csv",FALSE
"imagenet","KlugerLab_FItSNE","t-SNE","cpu","full_pipeline",4,4,1281167,1024,,30,"standard_R_double",,3,3,"success",1986.943,1986.072,1989.382,3.30999999999995,3.43156543480275,1985.201,1991.821,,,,,,,,,,,,,,,,,,,,,,,,,,,,,,,,,,,,74.1247253417969,74.1213207244873,74.1398811340332,0.0185604095458984,0.0197615495317916,74.1179161071777,74.1550369262695,,,,,,,,,,,,,,,0.684152026578073,0.684031716500553,0.685788527131783,0.00175681063122946,0.00196281976945528,0.683911406423034,0.687425027685493,0.190613333333333,0.190506666666666,0.190773333333333,0.000266666666666526,0.000268438557698361,0.1904,0.190933333333333,0.187626666666667,0.185546666666667,0.187786666666667,0.00223999999999999,0.00249927989629013,0.183466666666667,0.187946666666667,0.206144,0.2032,0.206672,0.003472,0.00374172010355309,0.200256,0.2072,0.602358234645194,0.591988378892781,0.628172401947384,0.036184023054603,0.0372665056607794,0.581618523140368,0.653986569249574,0.0352,0.0344,0.0392,0.0048,0.00514328040586291,0.0336,0.0432,3.77396945961551,3.77335258456629,3.7813205069948,0.0079679224285103,0.00886589797015029,3.77273570951707,3.78867155437409,,,,,,,,,,,,,,,,,,,,,,,,,,,,,,,,,,,,,,,,,,,,,,,,,,,,,,,,,,,,,,,,,,,,,,,,,,,,,,"standard","cpu4","/Users/stefano/Documents/fastEmbedR-results/fastEmbedR-results/imagenet/standard/cpu4/20260727_073247_1118058","/Users/stefano/Documents/fastEmbedR-results/fastEmbedR-results/imagenet/standard/cpu4/20260727_073247_1118058/benchmark_runs_checkpoint.csv",FALSE
"imagenet","Rtsne_full","t-SNE","cpu","full_pipeline",4,4,1281167,1024,,30,"standard_R_double",,3,3,"success",13820.252,13778.178,13848.4835,70.3055000000004,70.7582852557451,13736.104,13876.715,,,,,,,,,,,,,,,,,,,,,,,,,,,,,,,,,,,,59.0569076538086,59.05690574646,59.056957244873,5.14984131001484e-05,5.83951950303563e-05,59.0569038391113,59.0570068359375,,,,,,,,,,,,,,,0.548297674418605,0.548066445182725,0.549367796234773,0.00130135105204843,0.00138855853834886,0.547835215946844,0.550437918050941,0.0658133333333333,0.06368,0.06816,0.00448,0.00448169280187413,0.0615466666666667,0.0705066666666667,0.0810666666666667,0.08048,0.08216,0.00168000000000001,0.00170527721217706,0.0798933333333333,0.0832533333333333,0.111552,0.109616,0.11264,0.003024,0.0030633767860538,0.10768,0.113728,0.326190948036122,0.320201086560557,0.363286156368877,0.0430850698083199,0.0466780188249584,0.314211225084992,0.400381364701632,0.0304,0.0224,0.0368,0.0144,0.0144295992090333,0.0144,0.0432,4.04030213136695,4.02442311576637,4.04640959210434,0.02198647633797,0.0226987423273102,4.00854410016578,4.05251705284172,,,,,,,,,,,,,,,,,,,,,,,,,,,,,,,,,,,,,,,,,,,,,,,,,,,,,,,,,,,,,,,,,,,,,,,,,,,,,,"standard","cpu4","/Users/stefano/Documents/fastEmbedR-results/fastEmbedR-results/imagenet/standard/cpu4/20260727_073247_1118058","/Users/stefano/Documents/fastEmbedR-results/fastEmbedR-results/imagenet/standard/cpu4/20260727_073247_1118058/benchmark_runs_checkpoint.csv",FALSE
"imagenet","Rtsne_neighbors","t-SNE","cpu","embedding_from_precomputed_knn",4,4,1281167,1024,,30,"standard_R_double",,3,3,"success",1319.59,1306.8375,1321.966,15.1284999999998,16.271511802329,1294.085,1324.342,,,,,,,,,,,,,,,,,,,,,,,,,,,,,1319.59,1306.8375,1321.966,15.1284999999998,16.271511802329,1294.085,1324.342,27.278736114502,27.2786979675293,27.2788639068604,0.000165939331100873,0.000173823550374498,27.2786598205566,27.2789916992188,,,,,,,,,,,,,,,0.60820057585825,0.606818781838317,0.616222458471761,0.0094036766334441,0.0101551001834824,0.605436987818383,0.624244341085271,0.106986666666667,0.103733333333333,0.10848,0.0047466666666665,0.00485421237460587,0.10048,0.109973333333333,0.126826666666667,0.124133333333334,0.12904,0.00490666666666648,0.00491448652229063,0.12144,0.131253333333333,0.163808,0.15936,0.1644,0.00503999999999999,0.00550979539850015,0.154912,0.164992,0.369139511470158,0.362005957477441,0.393006855863641,0.0310008983861996,0.0324714584593465,0.354872403484725,0.416874200257124,0.0384,0.0384,0.0416,0.0032,0.00369504172281361,0.0384,0.0448,3.67009835103033,3.67009835103033,3.67009835103033,0,0,3.67009835103033,3.67009835103033,,,,,,,,,,,,,,,,,,,,,,,,,,,,,,,,,,,,,,,,,,,,,,,,,,,,,,,,,,,,,,,,,,,,,,,,,,,,,,"standard","cpu4","/Users/stefano/Documents/fastEmbedR-results/fastEmbedR-results/imagenet/standard/cpu4/20260727_073247_1118058","/Users/stefano/Documents/fastEmbedR-results/fastEmbedR-results/imagenet/standard/cpu4/20260727_073247_1118058/benchmark_runs_checkpoint.csv",FALSE
"imagenet","fastEmbedR_tsne_cpu_full","t-SNE","cpu","full_pipeline",4,4,1281167,1024,,30,"float32",,3,3,"success",490.45,488.4115,490.4845,2.07300000000004,2.3740263267285,486.373,490.519,0.207000000000001,0.2065,0.208,0.0015,0.00152752523165184,0.206,0.209,378.759,377.1315,378.7775,1.64600000000002,1.89004664845429,375.504,378.796,,,,,,,,,,,,,,,81.211,80.8655,81.278,0.412499999999994,0.442730542580173,80.52,81.345,30.48388671875,30.4838752746582,30.483995437622,0.000120162963849424,0.000132639607605556,30.4838638305664,30.4841041564941,,,,,,,,,,,,,,,0.612870697674419,0.606866445182725,0.614414529346623,0.00754808416389796,0.00797529680791068,0.60086219269103,0.615958361018826,0.133226666666667,0.128266666666667,0.133493333333333,0.00522666666666649,0.00588731719068223,0.123306666666667,0.13376,0.130026666666667,0.127573333333334,0.132426666666667,0.00485333333333351,0.00485343101244823,0.12512,0.134826666666667,0.15024,0.149312,0.155344,0.00603200000000001,0.00649600000000001,0.148384,0.160448,0.513199013955506,0.48849077291528,0.536894886711915,0.0484041137966355,0.048407642602021,0.463782531875053,0.560590759468324,0.032,0.0296,0.036,0.0064,0.00646632301492381,0.0272,0.04,4.24286362328248,4.24174225288698,4.25586347286917,0.0141212199821847,0.0156984588336077,4.24062088249149,4.26886332245586,,,,,,,,,,,,,,,,,,,,,,,,,,,,,,,,,,,,,,,,,,,,,,,,,,,,,,,,,,,,,,,,,,,,,,,,,,,,,,"standard","cpu4","/Users/stefano/Documents/fastEmbedR-results/fastEmbedR-results/imagenet/standard/cpu4/20260727_073247_1118058","/Users/stefano/Documents/fastEmbedR-results/fastEmbedR-results/imagenet/standard/cpu4/20260727_073247_1118058/benchmark_runs_checkpoint.csv",FALSE
"imagenet","fastEmbedR_tsne_cpu_knn","t-SNE","cpu","embedding_from_precomputed_knn",4,4,1281167,1024,,30,"float32",,3,3,"success",81.957,81.881,82.0915,0.210499999999996,0.213192401365524,81.805,82.226,,,,,,,,,,,,,,,,,,,,,,,,,,,,,81.957,81.881,82.0915,0.210499999999996,0.213192401365524,81.805,82.226,7.21310043334961,7.21308326721191,7.213134765625,5.14984130850493e-05,5.24434169182338e-05,7.21306610107422,7.21316909790039,,,,,,,,,,,,,,,0.611799246954596,0.609872513842747,0.613060642303433,0.0031881284606865,0.00321118688257204,0.607945780730897,0.61432203765227,0.134506666666667,0.131786666666667,0.134986666666667,0.00320000000000001,0.00345145379997087,0.129066666666667,0.135466666666667,0.129493333333333,0.129333333333333,0.134026666666666,0.00469333333333349,0.00532942078709572,0.129173333333333,0.13856,0.15344,0.152464,0.158064,0.00559999999999999,0.00598297317393284,0.151488,0.162688,0.514195348282224,0.492951078050726,0.531135448326553,0.0381843702758275,0.0382651463740596,0.471706807819227,0.548075548370882,0.04,0.0344,0.0424,0.008,0.00821056230311502,0.0288,0.0448,4.25482069809116,4.25482069809116,4.25482069809116,0,0,4.25482069809116,4.25482069809116,,,,,,,,,,,,,,,,,,,,,,,,,,,,,,,,,,,,,,,,,,,,,,,,,,,,,,,,,,,,,,,,,,,,,,,,,,,,,,"standard","cpu4","/Users/stefano/Documents/fastEmbedR-results/fastEmbedR-results/imagenet/standard/cpu4/20260727_073247_1118058","/Users/stefano/Documents/fastEmbedR-results/fastEmbedR-results/imagenet/standard/cpu4/20260727_073247_1118058/benchmark_runs_checkpoint.csv",FALSE
"imagenet","fastEmbedR_pca_cuda","PCA","cuda","pca_only",1,,1281167,1024,,,"float32",,3,3,"success",38.443,38.3815,38.452,0.0704999999999956,0.0767398201717975,38.32,38.461,,,,,,,,,,,,,,,38.443,38.3815,38.452,0.0704999999999956,0.0767398201717975,38.32,38.461,,,,,,,,,,,,,,,30.0540466308594,30.0540084838867,30.0540657043457,5.7220458984375e-05,5.82704632435588e-05,30.0539703369141,30.054084777832,5513,5513,5513,0,0,5513,5513,5513,5513,5513,0,0,5513,5513,,,,,,,,,,,,,,,,,,,,,,,,,,,,,,,,,,,,,,,,,,,,,,,,,,,,,,,,,,,,,,,,,,,,,,,,,,,,,,,,,,,,,,,,,,,,,,,,,,,,,,,,,,,,,,,,,,,,,,,,,,,,,,,"standard","cuda","/Users/stefano/Documents/fastEmbedR-results/fastEmbedR-results/imagenet/standard/cuda/20260727_073247_1118069","/Users/stefano/Documents/fastEmbedR-results/fastEmbedR-results/imagenet/standard/cuda/20260727_073247_1118069/benchmark_summary_median_variability.csv",TRUE
"imagenet","fastEmbedR_tsne_cuda_full","t-SNE","cuda","full_pipeline",1,,1281167,1024,,30,"float32",,3,3,"success",518.552,506.6345,522.825,16.1905,16.7812916765466,494.717,527.098,1.044,1.0365,1.044,0.00750000000000006,0.00866025403784446,1.029,1.044,497.06,485.1285,501.2845,16.1559999999999,16.7575540876346,473.197,505.509,,,,,,,,,,,,,,,20.1690000000001,20.1490000000001,20.2085000000001,0.0594999999999999,0.0605557594288,20.129,20.248,15.3989791870117,15.3989658355713,15.3989906311035,2.47955322265625e-05,2.48199733682545e-05,15.3989524841309,15.3990020751953,12661,12660,12671,11,12.1655250605964,12659,12681,12661,12660,12671,11,12.1655250605964,12659,12681,0.679542325581395,0.67824496124031,0.682144673311185,0.00389971207087492,0.00397182763774981,0.676947596899225,0.684747021040975,0.18912,0.188906666666667,0.190773333333334,0.00186666666666702,0.00204343936647156,0.188693333333333,0.192426666666667,0.183306666666667,0.181146666666667,0.18384,0.00269333333333299,0.00285237782547437,0.178986666666667,0.184373333333333,0.203104,0.19944,0.2036,0.00416,0.00454433801559699,0.195776,0.204096,0.615384386364783,0.603531107637613,0.63616424722082,0.032633139583207,0.0330376011320164,0.591677828910443,0.656944108076857,0.0368,0.036,0.0416,0.00559999999999999,0.00605750223552029,0.0352,0.0464,3.82298066830514,3.82219377699121,3.82425139465975,0.00205761766854007,0.0020764928570585,3.82140688567727,3.82552212101435,,,,,,,,,,,,,,,,,,,,,,,,,,,,,,,,,,,,,,,,,,,,,,,,,,,,,,,,,,,,,,,,,,,,,,,,,,,,,,"standard","cuda","/Users/stefano/Documents/fastEmbedR-results/fastEmbedR-results/imagenet/standard/cuda/20260727_073247_1118069","/Users/stefano/Documents/fastEmbedR-results/fastEmbedR-results/imagenet/standard/cuda/20260727_073247_1118069/benchmark_summary_median_variability.csv",TRUE
"imagenet","fastEmbedR_tsne_cuda_knn","t-SNE","cuda","embedding_from_precomputed_knn",1,,1281167,1024,,30,"float32",,3,3,"success",5.461,5.4575,5.46499999999999,0.00749999999999496,0.00750555349945997,5.454,5.46899999999999,,,,,,,,,,,,,,,,,,,,,,,,,,,,,5.461,5.4575,5.46499999999999,0.00749999999999496,0.00750555349945997,5.454,5.46899999999999,6.62029647827148,6.61944007873535,6.62055969238281,0.00111961364746094,0.00117082209108858,6.61858367919922,6.62082290649414,1231,1231,1231,0,0,1231,1231,1231,1231,1231,0,0,1231,1231,0.618074684385382,0.617812358803987,0.619279645625692,0.00146728682170549,0.00156496579695415,0.617550033222591,0.620484606866002,0.13312,0.132906666666667,0.134453333333333,0.00154666666666697,0.00167639825552049,0.132693333333333,0.135786666666667,0.136266666666667,0.134853333333333,0.137226666666667,0.0023733333333335,0.00238772167867523,0.13344,0.138186666666667,0.159232,0.156432,0.160752,0.00431999999999999,0.00438275408086438,0.153632,0.162272,0.520411480780191,0.498814756043682,0.54117138226097,0.042356626217287,0.0423593815924888,0.477218031307174,0.561931283741748,0.032,0.032,0.0376,0.0056,0.00646632301492381,0.032,0.0432,4.18608233753256,4.18555439160213,4.19267435663803,0.00711996503589951,0.00793420211929665,4.1850264456717,4.1992663757435,,,,,,,,,,,,,,,,,,,,,,,,,,,,,,,,,,,,,,,,,,,,,,,,,,,,,,,,,,,,,,,,,,,,,,,,,,,,,,"standard","cuda","/Users/stefano/Documents/fastEmbedR-results/fastEmbedR-results/imagenet/standard/cuda/20260727_073247_1118069","/Users/stefano/Documents/fastEmbedR-results/fastEmbedR-results/imagenet/standard/cuda/20260727_073247_1118069/benchmark_summary_median_variability.csv",TRUE
"imagenet","rapids_cuml_tsne_full","t-SNE","cuda","full_pipeline",1,,1281167,1024,,30,"standard_R_double",,3,3,"success",179.929,179.8765,180.5645,0.687999999999988,0.765924495843628,179.824,181.2,,,,,,,,,,,,,,,,,,,,,,,,,,,,,,,,,,,,47.9749183654785,47.9748935699463,47.9750862121582,0.000192642211914062,0.00020960017193323,47.9748687744141,47.9752540588379,16463,16463,16463,0,0,16463,16463,16463,16463,16463,0,0,16463,16463,0.511317297895903,0.508575149501661,0.511402702104097,0.00282755260243595,0.00321680228533047,0.50583300110742,0.511488106312292,0.02976,0.02896,0.0301866666666667,0.00122666666666665,0.00124545990315639,0.02816,0.0306133333333333,0.0536,0.0536,0.0541866666666666,0.000586666666666645,0.00067742431584914,0.0536,0.0547733333333333,0.084256,0.082848,0.086592,0.003744,0.00378214189756721,0.08144,0.088928,0.153462775612626,0.141476535532413,0.172813232579484,0.031336697047072,0.0316238171626674,0.129490295452199,0.192163689546343,0.0016,8e-04,0.0024,0.0016,0.0016,0,0.0032,7.91924809030473,6.55591648158816,7.98146528044466,1.42554879885649,1.61136245291488,5.1925848728716,8.04368247058458,,,,,,,,,,,,,,,,,,,,,,,,,,,,,,,,,,,,,,,,,,,,,,,,,,,,,,,,,,,,,,,,,,,,,,,,,,,,,,"standard","cuda","/Users/stefano/Documents/fastEmbedR-results/fastEmbedR-results/imagenet/standard/cuda/20260727_073247_1118069","/Users/stefano/Documents/fastEmbedR-results/fastEmbedR-results/imagenet/standard/cuda/20260727_073247_1118069/benchmark_summary_median_variability.csv",TRUE
"imagenet","fastEmbedR_umap_cuda_binary_full","UMAP","cuda","full_pipeline",1,,1281167,1024,30,,"float32",,3,3,"success",532.663,520.425,551.204,30.779,30.9933774216364,508.187,569.745,1.032,1.0315,1.0345,0.00300000000000011,0.0032145502536643,1.031,1.037,529.548,517.3055,548.072,30.7665000000001,30.9795083294318,505.063,566.596,,,,,,,,,,,,,,,1.78800000000001,1.78750000000002,1.8005,0.0129999999999799,0.0147309198626386,1.78700000000003,1.81299999999999,10.4154624938965,10.415433883667,10.4156150817871,0.000181198120117188,0.000194823626785845,10.4154052734375,10.4157676696777,12655,12630,12658,28,30.7462734869339,12605,12661,12655,12630,12658,28,30.7462734869339,12605,12661,0.649346445182724,0.645223034330011,0.652627419712071,0.00740438538205956,0.0074203429304648,0.641099623477298,0.655908394241417,0.16736,0.16176,0.168586666666666,0.00682666666666648,0.00727864863322336,0.15616,0.169813333333333,0.152053333333333,0.15072,0.15288,0.00216,0.00217971795661047,0.149386666666667,0.153706666666667,0.16448,0.161488,0.166256,0.00476799999999999,0.00481940964572771,0.158496,0.168032,0.678320432835097,0.666071432412257,0.694337241333246,0.0282658089209895,0.0283493929362754,0.653822431989416,0.710354049831395,0.0368,0.0312,0.0448,0.0136,0.013670405992508,0.0256,0.0528,,,,,,,,,,,,,,,,,,,,,,,,,,,,,,,,,,,,,,,,,,,,,,,,,,,,,,,,,,,,,,,,,,,,,,,,,,,,,,,,,,,,,"standard","cuda","/Users/stefano/Documents/fastEmbedR-results/fastEmbedR-results/imagenet/standard/cuda/20260727_073247_1118069","/Users/stefano/Documents/fastEmbedR-results/fastEmbedR-results/imagenet/standard/cuda/20260727_073247_1118069/benchmark_summary_median_variability.csv",TRUE
"imagenet","fastEmbedR_umap_cuda_binary_knn","UMAP","cuda","embedding_from_precomputed_knn",1,,1281167,1024,30,,"float32",,3,3,"success",26.567,26.56,26.6305,0.0704999999999956,0.0776809715009616,26.553,26.694,,,,,,,,,,,,,,,,,,,,,,,,,,,,,26.567,26.56,26.6305,0.0704999999999956,0.0776809715009616,26.553,26.694,10.6414070129395,10.6413593292236,10.6414585113525,9.918212890625e-05,9.92065790801469e-05,10.6413116455078,10.6415100097656,1471,1471,1471,0,0,1471,1471,1471,1471,1471,0,0,1471,1471,0.63219738648948,0.630573200442968,0.63552407530454,0.00495087486157242,0.00504750768075249,0.628949014396456,0.638850764119601,0.14848,0.147786666666667,0.152106666666667,0.00431999999999999,0.00464010217001173,0.147093333333333,0.155733333333333,0.150133333333333,0.148373333333333,0.150426666666666,0.00205333333333346,0.00222108415302422,0.146613333333333,0.15072,0.168768,0.164512,0.169328,0.00481600000000001,0.00526757325530457,0.160256,0.169888,0.513141918809551,0.49082949597465,0.517058761277909,0.026229265303258,0.0282979413389503,0.46851707313975,0.520975603746266,0.0368,0.032,0.0432,0.0112,0.0112380306697096,0.0272,0.0496,,,,,,,,,,,,,,,,,,,,,,,,,,,,,,,,,,,,,,,,,,,,,,,,,,,,,,,,,,,,,,,,,,,,,,,,,,,,,,,,,,,,,"standard","cuda","/Users/stefano/Documents/fastEmbedR-results/fastEmbedR-results/imagenet/standard/cuda/20260727_073247_1118069","/Users/stefano/Documents/fastEmbedR-results/fastEmbedR-results/imagenet/standard/cuda/20260727_073247_1118069/benchmark_summary_median_variability.csv",TRUE
"imagenet","fastEmbedR_umap_cuda_fuzzy_full","UMAP","cuda","full_pipeline",1,,1281167,1024,30,,"float32",,3,3,"success",511.79,510.702,513.7735,3.07150000000001,3.11471009886954,509.614,515.757,1.033,1.0315,1.035,0.00350000000000006,0.0035118845842842,1.03,1.037,509.806,508.719,511.7775,3.05850000000004,3.10083897249332,507.632,513.749,,,,,,,,,,,,,,,0.677999999999997,0.674000000000035,0.682000000000016,0.00799999999998102,0.00799999999998102,0.670000000000073,0.686000000000035,10.4155387878418,10.415506362915,10.4155540466309,4.76837158203125e-05,4.87027943985127e-05,10.4154739379883,10.4155693054199,12657,12647,12667,20,20,12637,12677,12657,12647,12667,20,20,12637,12677,0.612003720930233,0.607929125138428,0.612218914728683,0.00428978959025494,0.00483397241518475,0.603854529346622,0.612434108527132,0.13024,0.13008,0.13456,0.00448000000000001,0.00508320109117605,0.12992,0.13888,0.126186666666667,0.12552,0.12688,0.00136,0.00136008714317761,0.124853333333333,0.127573333333333,0.14448,0.143728,0.145536,0.001808,0.00181649919717388,0.142976,0.146592,0.629268252537671,0.617309727106506,0.661121599669326,0.0438118725628205,0.0452925470796127,0.605351201675341,0.692974946800982,0.0288,0.0264,0.0368,0.0104,0.0108909748568865,0.024,0.0448,,,,,,,,,,,,,,,,,,,,,,,,,,,,,,,,,,,,,,,,,,,,,,,,,,,,,,,,,,,,,,,,,,,,,,,,,,,,,,,,,,,,,"standard","cuda","/Users/stefano/Documents/fastEmbedR-results/fastEmbedR-results/imagenet/standard/cuda/20260727_073247_1118069","/Users/stefano/Documents/fastEmbedR-results/fastEmbedR-results/imagenet/standard/cuda/20260727_073247_1118069/benchmark_summary_median_variability.csv",TRUE
"imagenet","fastEmbedR_umap_cuda_fuzzy_knn","UMAP","cuda","embedding_from_precomputed_knn",1,,1281167,1024,30,,"float32",,3,3,"success",34.431,34.4195,34.4545,0.0349999999999966,0.0356791255498231,34.408,34.478,,,,,,,,,,,,,,,,,,,,,,,,,,,,,34.431,34.4195,34.4545,0.0349999999999966,0.0356791255498231,34.408,34.478,9.96649551391602,9.96637344360352,9.96668815612793,0.000314712524414062,0.000317339099416867,9.96625137329102,9.96688079833984,1471,1471,1471,0,0,1471,1471,1471,1471,1471,0,0,1471,1471,0.586209169435216,0.583073665559247,0.588322569213732,0.00524890365448494,0.00528197139674913,0.579938161683278,0.590435968992248,0.11488,0.108533333333333,0.11568,0.00714666666666651,0.00783134821182227,0.102186666666667,0.11648,0.11184,0.109813333333333,0.112106666666666,0.00229333333333299,0.0025083682168114,0.107786666666667,0.112373333333333,0.130368,0.1284,0.130656,0.00225599999999998,0.00245567424549757,0.126432,0.130944,0.545295423935881,0.501506697213724,0.546460969005959,0.044954271792235,0.0512490496538119,0.457717970491566,0.547626514076036,0.0208,0.0184,0.0312,0.0128,0.0136078408769846,0.016,0.0416,,,,,,,,,,,,,,,,,,,,,,,,,,,,,,,,,,,,,,,,,,,,,,,,,,,,,,,,,,,,,,,,,,,,,,,,,,,,,,,,,,,,,"standard","cuda","/Users/stefano/Documents/fastEmbedR-results/fastEmbedR-results/imagenet/standard/cuda/20260727_073247_1118069","/Users/stefano/Documents/fastEmbedR-results/fastEmbedR-results/imagenet/standard/cuda/20260727_073247_1118069/benchmark_summary_median_variability.csv",TRUE
"imagenet","rapids_cuml_umap_full","UMAP","cuda","full_pipeline",1,,1281167,1024,30,,"standard_R_double",,3,3,"success",328.599,327.4315,330.435,3.00349999999997,3.02819687823189,326.264,332.271,,,,,,,,,,,,,,,,,,,,,,,,,,,,,,,,,,,,44.5501480102539,44.5028400421143,44.642391204834,0.139551162719727,0.141942189669522,44.4555320739746,44.7346343994141,7203,7203,7203,0,0,7203,7203,7203,7203,7203,0,0,7203,7203,0.677441949058693,0.66897373200443,0.680232380952381,0.0112586489479515,0.0117261640890401,0.660505514950166,0.683022812846069,0.189973333333333,0.179413333333333,0.191306666666667,0.0118933333333335,0.0130318265682024,0.168853333333333,0.19264,0.176106666666667,0.17248,0.180053333333334,0.00757333333333352,0.0075755865192811,0.168853333333333,0.184,0.193696,0.192784,0.19784,0.005056,0.00538934850731824,0.191872,0.201984,0.627399862165257,0.612434968134963,0.644236974058803,0.0318020059238409,0.0318203705303564,0.597470074104668,0.66107408595235,0.0304,0.0296,0.0392,0.0096,0.010653324989567,0.0288,0.048,,,,,,,,,,,,,,,,,,,,,,,,,,,,,,,,,,,,,,,,,,,,,,,,,,,,,,,,,,,,,,,,,,,,,,,,,,,,,,,,,,,,,"standard","cuda","/Users/stefano/Documents/fastEmbedR-results/fastEmbedR-results/imagenet/standard/cuda/20260727_073247_1118069","/Users/stefano/Documents/fastEmbedR-results/fastEmbedR-results/imagenet/standard/cuda/20260727_073247_1118069/benchmark_summary_median_variability.csv",TRUE
"mass41","fastEmbedR_pca_cpu","PCA","cpu","pca_only",1,1,965282,14,,,"float32",,3,3,"success",1.44,1.43,1.5005,0.0705,0.0762911091368669,1.42,1.561,,,,,,,,,,,,,,,1.44,1.43,1.5005,0.0705,0.0762911091368669,1.42,1.561,,,,,,,,,,,,,,,0.819400787353516,0.819353103637695,0.819412231445312,5.91278076171875e-05,6.27205528520636e-05,0.819305419921875,0.819423675537109,,,,,,,,,,,,,,,,,,,,,,,,,,,,,,,,,,,,,,,,,,,,,,,,,,,,,,,,,,,,,,,,,,,,,,,,,,,,,,,,,,,,,,,,,,,,,,,,,,,,,,,,,,,,,,,,,,,,,,,,,,,,,,,,,,,,,,,,,,,,,"standard","cpu1","/Users/stefano/Documents/fastEmbedR-results/fastEmbedR-results/mass41/standard/cpu1/20260727_073247_1118049","/Users/stefano/Documents/fastEmbedR-results/fastEmbedR-results/mass41/standard/cpu1/20260727_073247_1118049/benchmark_summary_median_variability.csv",TRUE
"mass41","irlba_pca","PCA","cpu","pca_only",1,1,965282,14,,,"standard_R_double",,3,3,"success",1.062,1.052,1.074,0.022,0.0220302821891444,1.042,1.086,,,,,,,,,,,,,,,1.062,1.052,1.074,0.022,0.0220302821891444,1.042,1.086,,,,,,,,,,,,,,,0.561710357666016,0.561508178710938,0.561807632446289,0.000299453735351562,0.000305517323425619,0.561305999755859,0.561904907226562,,,,,,,,,,,,,,,,,,,,,,,,,,,,,,,,,,,,,,,,,,,,,,,,,,,,,,,,,,,,,,,,,,,,,,,,,,,,,,,,,,,,,,,,,,,,,,,,,,,,,,,,,,,,,,,,,,,,,,,,,,,,,,,,,,,,,,,,,,,,,"standard","cpu1","/Users/stefano/Documents/fastEmbedR-results/fastEmbedR-results/mass41/standard/cpu1/20260727_073247_1118049","/Users/stefano/Documents/fastEmbedR-results/fastEmbedR-results/mass41/standard/cpu1/20260727_073247_1118049/benchmark_summary_median_variability.csv",TRUE
"mass41","fastEmbedR_tsne_cpu_full","t-SNE","cpu","full_pipeline",1,1,965282,14,,30,"float32",,3,3,"success",380.164,377.813,382.236,4.423,4.42593221818862,375.462,384.308,0.00500000000000012,0.00400000000000001,0.00550000000000006,0.00150000000000006,0.00152752523165202,0.00299999999999989,0.00600000000000001,179.987,178.899,180.0145,1.1155,1.27248850682432,177.811,180.042,,,,,,,,,,,,,,,198.705,197.4295,200.7755,3.346,3.37733489603859,196.154,202.846,1.92935943603516,1.9221019744873,1.93834114074707,0.0162391662597656,0.0162696504462117,1.91484451293945,1.94732284545898,,,,,,,,,,,,,,,0.973045624683864,0.972593517113472,0.973201888383072,0.00060837126960045,0.000631894084253421,0.972141409543079,0.97335815208228,0.3511,0.342883333333334,0.352,0.00911666666666644,0.0100477931979189,0.334666666666667,0.3529,0.409116666666667,0.403275,0.412516666666667,0.00924166666666693,0.00934856396181545,0.397433333333333,0.415916666666667,0.46672,0.46028,0.468395,0.00811499999999998,0.00856864244401254,0.45384,0.47007,0.211441243569074,0.206884218455311,0.221208157159006,0.0143239387036955,0.014636354257986,0.202327193341547,0.230975070748938,0.879,0.8785,0.88675,0.00824999999999987,0.00925112605758525,0.878,0.8945,2.06647044994884,2.0658722919724,2.06701374203555,0.0011414500631548,0.00114188951682218,2.06527413399596,2.06755703412227,,,,,,,,,,,,,,,,,,,,,,,,,,,,,,,,,,,,,,,,,,,,,,,,,,,,,,,,,,,,,,,,,,,,,,,,,,,,,,"standard","cpu1","/Users/stefano/Documents/fastEmbedR-results/fastEmbedR-results/mass41/standard/cpu1/20260727_073247_1118049","/Users/stefano/Documents/fastEmbedR-results/fastEmbedR-results/mass41/standard/cpu1/20260727_073247_1118049/benchmark_summary_median_variability.csv",TRUE
"mass41","fastEmbedR_tsne_cpu_knn","t-SNE","cpu","embedding_from_precomputed_knn",1,1,965282,14,,30,"float32",,3,3,"success",202.588,201.319,205.542,4.22299999999998,4.33360558119141,200.05,208.496,,,,,,,,,,,,,,,,,,,,,,,,,,,,,202.588,201.319,205.542,4.22299999999998,4.33360558119141,200.05,208.496,1.75833129882812,1.75819778442383,1.75834083557129,0.000143051147460938,0.000159959737465021,1.75806427001953,1.75835037231445,,,,,,,,,,,,,,,0.973419575113809,0.97297483560951,0.973524489967965,0.000549654358455443,0.000583621034048795,0.97253009610521,0.973629404822121,0.3512,0.3431,0.352133333333334,0.0090333333333335,0.00993586843116813,0.335,0.353066666666667,0.4089,0.403208333333334,0.413166666666666,0.00995833333333296,0.00999226089420061,0.397516666666667,0.417433333333333,0.46736,0.460705,0.469485,0.00877999999999995,0.00916126083025692,0.45405,0.47161,0.211852313857332,0.207147206555754,0.220958002289005,0.013810795733251,0.0140425466664621,0.202442099254176,0.230063690720678,0.885,0.8805,0.89075,0.0102499999999999,0.0102753750945322,0.876,0.8965,2.06882672899412,2.06882672899412,2.06882672899412,0,0,2.06882672899412,2.06882672899412,,,,,,,,,,,,,,,,,,,,,,,,,,,,,,,,,,,,,,,,,,,,,,,,,,,,,,,,,,,,,,,,,,,,,,,,,,,,,,"standard","cpu1","/Users/stefano/Documents/fastEmbedR-results/fastEmbedR-results/mass41/standard/cpu1/20260727_073247_1118049","/Users/stefano/Documents/fastEmbedR-results/fastEmbedR-results/mass41/standard/cpu1/20260727_073247_1118049/benchmark_summary_median_variability.csv",TRUE
"mass41","KlugerLab_FItSNE","t-SNE","cpu","full_pipeline",1,1,965282,14,,30,"standard_R_double",,3,3,"success",1010.191,980.922,1010.212,29.29,33.8090609353962,951.653,1010.233,,,,,,,,,,,,,,,,,,,,,,,,,,,,,,,,,,,,3.47300338745117,3.47294616699219,3.47600173950195,0.00305557250976562,0.00349570332110587,3.4728889465332,3.47900009155273,,,,,,,,,,,,,,,0.97024602933738,0.969446046197943,0.970339124936773,0.000893078738829933,0.000981912911195968,0.968646063058506,0.970432220536166,0.340833333333333,0.33165,0.343383333333333,0.011733333333333,0.0123425341056097,0.322466666666667,0.345933333333333,0.397333333333333,0.393425,0.404183333333333,0.010758333333333,0.0108915657140604,0.389516666666667,0.411033333333333,0.45447,0.45138,0.459315,0.00793500000000003,0.00799943122978128,0.44829,0.46416,0.191579977398774,0.19113451731605,0.20045920757702,0.00932469026096902,0.0105194743755435,0.190689057233327,0.209338437755265,0.8855,0.88475,0.89175,0.00700000000000012,0.00768656837173349,0.884,0.898,2.1083958848283,2.10773668216773,2.10993096729551,0.00219428512777053,0.00225180128649179,2.10707747950717,2.11146604976271,,,,,,,,,,,,,,,,,,,,,,,,,,,,,,,,,,,,,,,,,,,,,,,,,,,,,,,,,,,,,,,,,,,,,,,,,,,,,,"standard","cpu1","/Users/stefano/Documents/fastEmbedR-results/fastEmbedR-results/mass41/standard/cpu1/20260727_073247_1118049","/Users/stefano/Documents/fastEmbedR-results/fastEmbedR-results/mass41/standard/cpu1/20260727_073247_1118049/benchmark_summary_median_variability.csv",TRUE
"mass41","Rtsne_full","t-SNE","cpu","full_pipeline",1,1,965282,14,,30,"standard_R_double",,3,3,"success",5218.478,4904.1085,5418.3765,514.268,518.497295818406,4589.739,5618.275,,,,,,,,,,,,,,,,,,,,,,,,,,,,,,,,,,,,3.39770126342773,3.3976001739502,3.39772605895996,0.000125885009765625,0.000133369003323388,3.39749908447266,3.39775085449219,,,,,,,,,,,,,,,0.889828190861575,0.886156862249199,0.899785811836116,0.0136289495869164,0.0141039270204051,0.882485533636823,0.909743432810656,0.2268,0.222166666666667,0.2328,0.0106333333333335,0.0106625686572408,0.217533333333333,0.2388,0.31845,0.3089,0.322641666666666,0.0137416666666665,0.0140855948217133,0.29935,0.326833333333333,0.38894,0.376935,0.393005,0.01607,0.0167110572177027,0.36493,0.39707,0.134985689815917,0.125467514965093,0.150204532510901,0.024737017545809,0.0249550110201968,0.115949340114268,0.165423375205886,0.832,0.815,0.8385,0.0235000000000001,0.0242693221990232,0.798,0.845,2.39760643479512,2.36587028447692,2.40050289188932,0.0346326074124002,0.0384273357294783,2.33413413415873,2.40339934898353,,,,,,,,,,,,,,,,,,,,,,,,,,,,,,,,,,,,,,,,,,,,,,,,,,,,,,,,,,,,,,,,,,,,,,,,,,,,,,"standard","cpu1","/Users/stefano/Documents/fastEmbedR-results/fastEmbedR-results/mass41/standard/cpu1/20260727_073247_1118049","/Users/stefano/Documents/fastEmbedR-results/fastEmbedR-results/mass41/standard/cpu1/20260727_073247_1118049/benchmark_summary_median_variability.csv",TRUE
"mass41","Rtsne_neighbors","t-SNE","cpu","embedding_from_precomputed_knn",1,1,965282,14,,30,"standard_R_double",,3,3,"success",2631.865,2629.049,2641.385,12.3360000000002,12.9289636604538,2626.233,2650.905,,,,,,,,,,,,,,,,,,,,,,,,,,,,,2631.865,2629.049,2641.385,12.3360000000002,12.9289636604538,2626.233,2650.905,5.26298141479492,5.26285171508789,5.26306533813477,0.000213623046875,0.000215251708674101,5.26272201538086,5.26314926147461,,,,,,,,,,,,,,,0.93363122576294,0.932675248693306,0.934441797336031,0.00176654864272507,0.00176854225091041,0.931719271623672,0.935252368909122,0.251133333333333,0.243883333333333,0.2519,0.00801666666666701,0.00884749389082309,0.236633333333333,0.252666666666667,0.342116666666667,0.336566666666667,0.344291666666667,0.00772499999999998,0.00796696303493368,0.331016666666667,0.346466666666667,0.41406,0.40937,0.41452,0.00514999999999999,0.00569971929133358,0.40468,0.41498,0.114158199498904,0.109829236047054,0.126442367643433,0.0166131315963785,0.0172363347420326,0.105500272595205,0.138726535787962,0.8165,0.8165,0.824,0.00750000000000006,0.00866025403784439,0.8165,0.8315,2.17879935723385,2.17879935723385,2.17879935723385,0,0,2.17879935723385,2.17879935723385,,,,,,,,,,,,,,,,,,,,,,,,,,,,,,,,,,,,,,,,,,,,,,,,,,,,,,,,,,,,,,,,,,,,,,,,,,,,,,"standard","cpu1","/Users/stefano/Documents/fastEmbedR-results/fastEmbedR-results/mass41/standard/cpu1/20260727_073247_1118049","/Users/stefano/Documents/fastEmbedR-results/fastEmbedR-results/mass41/standard/cpu1/20260727_073247_1118049/benchmark_summary_median_variability.csv",TRUE
"mass41","fastEmbedR_umap_cpu_binary_full","UMAP","cpu","full_pipeline",1,1,965282,14,30,,"float32",,3,3,"success",2525.033,2230.855,2530.428,299.573,342.844750130434,1936.677,2535.823,0.004,0.004,0.00450000000000006,0.000500000000000059,0.000577350269189695,0.004,0.00500000000000012,194.321,189.385,195.0245,5.6395,6.14616240700921,184.449,195.728,,,,,,,,,,,,,,,2330.445,2041.214,2335.124,293.91,336.70912521245,1751.983,2339.803,3.77175140380859,3.76826667785645,3.77186012268066,0.00359344482421875,0.0040880297177186,3.7647819519043,3.77196884155273,,,,,,,,,,,,,,,0.971212426235036,0.969954763109087,0.971388956331142,0.00143419322205407,0.00156413759228256,0.968697099983139,0.971565486427247,0.316133333333333,0.3048,0.31885,0.01405,0.0149047469445636,0.293466666666667,0.321566666666667,0.4139,0.406166666666666,0.4195,0.0133333333333335,0.0133901013743295,0.398433333333333,0.4251,0.49609,0.489425,0.500455,0.01103,0.0111096459589554,0.48276,0.50482,0.328159705538707,0.318204761597928,0.343007130290469,0.0248023686925405,0.0249626978160614,0.30824981765715,0.357854555042231,0.9045,0.9045,0.90675,0.00224999999999997,0.00259807621135335,0.9045,0.909,,,,,,,,,,,,,,,,,,,,,,,,,,,,,,,,,,,,,,,,,,,,,,,,,,,,,,,,,,,,,,,,,,,,,,,,,,,,,,,,,,,,,"standard","cpu1","/Users/stefano/Documents/fastEmbedR-results/fastEmbedR-results/mass41/standard/cpu1/20260727_073247_1118049","/Users/stefano/Documents/fastEmbedR-results/fastEmbedR-results/mass41/standard/cpu1/20260727_073247_1118049/benchmark_summary_median_variability.csv",TRUE
"mass41","fastEmbedR_umap_cpu_binary_knn","UMAP","cpu","embedding_from_precomputed_knn",1,1,965282,14,30,,"float32",,3,3,"success",2175.047,1989.7905,2255.7525,265.962,272.725911208182,1804.534,2336.458,,,,,,,,,,,,,,,,,,,,,,,,,,,,,2175.047,1989.7905,2255.7525,265.962,272.725911208182,1804.534,2336.458,3.97852325439453,3.97841644287109,3.98204231262207,0.00362586975097656,0.0041265086906808,3.97830963134766,3.98556137084961,,,,,,,,,,,,,,,0.971212426235036,0.969954763109087,0.971388956331142,0.00143419322205407,0.00156413759228256,0.968697099983139,0.971565486427247,0.316133333333333,0.3048,0.31885,0.01405,0.0149047469445636,0.293466666666667,0.321566666666667,0.4139,0.406166666666666,0.4195,0.0133333333333335,0.0133901013743295,0.398433333333333,0.4251,0.49609,0.489425,0.500455,0.01103,0.0111096459589554,0.48276,0.50482,0.328159705538707,0.318204761597928,0.343007130290469,0.0248023686925405,0.0249626978160614,0.30824981765715,0.357854555042231,0.9045,0.9045,0.90675,0.00224999999999997,0.00259807621135335,0.9045,0.909,,,,,,,,,,,,,,,,,,,,,,,,,,,,,,,,,,,,,,,,,,,,,,,,,,,,,,,,,,,,,,,,,,,,,,,,,,,,,,,,,,,,,"standard","cpu1","/Users/stefano/Documents/fastEmbedR-results/fastEmbedR-results/mass41/standard/cpu1/20260727_073247_1118049","/Users/stefano/Documents/fastEmbedR-results/fastEmbedR-results/mass41/standard/cpu1/20260727_073247_1118049/benchmark_summary_median_variability.csv",TRUE
"mass41","fastEmbedR_umap_cpu_fuzzy_full","UMAP","cpu","full_pipeline",1,1,965282,14,30,,"float32",,3,3,"success",635.5,600.378,640.282,39.904,43.5794418198918,565.256,645.064,0.00700000000000012,0.005,0.00750000000000007,0.00250000000000006,0.00264575131106468,0.00299999999999989,0.00800000000000001,185.375,182.1005,189.1515,7.05099999999999,7.05695418245955,178.826,192.928,,,,,,,,,,,,,,,442.306,410.973,454.1275,43.1545,44.6005651795281,379.64,465.949,3.77199172973633,3.77184295654297,3.77206993103027,0.000226974487304688,0.000230602577788849,3.77169418334961,3.77214813232422,,,,,,,,,,,,,,,0.970443213623335,0.969418689934244,0.970915857359636,0.00149716742539197,0.00153069726826877,0.968394166245153,0.971388501095937,0.3126,0.300833333333334,0.3151,0.0142666666666665,0.0152368461789661,0.289066666666667,0.3176,0.4129,0.402058333333334,0.416891666666666,0.014833333333333,0.0153515019171123,0.391216666666667,0.420883333333333,0.49557,0.48571,0.49846,0.01275,0.0133699713288149,0.47585,0.50135,0.335485836807397,0.322274863786595,0.343104621519615,0.0208297577330205,0.0210784960858822,0.309063890765792,0.350723406231833,0.904,0.90375,0.90575,0.002,0.00217944947177033,0.9035,0.9075,,,,,,,,,,,,,,,,,,,,,,,,,,,,,,,,,,,,,,,,,,,,,,,,,,,,,,,,,,,,,,,,,,,,,,,,,,,,,,,,,,,,,"standard","cpu1","/Users/stefano/Documents/fastEmbedR-results/fastEmbedR-results/mass41/standard/cpu1/20260727_073247_1118049","/Users/stefano/Documents/fastEmbedR-results/fastEmbedR-results/mass41/standard/cpu1/20260727_073247_1118049/benchmark_summary_median_variability.csv",TRUE
"mass41","fastEmbedR_umap_cpu_fuzzy_knn","UMAP","cpu","embedding_from_precomputed_knn",1,1,965282,14,30,,"float32",,3,3,"success",384.656,383.682,385.517,1.83499999999998,1.83615939758324,382.708,386.378,,,,,,,,,,,,,,,,,,,,,,,,,,,,,384.656,383.682,385.517,1.83499999999998,1.83615939758324,382.708,386.378,3.98921203613281,3.98740577697754,3.98922157287598,0.0018157958984375,0.00209121620598505,3.98559951782227,3.98923110961914,,,,,,,,,,,,,,,0.970443213623335,0.969418689934244,0.970915857359636,0.00149716742539197,0.00153069726826877,0.968394166245153,0.971388501095937,0.3126,0.300833333333334,0.3151,0.0142666666666665,0.0152368461789661,0.289066666666667,0.3176,0.4129,0.402058333333334,0.416891666666666,0.014833333333333,0.0153515019171123,0.391216666666667,0.420883333333333,0.49557,0.48571,0.49846,0.01275,0.0133699713288149,0.47585,0.50135,0.335485836807397,0.322274863786595,0.343104621519615,0.0208297577330205,0.0210784960858822,0.309063890765792,0.350723406231833,0.904,0.90375,0.90575,0.002,0.00217944947177033,0.9035,0.9075,,,,,,,,,,,,,,,,,,,,,,,,,,,,,,,,,,,,,,,,,,,,,,,,,,,,,,,,,,,,,,,,,,,,,,,,,,,,,,,,,,,,,"standard","cpu1","/Users/stefano/Documents/fastEmbedR-results/fastEmbedR-results/mass41/standard/cpu1/20260727_073247_1118049","/Users/stefano/Documents/fastEmbedR-results/fastEmbedR-results/mass41/standard/cpu1/20260727_073247_1118049/benchmark_summary_median_variability.csv",TRUE
"mass41","umap_package","UMAP","cpu","full_pipeline",1,1,,,30,,"standard_R_double",,1,0,"failed",,,,,,,,,,,,,,,,,,,,,,,,,,,,,,,,,,,,,,,,,,,31.5570945739746,31.5570945739746,31.5570945739746,0,0,31.5570945739746,31.5570945739746,,,,,,,,,,,,,,,,,,,,,,,,,,,,,,,,,,,,,,,,,,,,,,,,,,,,,,,,,,,,,,,,,,,,,,,,,,,,,,,,,,,,,,,,,,,,,,,,,,,,,,,,,,,,,,,,,,,,,,,,,,,,,,,,,,,,,,,,,,,,,"standard","cpu1","/Users/stefano/Documents/fastEmbedR-results/fastEmbedR-results/mass41/standard/cpu1/20260727_073247_1118049","/Users/stefano/Documents/fastEmbedR-results/fastEmbedR-results/mass41/standard/cpu1/20260727_073247_1118049/benchmark_summary_median_variability.csv",TRUE
"mass41","umap_package_knn","UMAP","cpu","embedding_from_precomputed_knn",1,1,965282,14,30,,"standard_R_double",,3,3,"success",4919.294,4369.9325,4971.3145,601.382000000001,666.415536046642,3820.571,5023.335,,,,,,,,,,,,,,,,,,,,,,,,,,,,,4919.294,4369.9325,4971.3145,601.382000000001,666.415536046642,3820.571,5023.335,25.1218223571777,25.1217746734619,25.1218605041504,8.58306884765625e-05,8.60071135105685e-05,25.1217269897461,25.121898651123,,,,,,,,,,,,,,,0.971112257629405,0.969860976226606,0.971164382060361,0.0013034058337551,0.00147587011008415,0.968609694823807,0.971216506491317,0.309466666666667,0.300366666666667,0.31375,0.013383333333333,0.0136692003071514,0.291266666666667,0.318033333333333,0.412633333333333,0.406016666666666,0.41795,0.0119333333333336,0.0119569133884035,0.3994,0.423266666666667,0.49835,0.491505,0.501,0.00949500000000003,0.00979903226514404,0.48466,0.50365,0.30310058978784,0.301426820693183,0.318942599709008,0.017515779015824,0.0193317234247368,0.299753051598527,0.334784609630175,0.8995,0.8985,0.9,0.00149999999999995,0.00152752523165195,0.8975,0.9005,,,,,,,,,,,,,,,,,,,,,,,,,,,,,,,,,,,,,,,,,,,,,,,,,,,,,,,,,,,,,,,,,,,,,,,,,,,,,,,,,,,,,"standard","cpu1","/Users/stefano/Documents/fastEmbedR-results/fastEmbedR-results/mass41/standard/cpu1/20260727_073247_1118049","/Users/stefano/Documents/fastEmbedR-results/fastEmbedR-results/mass41/standard/cpu1/20260727_073247_1118049/benchmark_summary_median_variability.csv",TRUE
"mass41","uwot_default","UMAP","cpu","full_pipeline",1,1,965282,14,30,,"standard_R_double",,3,3,"success",1236.062,1192.551,1247.364,54.8130000000001,57.881530122599,1149.04,1258.666,,,,,,,,,,,,,,,,,,,,,,,,,,,,,,,,,,,,6.00851821899414,6.00846672058105,6.00858116149902,0.00011444091796875,0.000114631494150671,6.00841522216797,6.00864410400391,,,,,,,,,,,,,,,0.971752267745743,0.970561515764626,0.97190751138088,0.00134599561625404,0.00147279667430339,0.96937076378351,0.972062755016018,0.3124,0.303583333333334,0.31625,0.0126666666666665,0.0129871874182608,0.294766666666667,0.3201,0.41235,0.406383333333333,0.417508333333333,0.011125,0.0111347845028957,0.400416666666667,0.422666666666667,0.49693,0.49051,0.500035,0.00952500000000001,0.00971538470674219,0.48409,0.50314,0.32903173831227,0.319825003956085,0.336705917469256,0.0168809135131706,0.0169040867697333,0.310618269599901,0.344380096626242,0.899,0.8985,0.901,0.00249999999999995,0.00264575131106459,0.898,0.903,,,,,,,,,,,,,,,,,,,,,,,,,,,,,,,,,,,,,,,,,,,,,,,,,,,,,,,,,,,,,,,,,,,,,,,,,,,,,,,,,,,,,"standard","cpu1","/Users/stefano/Documents/fastEmbedR-results/fastEmbedR-results/mass41/standard/cpu1/20260727_073247_1118049","/Users/stefano/Documents/fastEmbedR-results/fastEmbedR-results/mass41/standard/cpu1/20260727_073247_1118049/benchmark_summary_median_variability.csv",TRUE
"mass41","uwot_fast_sgd","UMAP","cpu","full_pipeline",1,1,965282,14,30,,"standard_R_double",,3,3,"success",940.49,918.877,1012.426,93.5490000000001,97.9568791731001,897.264,1084.362,,,,,,,,,,,,,,,,,,,,,,,,,,,,,,,,,,,,6.00844192504883,6.00834083557129,6.00844955444336,0.000108718872070312,0.000121372932936123,6.00823974609375,6.00845718383789,,,,,,,,,,,,,,,0.971431074017872,0.970773630079244,0.97165907098297,0.000885440903725998,0.000919500133233004,0.970116186140617,0.971887067948069,0.3127,0.3041,0.315566666666666,0.0114666666666665,0.0119348850636057,0.2955,0.318433333333333,0.411533333333333,0.406516666666667,0.417658333333333,0.0111416666666665,0.011160027047624,0.4015,0.423783333333333,0.49698,0.491335,0.499995,0.00866,0.00879211199504038,0.48569,0.50301,0.321969396375246,0.315338431577909,0.331176054812219,0.0158376232343095,0.0159072847762808,0.308707466780572,0.340382713249191,0.9015,0.8995,0.9035,0.004,0.004,0.8975,0.9055,,,,,,,,,,,,,,,,,,,,,,,,,,,,,,,,,,,,,,,,,,,,,,,,,,,,,,,,,,,,,,,,,,,,,,,,,,,,,,,,,,,,,"standard","cpu1","/Users/stefano/Documents/fastEmbedR-results/fastEmbedR-results/mass41/standard/cpu1/20260727_073247_1118049","/Users/stefano/Documents/fastEmbedR-results/fastEmbedR-results/mass41/standard/cpu1/20260727_073247_1118049/benchmark_summary_median_variability.csv",TRUE
"mass41","uwot_knn","UMAP","cpu","embedding_from_precomputed_knn",1,1,965282,14,30,,"standard_R_double",,3,3,"success",531.751,517.137,576.685,59.548,62.0676923796377,502.523,621.619,,,,,,,,,,,,,,,,,,,,,,,,,,,,,531.751,517.137,576.685,59.548,62.0676923796377,502.523,621.619,7.29599761962891,7.29598045349121,7.29614639282227,0.000165939331054688,0.000182508449003688,7.29596328735352,7.29629516601562,,,,,,,,,,,,,,,0.971759298600573,0.970603018040803,0.971801854661945,0.00119883662114295,0.00136039332436274,0.969446737481032,0.971844410723318,0.311033333333333,0.3032,0.31625,0.01305,0.0131371539845894,0.295366666666667,0.321466666666667,0.409733333333333,0.404533333333333,0.416525,0.0119916666666671,0.0120268257257285,0.399333333333333,0.423316666666667,0.49563,0.489835,0.499315,0.00947999999999999,0.00955795131465594,0.48404,0.503,0.326859942946629,0.316552079577174,0.340593314722408,0.0240412351452345,0.0241224450789935,0.306244216207718,0.354326686498187,0.897,0.89625,0.899,0.00275000000000003,0.00284312035153869,0.8955,0.901,,,,,,,,,,,,,,,,,,,,,,,,,,,,,,,,,,,,,,,,,,,,,,,,,,,,,,,,,,,,,,,,,,,,,,,,,,,,,,,,,,,,,"standard","cpu1","/Users/stefano/Documents/fastEmbedR-results/fastEmbedR-results/mass41/standard/cpu1/20260727_073247_1118049","/Users/stefano/Documents/fastEmbedR-results/fastEmbedR-results/mass41/standard/cpu1/20260727_073247_1118049/benchmark_summary_median_variability.csv",TRUE
"mass41","fastEmbedR_pca_cpu","PCA","cpu","pca_only",4,4,965282,14,,,"float32",,3,3,"success",1.167,1.162,1.1805,0.0185,0.0191398362932741,1.157,1.194,,,,,,,,,,,,,,,1.167,1.162,1.1805,0.0185,0.0191398362932741,1.157,1.194,,,,,,,,,,,,,,,0.826160430908203,0.814540863037109,0.826225280761719,0.0116844177246094,0.0134547186413694,0.802921295166016,0.826290130615234,,,,,,,,,,,,,,,,,,,,,,,,,,,,,,,,,,,,,,,,,,,,,,,,,,,,,,,,,,,,,,,,,,,,,,,,,,,,,,,,,,,,,,,,,,,,,,,,,,,,,,,,,,,,,,,,,,,,,,,,,,,,,,,,,,,,,,,,,,,,,"standard","cpu4","/Users/stefano/Documents/fastEmbedR-results/fastEmbedR-results/mass41/standard/cpu4/20260727_073247_1118060","/Users/stefano/Documents/fastEmbedR-results/fastEmbedR-results/mass41/standard/cpu4/20260727_073247_1118060/benchmark_summary_median_variability.csv",TRUE
"mass41","irlba_pca","PCA","cpu","pca_only",4,4,965282,14,,,"standard_R_double",,3,3,"success",0.715,0.714,0.7195,0.00550000000000006,0.00585946527708232,0.713,0.724,,,,,,,,,,,,,,,0.715,0.714,0.7195,0.00550000000000006,0.00585946527708232,0.713,0.724,,,,,,,,,,,,,,,0.568050384521484,0.568008422851562,0.568170547485352,0.000162124633789062,0.000168294021500502,0.567966461181641,0.568290710449219,,,,,,,,,,,,,,,,,,,,,,,,,,,,,,,,,,,,,,,,,,,,,,,,,,,,,,,,,,,,,,,,,,,,,,,,,,,,,,,,,,,,,,,,,,,,,,,,,,,,,,,,,,,,,,,,,,,,,,,,,,,,,,,,,,,,,,,,,,,,,"standard","cpu4","/Users/stefano/Documents/fastEmbedR-results/fastEmbedR-results/mass41/standard/cpu4/20260727_073247_1118060","/Users/stefano/Documents/fastEmbedR-results/fastEmbedR-results/mass41/standard/cpu4/20260727_073247_1118060/benchmark_summary_median_variability.csv",TRUE
"mass41","fastEmbedR_tsne_cpu_full","t-SNE","cpu","full_pipeline",4,4,965282,14,,30,"float32",,3,3,"success",165.397,163.815,165.994,2.179,2.25198786260791,162.233,166.591,0.00500000000000012,0.005,0.00550000000000006,0.00050000000000006,0.000577350269189629,0.00499999999999989,0.00600000000000001,100.609,99.385,100.748,1.363,1.50005910994645,98.161,100.887,,,,,,,,,,,,,,,63.528,63.186,63.994,0.808,0.81116541675131,62.844,64.46,1.94643402099609,1.93916320800781,1.9536304473877,0.0144672393798828,0.0144673031256723,1.93189239501953,1.9608268737793,,,,,,,,,,,,,,,0.973045624683864,0.972593517113472,0.973201888383072,0.00060837126960045,0.000631894084253421,0.972141409543079,0.97335815208228,0.3511,0.342883333333334,0.352,0.00911666666666644,0.0100477931979189,0.334666666666667,0.3529,0.409116666666667,0.403275,0.412516666666667,0.00924166666666693,0.00934856396181545,0.397433333333333,0.415916666666667,0.46672,0.46028,0.468395,0.00811499999999998,0.00856864244401254,0.45384,0.47007,0.211441243569074,0.206884218455311,0.221208157159006,0.0143239387036955,0.014636354257986,0.202327193341547,0.230975070748938,0.879,0.8785,0.88675,0.00824999999999987,0.00925112605758525,0.878,0.8945,2.06647044994884,2.0658722919724,2.06701374203555,0.0011414500631548,0.00114188951682218,2.06527413399596,2.06755703412227,,,,,,,,,,,,,,,,,,,,,,,,,,,,,,,,,,,,,,,,,,,,,,,,,,,,,,,,,,,,,,,,,,,,,,,,,,,,,,"standard","cpu4","/Users/stefano/Documents/fastEmbedR-results/fastEmbedR-results/mass41/standard/cpu4/20260727_073247_1118060","/Users/stefano/Documents/fastEmbedR-results/fastEmbedR-results/mass41/standard/cpu4/20260727_073247_1118060/benchmark_summary_median_variability.csv",TRUE
"mass41","fastEmbedR_tsne_cpu_knn","t-SNE","cpu","embedding_from_precomputed_knn",4,4,965282,14,,30,"float32",,3,3,"success",66.596,65.8985,66.7225,0.823999999999998,0.887500046948361,65.201,66.849,,,,,,,,,,,,,,,,,,,,,,,,,,,,,66.596,65.8985,66.7225,0.823999999999998,0.887500046948361,65.201,66.849,1.75869369506836,1.75861167907715,1.7587833404541,0.000171661376953125,0.00017171788168703,1.75852966308594,1.75887298583984,,,,,,,,,,,,,,,0.973419575113809,0.97297483560951,0.973524489967965,0.000549654358455443,0.000583621034048795,0.97253009610521,0.973629404822121,0.3512,0.3431,0.352133333333334,0.0090333333333335,0.00993586843116813,0.335,0.353066666666667,0.4089,0.403208333333334,0.413166666666666,0.00995833333333296,0.00999226089420061,0.397516666666667,0.417433333333333,0.46736,0.460705,0.469485,0.00877999999999995,0.00916126083025692,0.45405,0.47161,0.211852313857332,0.207147206555754,0.220958002289005,0.013810795733251,0.0140425466664621,0.202442099254176,0.230063690720678,0.885,0.8805,0.89075,0.0102499999999999,0.0102753750945322,0.876,0.8965,2.06882672899412,2.06882672899412,2.06882672899412,0,0,2.06882672899412,2.06882672899412,,,,,,,,,,,,,,,,,,,,,,,,,,,,,,,,,,,,,,,,,,,,,,,,,,,,,,,,,,,,,,,,,,,,,,,,,,,,,,"standard","cpu4","/Users/stefano/Documents/fastEmbedR-results/fastEmbedR-results/mass41/standard/cpu4/20260727_073247_1118060","/Users/stefano/Documents/fastEmbedR-results/fastEmbedR-results/mass41/standard/cpu4/20260727_073247_1118060/benchmark_summary_median_variability.csv",TRUE
"mass41","KlugerLab_FItSNE","t-SNE","cpu","full_pipeline",4,4,965282,14,,30,"standard_R_double",,3,3,"success",330.166,329.9535,331.3715,1.41800000000001,1.5295120136828,329.741,332.577,,,,,,,,,,,,,,,,,,,,,,,,,,,,,,,,,,,,3.48077011108398,3.48049163818359,3.48353004455566,0.00303840637207031,0.0033592353501144,3.4802131652832,3.48628997802734,,,,,,,,,,,,,,,0.970281891755185,0.969542454897994,0.970306339571742,0.000763884673747883,0.000868287339649704,0.968803018040803,0.970330787388299,0.3423,0.33215,0.344316666666666,0.0121666666666665,0.0130414013107543,0.322,0.346333333333333,0.3981,0.393741666666667,0.404483333333334,0.010741666666667,0.0108051042465024,0.389383333333333,0.410866666666667,0.45512,0.45204,0.459545,0.00750499999999998,0.00754506682099854,0.44896,0.46397,0.191875033837874,0.191007368482646,0.199752325632744,0.00874495715009799,0.00963600348509827,0.190139703127418,0.207629617427614,0.8895,0.88725,0.89275,0.00549999999999995,0.00553022000767903,0.885,0.896,2.10785548429744,2.107705277558,2.10821758972997,0.000512312171970564,0.000526716983075172,2.10755507081856,2.1085796951625,,,,,,,,,,,,,,,,,,,,,,,,,,,,,,,,,,,,,,,,,,,,,,,,,,,,,,,,,,,,,,,,,,,,,,,,,,,,,,"standard","cpu4","/Users/stefano/Documents/fastEmbedR-results/fastEmbedR-results/mass41/standard/cpu4/20260727_073247_1118060","/Users/stefano/Documents/fastEmbedR-results/fastEmbedR-results/mass41/standard/cpu4/20260727_073247_1118060/benchmark_summary_median_variability.csv",TRUE
"mass41","Rtsne_full","t-SNE","cpu","full_pipeline",4,4,965282,14,,30,"standard_R_double",,3,3,"success",1604.383,1568.18,1692.575,124.395,127.965104873686,1531.977,1780.767,,,,,,,,,,,,,,,,,,,,,,,,,,,,,,,,,,,,3.40454483032227,3.40427780151367,3.4045581817627,0.000280380249023438,0.000316328657804916,3.40401077270508,3.40457153320312,,,,,,,,,,,,,,,0.868197706963413,0.863327533299613,0.873835331310066,0.0105077980104534,0.0105171358210633,0.858457359635812,0.879472955656719,0.205933333333333,0.205783333333333,0.213833333333333,0.00805,0.00920995837847997,0.205633333333333,0.221733333333333,0.283833333333333,0.283366666666666,0.293625,0.0102583333333335,0.0115852756165366,0.2829,0.303416666666667,0.34842,0.346685,0.35705,0.010365,0.0111031632129467,0.34495,0.36568,0.0855822786046271,0.0597658477805276,0.104914703916071,0.0451488561355435,0.0453037892400924,0.0339494169564281,0.124247129227515,0.7825,0.772,0.7955,0.0235,0.0235442845152138,0.7615,0.8085,2.50862643384549,2.47151306577784,2.51044455630459,0.0389314905267502,0.0439421484320406,2.4343996977102,2.5122626787637,,,,,,,,,,,,,,,,,,,,,,,,,,,,,,,,,,,,,,,,,,,,,,,,,,,,,,,,,,,,,,,,,,,,,,,,,,,,,,"standard","cpu4","/Users/stefano/Documents/fastEmbedR-results/fastEmbedR-results/mass41/standard/cpu4/20260727_073247_1118060","/Users/stefano/Documents/fastEmbedR-results/fastEmbedR-results/mass41/standard/cpu4/20260727_073247_1118060/benchmark_summary_median_variability.csv",TRUE
"mass41","Rtsne_neighbors","t-SNE","cpu","embedding_from_precomputed_knn",4,4,965282,14,,30,"standard_R_double",,3,3,"success",1048.311,1039.15,1067.7995,28.6495,29.2633946937125,1029.989,1087.288,,,,,,,,,,,,,,,,,,,,,,,,,,,,,1048.311,1039.15,1067.7995,28.6495,29.2633946937125,1029.989,1087.288,5.26381301879883,5.26375579833984,5.26385688781738,0.000101089477539062,0.000101382951178373,5.26369857788086,5.26390075683594,,,,,,,,,,,,,,,0.93363122576294,0.932675248693306,0.934441797336031,0.00176654864272507,0.00176854225091041,0.931719271623672,0.935252368909122,0.251133333333333,0.243883333333333,0.2519,0.00801666666666701,0.00884749389082309,0.236633333333333,0.252666666666667,0.342116666666667,0.336566666666667,0.344291666666667,0.00772499999999998,0.00796696303493368,0.331016666666667,0.346466666666667,0.41406,0.40937,0.41452,0.00514999999999999,0.00569971929133358,0.40468,0.41498,0.114158199498904,0.109829236047054,0.126442367643433,0.0166131315963785,0.0172363347420326,0.105500272595205,0.138726535787962,0.8165,0.8165,0.824,0.00750000000000006,0.00866025403784439,0.8165,0.8315,2.17879935723385,2.17879935723385,2.17879935723385,0,0,2.17879935723385,2.17879935723385,,,,,,,,,,,,,,,,,,,,,,,,,,,,,,,,,,,,,,,,,,,,,,,,,,,,,,,,,,,,,,,,,,,,,,,,,,,,,,"standard","cpu4","/Users/stefano/Documents/fastEmbedR-results/fastEmbedR-results/mass41/standard/cpu4/20260727_073247_1118060","/Users/stefano/Documents/fastEmbedR-results/fastEmbedR-results/mass41/standard/cpu4/20260727_073247_1118060/benchmark_summary_median_variability.csv",TRUE
"mass41","fastEmbedR_umap_cpu_binary_full","UMAP","cpu","full_pipeline",4,4,965282,14,30,,"float32",,3,3,"success",648.497,648.0655,650.0025,1.93700000000013,2.03382914719995,647.634,651.508,0.00500000000000012,0.005,0.00550000000000006,0.00050000000000006,0.000577350269189629,0.00499999999999989,0.00600000000000001,100.869,100.1785,101.846,1.6675,1.67568403942986,99.488,102.823,,,,,,,,,,,,,,,547.931,547.6705,548.1995,0.528999999999996,0.529020163446847,547.41,548.468,3.78676223754883,3.78674697875977,3.78676605224609,1.9073486328125e-05,2.01854805836837e-05,3.7867317199707,3.78676986694336,,,,,,,,,,,,,,,0.970748727027483,0.969615402124431,0.971088711852976,0.00147330972854509,0.00154286672003096,0.968482077221379,0.971428696678469,0.3141,0.305083333333333,0.3148,0.00971666666666648,0.0108383236369494,0.296066666666667,0.3155,0.412816666666667,0.405683333333334,0.417633333333334,0.01195,0.0120246198061095,0.39855,0.42245,0.49818,0.490205,0.50001,0.00980499999999995,0.0104271296785517,0.48223,0.50184,0.327286240808968,0.32227656112634,0.345183755758733,0.022907194632393,0.0240853689726899,0.317266881443711,0.363081270708497,0.907,0.905,0.909,0.004,0.004,0.903,0.911,,,,,,,,,,,,,,,,,,,,,,,,,,,,,,,,,,,,,,,,,,,,,,,,,,,,,,,,,,,,,,,,,,,,,,,,,,,,,,,,,,,,,"standard","cpu4","/Users/stefano/Documents/fastEmbedR-results/fastEmbedR-results/mass41/standard/cpu4/20260727_073247_1118060","/Users/stefano/Documents/fastEmbedR-results/fastEmbedR-results/mass41/standard/cpu4/20260727_073247_1118060/benchmark_summary_median_variability.csv",TRUE
"mass41","fastEmbedR_umap_cpu_binary_knn","UMAP","cpu","embedding_from_precomputed_knn",4,4,965282,14,30,,"float32",,3,3,"success",551.026,550.6475,552.2575,1.6099999999999,1.68363782724594,550.269,553.489,,,,,,,,,,,,,,,,,,,,,,,,,,,,,551.026,550.6475,552.2575,1.6099999999999,1.68363782724594,550.269,553.489,3.99038314819336,3.99028968811035,3.99039459228516,0.000104904174804688,0.000115096018594143,3.99019622802734,3.99040603637695,,,,,,,,,,,,,,,0.970752925307705,0.969614154442758,0.970834108919238,0.00121995447648005,0.00136422842327746,0.968475383577811,0.970915292530771,0.313533333333333,0.3057,0.314466666666667,0.00876666666666653,0.00962935327238747,0.297866666666667,0.3154,0.412383333333333,0.406391666666666,0.417566666666667,0.011175,0.0111847407625714,0.4004,0.42275,0.49693,0.490775,0.499325,0.00855000000000006,0.00882128297547096,0.48462,0.50172,0.320181882650214,0.315532815136391,0.345193689498445,0.0296608743620536,0.0319058174265321,0.310883747622568,0.370205496346675,0.91,0.90475,0.91,0.00525000000000009,0.00606217782649111,0.8995,0.91,,,,,,,,,,,,,,,,,,,,,,,,,,,,,,,,,,,,,,,,,,,,,,,,,,,,,,,,,,,,,,,,,,,,,,,,,,,,,,,,,,,,,"standard","cpu4","/Users/stefano/Documents/fastEmbedR-results/fastEmbedR-results/mass41/standard/cpu4/20260727_073247_1118060","/Users/stefano/Documents/fastEmbedR-results/fastEmbedR-results/mass41/standard/cpu4/20260727_073247_1118060/benchmark_summary_median_variability.csv",TRUE
"mass41","fastEmbedR_umap_cpu_fuzzy_full","UMAP","cpu","full_pipeline",4,4,965282,14,30,,"float32",,3,3,"success",214.018,213.9825,214.781,0.79849999999999,0.902231123382479,213.947,215.544,0.00500000000000012,0.005,0.00550000000000006,0.00050000000000006,0.000577350269189629,0.00499999999999989,0.00600000000000001,100.549,100.5105,101.301,0.790499999999994,0.891394600237925,100.472,102.053,,,,,,,,,,,,,,,113.256,113.2555,113.2625,0.007000000000005,0.0078102496759112,113.255,113.269,3.78675842285156,3.78667640686035,3.78683280944824,0.000156402587890625,0.000156464603193574,3.78659439086914,3.78690719604492,,,,,,,,,,,,,,,0.971099881976058,0.969882001348845,0.971236528410049,0.00135452706120409,0.00149145321294302,0.968664120721632,0.97137317484404,0.312866666666667,0.301433333333333,0.314866666666667,0.0134333333333335,0.0144954143451315,0.29,0.316866666666667,0.411016666666667,0.401983333333333,0.416425,0.0144416666666665,0.0145925304332196,0.39295,0.421833333333333,0.49575,0.487245,0.49867,0.011425,0.0118713113569367,0.47874,0.50159,0.319950295235557,0.318037099733526,0.332141012948713,0.014103913215187,0.0153012915222292,0.316123904231494,0.344331730661868,0.904,0.899,0.906,0.00700000000000001,0.00721110255092799,0.894,0.908,,,,,,,,,,,,,,,,,,,,,,,,,,,,,,,,,,,,,,,,,,,,,,,,,,,,,,,,,,,,,,,,,,,,,,,,,,,,,,,,,,,,,"standard","cpu4","/Users/stefano/Documents/fastEmbedR-results/fastEmbedR-results/mass41/standard/cpu4/20260727_073247_1118060","/Users/stefano/Documents/fastEmbedR-results/fastEmbedR-results/mass41/standard/cpu4/20260727_073247_1118060/benchmark_summary_median_variability.csv",TRUE
"mass41","fastEmbedR_umap_cpu_fuzzy_knn","UMAP","cpu","embedding_from_precomputed_knn",4,4,965282,14,30,,"float32",,3,3,"success",114.23,114.092,114.492,0.400000000000006,0.406356165615015,113.954,114.754,,,,,,,,,,,,,,,,,,,,,,,,,,,,,114.23,114.092,114.492,0.400000000000006,0.406356165615015,113.954,114.754,3.99000549316406,3.9900016784668,3.99002838134766,2.6702880859375e-05,2.88844215179457e-05,3.98999786376953,3.99005126953125,,,,,,,,,,,,,,,0.971381874894621,0.969822441409543,0.971399477322543,0.00157703591299951,0.00181092700216244,0.968263007924465,0.971417079750464,0.313266666666667,0.30105,0.314516666666667,0.013466666666667,0.0148808726347073,0.288833333333333,0.315766666666667,0.4111,0.400958333333334,0.416308333333334,0.01535,0.0156120175695709,0.390816666666667,0.421516666666667,0.49574,0.486345,0.498895,0.01255,0.01305686409518,0.47695,0.50205,0.338049397454838,0.326562631803221,0.341953540706786,0.015390908903564,0.0160014206982732,0.315075866151605,0.345857683958733,0.9045,0.90175,0.90625,0.00449999999999995,0.00453688586293873,0.899,0.908,,,,,,,,,,,,,,,,,,,,,,,,,,,,,,,,,,,,,,,,,,,,,,,,,,,,,,,,,,,,,,,,,,,,,,,,,,,,,,,,,,,,,"standard","cpu4","/Users/stefano/Documents/fastEmbedR-results/fastEmbedR-results/mass41/standard/cpu4/20260727_073247_1118060","/Users/stefano/Documents/fastEmbedR-results/fastEmbedR-results/mass41/standard/cpu4/20260727_073247_1118060/benchmark_summary_median_variability.csv",TRUE
"mass41","umap_package","UMAP","cpu","full_pipeline",4,4,,,30,,"standard_R_double",,1,0,"failed",,,,,,,,,,,,,,,,,,,,,,,,,,,,,,,,,,,,,,,,,,,31.5541191101074,31.5541191101074,31.5541191101074,0,0,31.5541191101074,31.5541191101074,,,,,,,,,,,,,,,,,,,,,,,,,,,,,,,,,,,,,,,,,,,,,,,,,,,,,,,,,,,,,,,,,,,,,,,,,,,,,,,,,,,,,,,,,,,,,,,,,,,,,,,,,,,,,,,,,,,,,,,,,,,,,,,,,,,,,,,,,,,,,"standard","cpu4","/Users/stefano/Documents/fastEmbedR-results/fastEmbedR-results/mass41/standard/cpu4/20260727_073247_1118060","/Users/stefano/Documents/fastEmbedR-results/fastEmbedR-results/mass41/standard/cpu4/20260727_073247_1118060/benchmark_summary_median_variability.csv",TRUE
"mass41","umap_package_knn","UMAP","cpu","embedding_from_precomputed_knn",4,4,965282,14,30,,"standard_R_double",,3,3,"success",4310.873,4307.311,4314.4025,7.09150000000045,7.09152482427674,4303.749,4317.932,,,,,,,,,,,,,,,,,,,,,,,,,,,,,4310.873,4307.311,4314.4025,7.09150000000045,7.09152482427674,4303.749,4317.932,25.1220092773438,25.0890865325928,25.12229347229,0.0332069396972656,0.0381810488136308,25.0561637878418,25.1225776672363,,,,,,,,,,,,,,,0.971112257629405,0.969860976226606,0.971164382060361,0.0013034058337551,0.00147587011008415,0.968609694823807,0.971216506491317,0.309466666666667,0.300366666666667,0.31375,0.013383333333333,0.0136692003071514,0.291266666666667,0.318033333333333,0.412633333333333,0.406016666666666,0.41795,0.0119333333333336,0.0119569133884035,0.3994,0.423266666666667,0.49835,0.491505,0.501,0.00949500000000003,0.00979903226514404,0.48466,0.50365,0.30310058978784,0.301426820693183,0.318942599709008,0.017515779015824,0.0193317234247368,0.299753051598527,0.334784609630175,0.8995,0.8985,0.9,0.00149999999999995,0.00152752523165195,0.8975,0.9005,,,,,,,,,,,,,,,,,,,,,,,,,,,,,,,,,,,,,,,,,,,,,,,,,,,,,,,,,,,,,,,,,,,,,,,,,,,,,,,,,,,,,"standard","cpu4","/Users/stefano/Documents/fastEmbedR-results/fastEmbedR-results/mass41/standard/cpu4/20260727_073247_1118060","/Users/stefano/Documents/fastEmbedR-results/fastEmbedR-results/mass41/standard/cpu4/20260727_073247_1118060/benchmark_summary_median_variability.csv",TRUE
"mass41","uwot_default","UMAP","cpu","full_pipeline",4,4,965282,14,30,,"standard_R_double",,3,3,"success",661.551,658.405,661.556,3.15100000000007,3.63557808333147,655.259,661.561,,,,,,,,,,,,,,,,,,,,,,,,,,,,,,,,,,,,6.00944900512695,6.00943374633789,6.00947761535645,4.38690185546875e-05,4.45411170657781e-05,6.00941848754883,6.00950622558594,,,,,,,,,,,,,,,0.971752267745743,0.970561515764626,0.97190751138088,0.00134599561625404,0.00147279667430339,0.96937076378351,0.972062755016018,0.3124,0.303583333333334,0.31625,0.0126666666666665,0.0129871874182608,0.294766666666667,0.3201,0.41235,0.406383333333333,0.417508333333333,0.011125,0.0111347845028957,0.400416666666667,0.422666666666667,0.49693,0.49051,0.500035,0.00952500000000001,0.00971538470674219,0.48409,0.50314,0.32903173831227,0.319825003956085,0.336705917469256,0.0168809135131706,0.0169040867697333,0.310618269599901,0.344380096626242,0.899,0.8985,0.901,0.00249999999999995,0.00264575131106459,0.898,0.903,,,,,,,,,,,,,,,,,,,,,,,,,,,,,,,,,,,,,,,,,,,,,,,,,,,,,,,,,,,,,,,,,,,,,,,,,,,,,,,,,,,,,"standard","cpu4","/Users/stefano/Documents/fastEmbedR-results/fastEmbedR-results/mass41/standard/cpu4/20260727_073247_1118060","/Users/stefano/Documents/fastEmbedR-results/fastEmbedR-results/mass41/standard/cpu4/20260727_073247_1118060/benchmark_summary_median_variability.csv",TRUE
"mass41","uwot_fast_sgd","UMAP","cpu","full_pipeline",4,4,965282,14,30,,"standard_R_double",,3,3,"success",347.603,346.8565,348.8995,2.04300000000001,2.06753049151237,346.11,350.196,,,,,,,,,,,,,,,,,,,,,,,,,,,,,,,,,,,,6.00962829589844,6.00949668884277,6.00963401794434,0.0001373291015625,0.000155375761828738,6.00936508178711,6.00963973999023,,,,,,,,,,,,,,,0.971209492497049,0.970363319844882,0.971440541224077,0.00107722137919408,0.00113425381384363,0.969517147192716,0.971671589951104,0.3106,0.301866666666667,0.315916666666667,0.01405,0.0141878012286508,0.293133333333333,0.321233333333333,0.411133333333333,0.4048,0.417725,0.012925,0.0129258605272674,0.398466666666667,0.424316666666667,0.49601,0.489585,0.498985,0.00940000000000002,0.00960871999800181,0.48316,0.50196,0.317990528454121,0.313623072780895,0.336669720142204,0.023046647361309,0.0244831210670298,0.309255617107668,0.355348911830286,0.896,0.89525,0.901,0.00575000000000003,0.00625166644450371,0.8945,0.906,,,,,,,,,,,,,,,,,,,,,,,,,,,,,,,,,,,,,,,,,,,,,,,,,,,,,,,,,,,,,,,,,,,,,,,,,,,,,,,,,,,,,"standard","cpu4","/Users/stefano/Documents/fastEmbedR-results/fastEmbedR-results/mass41/standard/cpu4/20260727_073247_1118060","/Users/stefano/Documents/fastEmbedR-results/fastEmbedR-results/mass41/standard/cpu4/20260727_073247_1118060/benchmark_summary_median_variability.csv",TRUE
"mass41","uwot_knn","UMAP","cpu","embedding_from_precomputed_knn",4,4,965282,14,30,,"standard_R_double",,3,3,"success",194.789,194.502,194.8295,0.327499999999986,0.357085890694845,194.215,194.87,,,,,,,,,,,,,,,,,,,,,,,,,,,,,194.789,194.502,194.8295,0.327499999999986,0.357085890694845,194.215,194.87,7.29706954956055,7.29702186584473,7.29713821411133,0.000116348266601562,0.000116977138591582,7.29697418212891,7.29720687866211,,,,,,,,,,,,,,,0.970875113808801,0.970115992244141,0.971304813690777,0.00118882144663601,0.00120393908220303,0.969356870679481,0.971734513572753,0.311133333333333,0.303316666666666,0.3153,0.0119833333333336,0.012167214599534,0.2955,0.319466666666667,0.410683333333333,0.40525,0.416966666666666,0.0117166666666665,0.0117269395458111,0.399816666666667,0.42325,0.49629,0.49071,0.499085,0.00837500000000002,0.008527955988004,0.48513,0.50188,0.320338088680127,0.314113578481731,0.338196739104196,0.024083160622465,0.0250023271949697,0.307889068283335,0.356055389528265,0.9,0.89675,0.90075,0.004,0.00425245027405771,0.8935,0.9015,,,,,,,,,,,,,,,,,,,,,,,,,,,,,,,,,,,,,,,,,,,,,,,,,,,,,,,,,,,,,,,,,,,,,,,,,,,,,,,,,,,,,"standard","cpu4","/Users/stefano/Documents/fastEmbedR-results/fastEmbedR-results/mass41/standard/cpu4/20260727_073247_1118060","/Users/stefano/Documents/fastEmbedR-results/fastEmbedR-results/mass41/standard/cpu4/20260727_073247_1118060/benchmark_summary_median_variability.csv",TRUE
"mass41","fastEmbedR_pca_cuda","PCA","cuda","pca_only",1,,965282,14,,,"float32",,3,3,"success",1.719,1.7155,1.734,0.0185,0.0196553639837408,1.712,1.749,,,,,,,,,,,,,,,1.719,1.7155,1.734,0.0185,0.0196553639837408,1.712,1.749,,,,,,,,,,,,,,,1.00149536132812,0.975543975830078,1.00156784057617,0.0260238647460938,0.0300080122504265,0.949592590332031,1.00164031982422,437,437,491,54,62.3538290724796,437,545,437,437,491,54,62.3538290724796,437,545,,,,,,,,,,,,,,,,,,,,,,,,,,,,,,,,,,,,,,,,,,,,,,,,,,,,,,,,,,,,,,,,,,,,,,,,,,,,,,,,,,,,,,,,,,,,,,,,,,,,,,,,,,,,,,,,,,,,,,,,,,,,,,,"standard","cuda","/Users/stefano/Documents/fastEmbedR-results/fastEmbedR-results/mass41/standard/cuda/20260727_090955_1118071","/Users/stefano/Documents/fastEmbedR-results/fastEmbedR-results/mass41/standard/cuda/20260727_090955_1118071/benchmark_summary_median_variability.csv",TRUE
"mass41","fastEmbedR_tsne_cuda_full","t-SNE","cuda","full_pipeline",1,,965282,14,,30,"float32",,3,3,"success",5.685,5.683,5.746,0.0630000000000006,0.0716193642343562,5.681,5.807,0.012,0.0115,0.0155000000000001,0.0040000000000001,0.00435889894354077,0.0109999999999999,0.0190000000000001,1.356,1.3535,1.3855,0.032,0.0355949434611154,1.351,1.415,,,,,,,,,,,,,,,4.057,4.0545,4.089,0.0345000000000004,0.0384751001731426,4.052,4.121,0.947830200195312,0.947748184204102,0.947902679443359,0.000154495239257812,0.000154593322764561,0.947666168212891,0.947975158691406,1295,1294,1295,1,1.15470053837925,1293,1295,1295,1294,1295,1,1.15470053837925,1293,1295,0.975061996290676,0.974488332490305,0.975122272803912,0.000633940313606418,0.000699811276997541,0.973914668689934,0.975182549317147,0.355633333333333,0.346,0.355733333333333,0.00973333333333304,0.01118179737755,0.336366666666667,0.355833333333333,0.415583333333333,0.408125,0.417908333333333,0.00978333333333298,0.0102223928125859,0.400666666666667,0.420233333333333,0.47162,0.46509,0.47289,0.00780000000000003,0.00837033651255033,0.45856,0.47416,0.224885883354247,0.221495524889278,0.235987647378613,0.0144921224893345,0.0151605916599488,0.21810516642431,0.247089411402979,0.8885,0.887,0.89525,0.00824999999999998,0.00878919791562351,0.8855,0.902,2.036152137496,2.03607268901621,2.03836293759043,0.00229024857421489,0.00259989585049655,2.03599324053642,2.04057373768485,,,,,,,,,,,,,,,,,,,,,,,,,,,,,,,,,,,,,,,,,,,,,,,,,,,,,,,,,,,,,,,,,,,,,,,,,,,,,,"standard","cuda","/Users/stefano/Documents/fastEmbedR-results/fastEmbedR-results/mass41/standard/cuda/20260727_090955_1118071","/Users/stefano/Documents/fastEmbedR-results/fastEmbedR-results/mass41/standard/cuda/20260727_090955_1118071/benchmark_summary_median_variability.csv",TRUE
"mass41","fastEmbedR_tsne_cuda_knn","t-SNE","cuda","embedding_from_precomputed_knn",1,,965282,14,,30,"float32",,3,3,"success",4.461,4.4595,4.4675,0.00800000000000001,0.00850490054811537,4.458,4.474,,,,,,,,,,,,,,,,,,,,,,,,,,,,,4.461,4.4595,4.4675,0.00800000000000001,0.00850490054811537,4.458,4.474,1.29079818725586,1.2907543182373,1.29080581665039,5.14984130859375e-05,5.55864791727559e-05,1.29071044921875,1.29081344604492,1111,1111,1111,0,0,1111,1111,1111,1111,1111,0,0,1111,1111,0.974731849603777,0.974021606811667,0.975023512055303,0.00100190524363508,0.0010306392600701,0.973311364019558,0.975315174506828,0.353633333333333,0.345483333333333,0.355016666666667,0.0095333333333335,0.0103027684161608,0.337333333333333,0.3564,0.412033333333333,0.4057,0.416616666666667,0.0109166666666666,0.0109633226917956,0.399366666666667,0.4212,0.47073,0.46429,0.47519,0.0109,0.0109597810197102,0.45785,0.47965,0.234970590872913,0.228490384432234,0.247777828867758,0.0192874444355235,0.0196303155590838,0.222010177991555,0.260585066862602,0.891,0.883,0.8955,0.0125,0.0126622799421484,0.875,0.9,2.05273476886223,2.05220084375796,2.05274763530898,0.000546791551019776,0.00062408469654288,2.05166691865369,2.05276050175573,,,,,,,,,,,,,,,,,,,,,,,,,,,,,,,,,,,,,,,,,,,,,,,,,,,,,,,,,,,,,,,,,,,,,,,,,,,,,,"standard","cuda","/Users/stefano/Documents/fastEmbedR-results/fastEmbedR-results/mass41/standard/cuda/20260727_090955_1118071","/Users/stefano/Documents/fastEmbedR-results/fastEmbedR-results/mass41/standard/cuda/20260727_090955_1118071/benchmark_summary_median_variability.csv",TRUE
"mass41","rapids_cuml_tsne_full","t-SNE","cuda","full_pipeline",1,,965282,14,,30,"standard_R_double",,3,3,"success",36.415,36.315,37.475,1.16,1.28561269439905,36.215,38.535,,,,,,,,,,,,,,,,,,,,,,,,,,,,,,,,,,,,1.5805549621582,1.57074928283691,1.5815544128418,0.0108051300048828,0.01194155442264,1.56094360351562,1.58255386352539,2271,2271,2271,0,0,2271,2271,2271,2271,2271,0,0,2271,2271,0.97320762097454,0.972714938458945,0.97332076378351,0.000605825324565434,0.000644236851000228,0.972222255943349,0.97343390659248,0.356966666666667,0.3481,0.35725,0.00914999999999999,0.0104057854278461,0.339233333333333,0.357533333333333,0.417866666666667,0.409716666666667,0.418441666666667,0.00872499999999998,0.00975973872601105,0.401566666666667,0.419016666666667,0.47341,0.46701,0.47393,0.00691999999999993,0.00770786611196638,0.46061,0.47445,0.248011951821151,0.226158007454366,0.248212401915775,0.022054394461409,0.0253512837240562,0.204304063087581,0.248412852010399,0.898,0.89025,0.89975,0.00950000000000006,0.0101118742080784,0.8825,0.9015,2.00665916520948,2.00264471827174,2.00881309336358,0.0061683750918351,0.00626120552729182,1.99863027133401,2.01096702151768,,,,,,,,,,,,,,,,,,,,,,,,,,,,,,,,,,,,,,,,,,,,,,,,,,,,,,,,,,,,,,,,,,,,,,,,,,,,,,"standard","cuda","/Users/stefano/Documents/fastEmbedR-results/fastEmbedR-results/mass41/standard/cuda/20260727_090955_1118071","/Users/stefano/Documents/fastEmbedR-results/fastEmbedR-results/mass41/standard/cuda/20260727_090955_1118071/benchmark_summary_median_variability.csv",TRUE
"mass41","fastEmbedR_umap_cuda_binary_full","UMAP","cuda","full_pipeline",1,,965282,14,30,,"float32",,3,3,"success",2.997,2.9645,3.015,0.0504999999999995,0.0511891915674914,2.932,3.033,0.0119999999999998,0.0114999999999999,0.0149999999999999,0.00350000000000005,0.00378593889720026,0.0109999999999999,0.018,1.397,1.37,1.4175,0.0474999999999999,0.0476480149988783,1.343,1.438,,,,,,,,,,,,,,,1.331,1.3285,1.3375,0.0089999999999999,0.00929157324317759,1.326,1.344,0.896560668945312,0.896490097045898,0.896564483642578,7.43865966796875e-05,8.37787191265316e-05,0.896419525146484,0.896568298339844,2845,2845,2845,0,0,2845,2845,2845,2845,2845,0,0,2845,2845,0.971032743213623,0.969943542404316,0.971204459618951,0.00126091721463495,0.00136766398139711,0.968854341595009,0.971376176024279,0.309133333333333,0.300416666666666,0.313233333333333,0.0128166666666665,0.0130908930742511,0.2917,0.317333333333333,0.410983333333333,0.404666666666667,0.416408333333333,0.0117416666666665,0.0117529468329971,0.39835,0.421833333333333,0.4956,0.488845,0.499475,0.01063,0.0107592611270477,0.48209,0.50335,0.312725558176293,0.306912225149032,0.330814743039466,0.023902517890434,0.0249311560288515,0.301098892121771,0.348903927902639,0.904,0.90325,0.90675,0.00349999999999995,0.00368555739791599,0.9025,0.9095,,,,,,,,,,,,,,,,,,,,,,,,,,,,,,,,,,,,,,,,,,,,,,,,,,,,,,,,,,,,,,,,,,,,,,,,,,,,,,,,,,,,,"standard","cuda","/Users/stefano/Documents/fastEmbedR-results/fastEmbedR-results/mass41/standard/cuda/20260727_090955_1118071","/Users/stefano/Documents/fastEmbedR-results/fastEmbedR-results/mass41/standard/cuda/20260727_090955_1118071/benchmark_summary_median_variability.csv",TRUE
"mass41","fastEmbedR_umap_cuda_binary_knn","UMAP","cuda","embedding_from_precomputed_knn",1,,965282,14,30,,"float32",,3,3,"success",23.015,22.9785,23.021,0.0425000000000004,0.0460036230457273,22.942,23.027,,,,,,,,,,,,,,,,,,,,,,,,,,,,,23.015,22.9785,23.021,0.0425000000000004,0.0460036230457273,22.942,23.027,3.98169708251953,3.98158073425293,3.9852466583252,0.00366592407226562,0.00416749522078618,3.98146438598633,3.98879623413086,1125,1125,1125,0,0,1125,1125,1125,1125,1125,0,0,1125,1125,0.968746063058506,0.9677531107739,0.968969465520149,0.00121635474624859,0.00129495991394678,0.966760158489294,0.969192867981791,0.2959,0.2874,0.300633333333334,0.0132333333333335,0.0134108303385873,0.2789,0.305366666666667,0.396616666666667,0.391358333333333,0.403583333333334,0.012225,0.012264722823037,0.3861,0.41055,0.48338,0.47808,0.486765,0.00868500000000005,0.00875509185179306,0.47278,0.49015,0.346758933215733,0.333027897088847,0.366520079647249,0.0334921825584025,0.0336726452176545,0.31929686096196,0.386281226078765,0.901,0.89875,0.904,0.00525000000000009,0.0052678268764264,0.8965,0.907,,,,,,,,,,,,,,,,,,,,,,,,,,,,,,,,,,,,,,,,,,,,,,,,,,,,,,,,,,,,,,,,,,,,,,,,,,,,,,,,,,,,,"standard","cuda","/Users/stefano/Documents/fastEmbedR-results/fastEmbedR-results/mass41/standard/cuda/20260727_090955_1118071","/Users/stefano/Documents/fastEmbedR-results/fastEmbedR-results/mass41/standard/cuda/20260727_090955_1118071/benchmark_summary_median_variability.csv",TRUE
"mass41","fastEmbedR_umap_cuda_fuzzy_full","UMAP","cuda","full_pipeline",1,,965282,14,30,,"float32",,3,3,"success",2.093,2.089,2.099,0.0100000000000002,0.0100664459136943,2.085,2.105,0.012,0.011,0.017,0.006,0.00642910050732864,0.01,0.022,1.351,1.345,1.3525,0.00750000000000006,0.00793725393319382,1.339,1.354,,,,,,,,,,,,,,,0.495,0.4945,0.497,0.0025,0.00264575131106459,0.494,0.499,0.896839141845703,0.896736145019531,0.897546768188477,0.000810623168945312,0.000882592132761723,0.896633148193359,0.89825439453125,2845,2845,2845,0,0,2845,2845,2845,2845,2845,0,0,2845,2845,0.970076310908784,0.96945236047884,0.970400741864778,0.000948381385938002,0.00096401827003025,0.968828410048896,0.970725172820772,0.305233333333333,0.2992,0.308866666666667,0.00966666666666649,0.00976547205435765,0.293166666666667,0.3125,0.406116666666667,0.401875,0.4126,0.010725,0.0108028074197473,0.397633333333333,0.419083333333333,0.49284,0.486755,0.49484,0.00808500000000001,0.00842197324463415,0.48067,0.49684,0.284663769538077,0.280955872607238,0.306207727732818,0.02525185512558,0.0272708247232551,0.277247975676399,0.327751685927559,0.9025,0.88825,0.9035,0.01525,0.0170611644776473,0.874,0.9045,,,,,,,,,,,,,,,,,,,,,,,,,,,,,,,,,,,,,,,,,,,,,,,,,,,,,,,,,,,,,,,,,,,,,,,,,,,,,,,,,,,,,"standard","cuda","/Users/stefano/Documents/fastEmbedR-results/fastEmbedR-results/mass41/standard/cuda/20260727_090955_1118071","/Users/stefano/Documents/fastEmbedR-results/fastEmbedR-results/mass41/standard/cuda/20260727_090955_1118071/benchmark_summary_median_variability.csv",TRUE
"mass41","fastEmbedR_umap_cuda_fuzzy_knn","UMAP","cuda","embedding_from_precomputed_knn",1,,965282,14,30,,"float32",,3,3,"success",30.921,30.842,30.93,0.088000000000001,0.0968366321870661,30.763,30.939,,,,,,,,,,,,,,,,,,,,,,,,,,,,,30.921,30.842,30.93,0.088000000000001,0.0968366321870661,30.763,30.939,3.59047698974609,3.59042930603027,3.59051513671875,8.58306884765625e-05,8.60071135105685e-05,3.59038162231445,3.59055328369141,1125,1125,1125,0,0,1125,1125,1125,1125,1125,0,0,1125,1125,0.968997437194402,0.968894073512055,0.969398971505648,0.00050489799359299,0.000533439054857167,0.968790709829708,0.969800505816894,0.308233333333333,0.298766666666667,0.308316666666667,0.00955,0.0109795938668732,0.2893,0.3084,0.405416666666667,0.399333333333333,0.408708333333333,0.00937499999999997,0.00951254045594164,0.39325,0.412,0.48964,0.484095,0.490495,0.00640000000000002,0.00694924696160193,0.47855,0.49135,0.336878372525484,0.3318396484317,0.350794320568466,0.0189546721367665,0.0196353753251723,0.326800924337916,0.364710268611449,0.9035,0.89925,0.904,0.00474999999999992,0.00522015325445525,0.895,0.9045,,,,,,,,,,,,,,,,,,,,,,,,,,,,,,,,,,,,,,,,,,,,,,,,,,,,,,,,,,,,,,,,,,,,,,,,,,,,,,,,,,,,,"standard","cuda","/Users/stefano/Documents/fastEmbedR-results/fastEmbedR-results/mass41/standard/cuda/20260727_090955_1118071","/Users/stefano/Documents/fastEmbedR-results/fastEmbedR-results/mass41/standard/cuda/20260727_090955_1118071/benchmark_summary_median_variability.csv",TRUE
"mass41","rapids_cuml_umap_full","UMAP","cuda","full_pipeline",1,,965282,14,30,,"standard_R_double",,3,3,"success",9.792,9.7695,9.815,0.0454999999999988,0.0455009157417002,9.747,9.838,,,,,,,,,,,,,,,,,,,,,,,,,,,,,,,,,,,,2.17790603637695,2.16859245300293,2.18107223510742,0.0124797821044922,0.0129746576330248,2.15927886962891,2.18423843383789,1801,1801,1801,0,0,1801,1801,1801,1801,1801,0,0,1801,1801,0.967178536503119,0.966271075703929,0.967962240768842,0.00169116506491296,0.00169267377344472,0.965363614904738,0.968745945034564,0.298833333333333,0.291766666666667,0.303566666666667,0.0118,0.0118766499828367,0.2847,0.3083,0.400133333333333,0.394608333333333,0.406208333333333,0.0116,0.011604345450448,0.389083333333333,0.412283333333333,0.48786,0.48147,0.489085,0.00761499999999998,0.00817805804169508,0.47508,0.49031,0.307066420791956,0.303184591839027,0.322564751374952,0.019380159535925,0.0205078428983894,0.299302762886098,0.338063081957948,0.8845,0.88425,0.8905,0.00624999999999998,0.00707695791518737,0.884,0.8965,,,,,,,,,,,,,,,,,,,,,,,,,,,,,,,,,,,,,,,,,,,,,,,,,,,,,,,,,,,,,,,,,,,,,,,,,,,,,,,,,,,,,"standard","cuda","/Users/stefano/Documents/fastEmbedR-results/fastEmbedR-results/mass41/standard/cuda/20260727_090955_1118071","/Users/stefano/Documents/fastEmbedR-results/fastEmbedR-results/mass41/standard/cuda/20260727_090955_1118071/benchmark_summary_median_variability.csv",TRUE
