"dataset","method","family","backend","timing_scope","requested_threads","effective_threads","n","p","k","perplexity","input_type","landmark_fraction","n_runs","n_success","status","total_runtime_sec_median","total_runtime_sec_q1","total_runtime_sec_q3","total_runtime_sec_iqr","total_runtime_sec_sd","total_runtime_sec_min","total_runtime_sec_max","preprocess_sec_median","preprocess_sec_q1","preprocess_sec_q3","preprocess_sec_iqr","preprocess_sec_sd","preprocess_sec_min","preprocess_sec_max","knn_sec_median","knn_sec_q1","knn_sec_q3","knn_sec_iqr","knn_sec_sd","knn_sec_min","knn_sec_max","init_sec_median","init_sec_q1","init_sec_q3","init_sec_iqr","init_sec_sd","init_sec_min","init_sec_max","graph_or_affinity_sec_median","graph_or_affinity_sec_q1","graph_or_affinity_sec_q3","graph_or_affinity_sec_iqr","graph_or_affinity_sec_sd","graph_or_affinity_sec_min","graph_or_affinity_sec_max","embedding_sec_median","embedding_sec_q1","embedding_sec_q3","embedding_sec_iqr","embedding_sec_sd","embedding_sec_min","embedding_sec_max","peak_ram_gb_median","peak_ram_gb_q1","peak_ram_gb_q3","peak_ram_gb_iqr","peak_ram_gb_sd","peak_ram_gb_min","peak_ram_gb_max","peak_gpu_mb_median","peak_gpu_mb_q1","peak_gpu_mb_q3","peak_gpu_mb_iqr","peak_gpu_mb_sd","peak_gpu_mb_min","peak_gpu_mb_max","peak_gpu_delta_mb_median","peak_gpu_delta_mb_q1","peak_gpu_delta_mb_q3","peak_gpu_delta_mb_iqr","peak_gpu_delta_mb_sd","peak_gpu_delta_mb_min","peak_gpu_delta_mb_max","trustworthiness_median","trustworthiness_q1","trustworthiness_q3","trustworthiness_iqr","trustworthiness_sd","trustworthiness_min","trustworthiness_max","knn_preservation_15_median","knn_preservation_15_q1","knn_preservation_15_q3","knn_preservation_15_iqr","knn_preservation_15_sd","knn_preservation_15_min","knn_preservation_15_max","knn_preservation_30_median","knn_preservation_30_q1","knn_preservation_30_q3","knn_preservation_30_iqr","knn_preservation_30_sd","knn_preservation_30_min","knn_preservation_30_max","knn_preservation_50_median","knn_preservation_50_q1","knn_preservation_50_q3","knn_preservation_50_iqr","knn_preservation_50_sd","knn_preservation_50_min","knn_preservation_50_max","silhouette_median","silhouette_q1","silhouette_q3","silhouette_iqr","silhouette_sd","silhouette_min","silhouette_max","label_knn_accuracy_median","label_knn_accuracy_q1","label_knn_accuracy_q3","label_knn_accuracy_iqr","label_knn_accuracy_sd","label_knn_accuracy_min","label_knn_accuracy_max","tsne_kl_median","tsne_kl_q1","tsne_kl_q3","tsne_kl_iqr","tsne_kl_sd","tsne_kl_min","tsne_kl_max","n_landmarks_median","n_landmarks_q1","n_landmarks_q3","n_landmarks_iqr","n_landmarks_sd","n_landmarks_min","n_landmarks_max","reference_embedding_sec_median","reference_embedding_sec_q1","reference_embedding_sec_q3","reference_embedding_sec_iqr","reference_embedding_sec_sd","reference_embedding_sec_min","reference_embedding_sec_max","landmark_projection_knn_sec_median","landmark_projection_knn_sec_q1","landmark_projection_knn_sec_q3","landmark_projection_knn_sec_iqr","landmark_projection_knn_sec_sd","landmark_projection_knn_sec_min","landmark_projection_knn_sec_max","landmark_refinement_sec_median","landmark_refinement_sec_q1","landmark_refinement_sec_q3","landmark_refinement_sec_iqr","landmark_refinement_sec_sd","landmark_refinement_sec_min","landmark_refinement_sec_max","landmark_transform_sec_median","landmark_transform_sec_q1","landmark_transform_sec_q3","landmark_transform_sec_iqr","landmark_transform_sec_sd","landmark_transform_sec_min","landmark_transform_sec_max","kodama_core_sec_median","kodama_core_sec_q1","kodama_core_sec_q3","kodama_core_sec_iqr","kodama_core_sec_sd","kodama_core_sec_min","kodama_core_sec_max","kodama_visualization_sec_median","kodama_visualization_sec_q1","kodama_visualization_sec_q3","kodama_visualization_sec_iqr","kodama_visualization_sec_sd","kodama_visualization_sec_min","kodama_visualization_sec_max","kodama_core_peak_ram_gb_median","kodama_core_peak_ram_gb_q1","kodama_core_peak_ram_gb_q3","kodama_core_peak_ram_gb_iqr","kodama_core_peak_ram_gb_sd","kodama_core_peak_ram_gb_min","kodama_core_peak_ram_gb_max","kodama_visualization_peak_ram_gb_median","kodama_visualization_peak_ram_gb_q1","kodama_visualization_peak_ram_gb_q3","kodama_visualization_peak_ram_gb_iqr","kodama_visualization_peak_ram_gb_sd","kodama_visualization_peak_ram_gb_min","kodama_visualization_peak_ram_gb_max","kodama_core_peak_gpu_delta_mb_median","kodama_core_peak_gpu_delta_mb_q1","kodama_core_peak_gpu_delta_mb_q3","kodama_core_peak_gpu_delta_mb_iqr","kodama_core_peak_gpu_delta_mb_sd","kodama_core_peak_gpu_delta_mb_min","kodama_core_peak_gpu_delta_mb_max","kodama_visualization_peak_gpu_delta_mb_median","kodama_visualization_peak_gpu_delta_mb_q1","kodama_visualization_peak_gpu_delta_mb_q3","kodama_visualization_peak_gpu_delta_mb_iqr","kodama_visualization_peak_gpu_delta_mb_sd","kodama_visualization_peak_gpu_delta_mb_min","kodama_visualization_peak_gpu_delta_mb_max"
"COIL20","fastEmbedR_pca_cpu","PCA","cpu","pca_only",1,1,1440,16384,,,"float32",,3,3,"success",0.994,0.9315,1.0005,0.069,0.0761993000842746,0.869,1.007,,,,,,,,,,,,,,,0.994,0.9315,1.0005,0.069,0.0761993000842746,0.869,1.007,,,,,,,,,,,,,,,0.777191162109375,0.775848388671875,0.78485107421875,0.009002685546875,0.00971341481607498,0.774505615234375,0.792510986328125,,,,,,,,,,,,,,,,,,,,,,,,,,,,,,,,,,,,,,,,,,,,,,,,,,,,,,,,,,,,,,,,,,,,,,,,,,,,,,,,,,,,,,,,,,,,,,,,,,,,,,,,,,,,,,,,,,,,,,,,,,,,,,,,,,,,,,,,,,,,
"COIL20","fastEmbedR_pca_cpu","PCA","cpu","pca_only",4,4,1440,16384,,,"float32",,3,3,"success",0.894,0.881,0.972,0.091,0.0984344113272048,0.868,1.05,,,,,,,,,,,,,,,0.894,0.881,0.972,0.091,0.0984344113272048,0.868,1.05,,,,,,,,,,,,,,,0.771377563476562,0.752700805664062,0.778938293457031,0.0262374877929688,0.0270110062247537,0.734024047851562,0.7864990234375,,,,,,,,,,,,,,,,,,,,,,,,,,,,,,,,,,,,,,,,,,,,,,,,,,,,,,,,,,,,,,,,,,,,,,,,,,,,,,,,,,,,,,,,,,,,,,,,,,,,,,,,,,,,,,,,,,,,,,,,,,,,,,,,,,,,,,,,,,,,
"COIL20","fastEmbedR_pca_metal","PCA","metal","pca_only",4,,1440,16384,,,"float32",,3,3,"success",0.146,0.1435,0.174,0.0305,0.0338673884437522,0.141,0.202,,,,,,,,,,,,,,,0.146,0.1435,0.174,0.0305,0.0338673884437522,0.141,0.202,,,,,,,,,,,,,,,0.283096313476562,0.282051086425781,0.285446166992188,0.00339508056640625,0.00347763168310173,0.281005859375,0.287796020507812,,,,,,,,,,,,,,,,,,,,,,,,,,,,,,,,,,,,,,,,,,,,,,,,,,,,,,,,,,,,,,,,,,,,,,,,,,,,,,,,,,,,,,,,,,,,,,,,,,,,,,,,,,,,,,,,,,,,,,,,,,,,,,,,,,,,,,,,,,,,
"COIL20","irlba_pca","PCA","cpu","pca_only",1,1,1440,16384,,,"standard_R_double",,3,3,"success",1.082,1.0765,1.109,0.0325,0.0347898452617043,1.071,1.136,,,,,,,,,,,,,,,1.082,1.0765,1.109,0.0325,0.0347898452617043,1.071,1.136,,,,,,,,,,,,,,,0.5499267578125,0.546646118164062,0.606559753417969,0.0599136352539062,0.0673681550738926,0.543365478515625,0.663192749023438,,,,,,,,,,,,,,,,,,,,,,,,,,,,,,,,,,,,,,,,,,,,,,,,,,,,,,,,,,,,,,,,,,,,,,,,,,,,,,,,,,,,,,,,,,,,,,,,,,,,,,,,,,,,,,,,,,,,,,,,,,,,,,,,,,,,,,,,,,,,
"COIL20","irlba_pca","PCA","cpu","pca_only",4,4,1440,16384,,,"standard_R_double",,3,3,"success",1.058,1.0505,1.1175,0.0670000000000002,0.0734188894858356,1.043,1.177,,,,,,,,,,,,,,,1.058,1.0505,1.1175,0.0670000000000002,0.0734188894858356,1.043,1.177,,,,,,,,,,,,,,,0.671249389648438,0.600563049316406,0.677268981933594,0.0767059326171875,0.0853096098513634,0.529876708984375,0.68328857421875,,,,,,,,,,,,,,,,,,,,,,,,,,,,,,,,,,,,,,,,,,,,,,,,,,,,,,,,,,,,,,,,,,,,,,,,,,,,,,,,,,,,,,,,,,,,,,,,,,,,,,,,,,,,,,,,,,,,,,,,,,,,,,,,,,,,,,,,,,,,
"COIL20","fastEmbedR_umap_cpu_binary_full","UMAP","cpu","full_pipeline",1,1,1440,16384,30,,"float32",,3,3,"success",9.309,9.2785,9.38,0.1015,0.104158533015784,9.248,9.451,0.004,0.004,0.0045,5e-04,0.000577350269189626,0.004,0.005,5.039,5.0045,5.0525,0.048,0.0495075751779463,4.97,5.066,,,,,,,,,,,,,,,4.165,4.1635,4.199,0.0354999999999999,0.0401538707142078,4.162,4.233,0.394805908203125,0.354400634765625,0.396682739257812,0.0422821044921875,0.0477764584752452,0.313995361328125,0.3985595703125,,,,,,,,,,,,,,,0.877276524644946,0.874834522202943,0.878100700469121,0.00326617826617803,0.00339711271350195,0.872392519760941,0.878924876293297,0.519230769230769,0.518376068376069,0.528418803418804,0.010042735042735,0.0111357386502526,0.517521367521368,0.537606837606838,0.54551282051282,0.533119658119658,0.557264957264957,0.0241452991452991,0.0241481353753617,0.520726495726496,0.569017094017094,0.595384615384615,0.592692307692307,0.603782051282051,0.0110897435897436,0.0115685741918314,0.59,0.612179487179487,0.432755680984077,0.422226230511046,0.453226723436721,0.0310004929256745,0.0315273792969089,0.411696780038015,0.473697765889364,0.538461538461538,0.525641025641026,0.567307692307692,0.0416666666666665,0.042681590503073,0.512820512820513,0.596153846153846,,,,,,,,,,,,,,,,,,,,,,,,,,,,,,,,,,,,,,,,,,,,,,,,,,,,,,,,,,,,,,,,,,,,,,,,,,,,,,,,,,,,
"COIL20","fastEmbedR_umap_cpu_binary_full","UMAP","cpu","full_pipeline",4,4,1440,16384,30,,"float32",,3,3,"success",2.659,2.641,2.744,0.103,0.11002423975349,2.623,2.829,0.004,0.004,0.0045,5e-04,0.000577350269189626,0.004,0.005,2.215,2.2135,2.3125,0.0990000000000002,0.113459243783836,2.212,2.41,,,,,,,,,,,,,,,0.311,0.308,0.3265,0.0185,0.0198578280114753,0.305,0.342,0.37347412109375,0.347175598144531,0.388671875,0.0414962768554688,0.0419882922251051,0.320877075195312,0.40386962890625,,,,,,,,,,,,,,,0.805195681511471,0.794396247027826,0.80592346250241,0.011527215474584,0.0129108261273192,0.783596812544181,0.806651243493349,0.435042735042735,0.433760683760683,0.439957264957265,0.00619658119658151,0.00654185897618548,0.432478632478632,0.444871794871795,0.429700854700855,0.42809829059829,0.432264957264958,0.00416666666666698,0.00420348623352723,0.426495726495726,0.43482905982906,0.438461538461538,0.432115384615385,0.441602564102564,0.00948717948717953,0.0096659638367001,0.425769230769231,0.44474358974359,0.230695905499669,0.211385618849389,0.247129013719931,0.035743394870542,0.0357819739828713,0.192075332199109,0.263562121940193,0.384615384615385,0.346153846153846,0.461538461538462,0.115384615384615,0.117501940896303,0.307692307692308,0.538461538461538,,,,,,,,,,,,,,,,,,,,,,,,,,,,,,,,,,,,,,,,,,,,,,,,,,,,,,,,,,,,,,,,,,,,,,,,,,,,,,,,,,,,
"COIL20","fastEmbedR_umap_cpu_binary_knn","UMAP","cpu","embedding_from_precomputed_knn",1,1,1440,16384,30,,"float32",,3,3,"success",4.309,4.259,4.3215,0.0625,0.0661437827766149,4.209,4.334,,,,,,,,,,,,,,,,,,,,,,,,,,,,,4.309,4.259,4.3215,0.0625,0.0661437827766149,4.209,4.334,0.300155639648438,0.298896789550781,0.30450439453125,0.00560760498046875,0.00588453375191457,0.297637939453125,0.308853149414062,,,,,,,,,,,,,,,0.877276524644946,0.874834522202943,0.878100700469121,0.00326617826617803,0.00339711271350195,0.872392519760941,0.878924876293297,0.519230769230769,0.518376068376069,0.528418803418804,0.010042735042735,0.0111357386502526,0.517521367521368,0.537606837606838,0.54551282051282,0.533119658119658,0.557264957264957,0.0241452991452991,0.0241481353753617,0.520726495726496,0.569017094017094,0.595384615384615,0.592692307692307,0.603782051282051,0.0110897435897436,0.0115685741918314,0.59,0.612179487179487,0.432755680984077,0.422226230511046,0.453226723436721,0.0310004929256745,0.0315273792969089,0.411696780038015,0.473697765889364,0.538461538461538,0.525641025641026,0.567307692307692,0.0416666666666665,0.042681590503073,0.512820512820513,0.596153846153846,,,,,,,,,,,,,,,,,,,,,,,,,,,,,,,,,,,,,,,,,,,,,,,,,,,,,,,,,,,,,,,,,,,,,,,,,,,,,,,,,,,,
"COIL20","fastEmbedR_umap_cpu_binary_knn","UMAP","cpu","embedding_from_precomputed_knn",4,4,1440,16384,30,,"float32",,3,3,"success",0.369,0.3605,0.3715,0.011,0.0115325625946708,0.352,0.374,,,,,,,,,,,,,,,,,,,,,,,,,,,,,0.369,0.3605,0.3715,0.011,0.0115325625946708,0.352,0.374,0.297470092773438,0.294105529785156,0.305152893066406,0.01104736328125,0.0113251913865113,0.290740966796875,0.312835693359375,,,,,,,,,,,,,,,0.805195681511471,0.794396247027826,0.80592346250241,0.011527215474584,0.0129108261273192,0.783596812544181,0.806651243493349,0.435042735042735,0.433760683760683,0.439957264957265,0.00619658119658151,0.00654185897618548,0.432478632478632,0.444871794871795,0.429700854700855,0.42809829059829,0.432264957264958,0.00416666666666698,0.00420348623352723,0.426495726495726,0.43482905982906,0.438461538461538,0.432115384615385,0.441602564102564,0.00948717948717953,0.0096659638367001,0.425769230769231,0.44474358974359,0.230695905499669,0.211385618849389,0.247129013719931,0.035743394870542,0.0357819739828713,0.192075332199109,0.263562121940193,0.384615384615385,0.346153846153846,0.461538461538462,0.115384615384615,0.117501940896303,0.307692307692308,0.538461538461538,,,,,,,,,,,,,,,,,,,,,,,,,,,,,,,,,,,,,,,,,,,,,,,,,,,,,,,,,,,,,,,,,,,,,,,,,,,,,,,,,,,,
"COIL20","fastEmbedR_umap_cpu_fuzzy_full","UMAP","cpu","full_pipeline",1,1,1440,16384,30,,"float32",,3,3,"success",5.792,5.77,5.8085,0.0385000000000009,0.0386307304271267,5.748,5.825,0.005,0.0045,0.005,5e-04,0.000577350269189626,0.004,0.005,4.845,4.84,4.868,0.0280000000000005,0.0298663690461362,4.835,4.891,,,,,,,,,,,,,,,0.826,0.82,0.8355,0.0155,0.0156311654502578,0.814,0.845,0.385421752929688,0.345947265625,0.398574829101562,0.0526275634765625,0.0547777266062932,0.306472778320312,0.411727905273438,,,,,,,,,,,,,,,0.863733050575156,0.851924683503631,0.865538847117794,0.0136141636141635,0.0147883712189115,0.840116316432106,0.867344643660433,0.517521367521368,0.503418803418804,0.520512820512821,0.0170940170940175,0.0182580854359117,0.489316239316239,0.523504273504274,0.489529914529915,0.480662393162394,0.495726495726496,0.0150641025641025,0.015142825359249,0.471794871794872,0.501923076923077,0.507820512820513,0.503205128205129,0.525705128205128,0.0225,0.0237684839315083,0.498589743589744,0.543589743589744,0.534642109287752,0.528717950092293,0.544269173607368,0.0155512235150755,0.015697485624626,0.522793790896834,0.553896237926985,0.615384615384615,0.599358974358974,0.615384615384615,0.016025641025641,0.0185048163201802,0.583333333333333,0.615384615384615,,,,,,,,,,,,,,,,,,,,,,,,,,,,,,,,,,,,,,,,,,,,,,,,,,,,,,,,,,,,,,,,,,,,,,,,,,,,,,,,,,,,
"COIL20","fastEmbedR_umap_cpu_fuzzy_full","UMAP","cpu","full_pipeline",4,4,1440,16384,30,,"float32",,3,3,"success",2.401,2.3935,2.4115,0.0180000000000002,0.0180831413200252,2.386,2.422,0.005,0.005,0.005,0,0,0.005,0.005,2.156,2.151,2.169,0.0180000000000002,0.0185831464863551,2.146,2.182,,,,,,,,,,,,,,,0.136,0.1355,0.136,5e-04,0.000577350269189626,0.135,0.136,0.356033325195312,0.350677490234375,0.381332397460938,0.0306549072265625,0.0327460059925814,0.345321655273438,0.406631469726562,,,,,,,,,,,,,,,0.849167791273054,0.843053145684725,0.854710494184178,0.0116573484994534,0.0116620244174434,0.836938500096395,0.860253197095302,0.502564102564103,0.494017094017094,0.519444444444444,0.0254273504273504,0.0258785296704319,0.485470085470085,0.536324786324786,0.469444444444444,0.464209401709402,0.480235042735042,0.016025641025641,0.0163434768677393,0.458974358974359,0.491025641025641,0.522820512820513,0.509038461538462,0.532115384615385,0.023076923076923,0.0232218856243044,0.49525641025641,0.541410256410256,0.530055646817343,0.529561913101875,0.541702585609245,0.0121406725073701,0.0137426558601388,0.529068179386407,0.553349524401147,0.628205128205128,0.583333333333333,0.647435897435897,0.0641025641025644,0.0657897620441912,0.538461538461538,0.666666666666667,,,,,,,,,,,,,,,,,,,,,,,,,,,,,,,,,,,,,,,,,,,,,,,,,,,,,,,,,,,,,,,,,,,,,,,,,,,,,,,,,,,,
"COIL20","fastEmbedR_umap_cpu_fuzzy_knn","UMAP","cpu","embedding_from_precomputed_knn",1,1,1440,16384,30,,"float32",,3,3,"success",0.852,0.8495,0.853,0.00350000000000006,0.00360555127546399,0.847,0.854,,,,,,,,,,,,,,,,,,,,,,,,,,,,,0.852,0.8495,0.853,0.00350000000000006,0.00360555127546399,0.847,0.854,0.322662353515625,0.322456359863281,0.323829650878906,0.001373291015625,0.00148120327948274,0.322250366210938,0.324996948242188,,,,,,,,,,,,,,,0.863733050575156,0.851924683503631,0.865538847117794,0.0136141636141635,0.0147883712189115,0.840116316432106,0.867344643660433,0.517521367521368,0.503418803418804,0.520512820512821,0.0170940170940175,0.0182580854359117,0.489316239316239,0.523504273504274,0.489529914529915,0.480662393162394,0.495726495726496,0.0150641025641025,0.015142825359249,0.471794871794872,0.501923076923077,0.507820512820513,0.503205128205129,0.525705128205128,0.0225,0.0237684839315083,0.498589743589744,0.543589743589744,0.534642109287752,0.528717950092293,0.544269173607368,0.0155512235150755,0.015697485624626,0.522793790896834,0.553896237926985,0.615384615384615,0.599358974358974,0.615384615384615,0.016025641025641,0.0185048163201802,0.583333333333333,0.615384615384615,,,,,,,,,,,,,,,,,,,,,,,,,,,,,,,,,,,,,,,,,,,,,,,,,,,,,,,,,,,,,,,,,,,,,,,,,,,,,,,,,,,,
"COIL20","fastEmbedR_umap_cpu_fuzzy_knn","UMAP","cpu","embedding_from_precomputed_knn",4,4,1440,16384,30,,"float32",,3,3,"success",0.167,0.164,0.1885,0.0245,0.0267270150472015,0.161,0.21,,,,,,,,,,,,,,,,,,,,,,,,,,,,,0.167,0.164,0.1885,0.0245,0.0267270150472015,0.161,0.21,0.307876586914062,0.296989440917969,0.311973571777344,0.014984130859375,0.0154884776639731,0.286102294921875,0.316070556640625,,,,,,,,,,,,,,,0.849167791273054,0.843053145684725,0.854710494184178,0.0116573484994534,0.0116620244174434,0.836938500096395,0.860253197095302,0.502564102564103,0.494017094017094,0.519444444444444,0.0254273504273504,0.0258785296704319,0.485470085470085,0.536324786324786,0.469444444444444,0.464209401709402,0.480235042735042,0.016025641025641,0.0163434768677393,0.458974358974359,0.491025641025641,0.522820512820513,0.509038461538462,0.532115384615385,0.023076923076923,0.0232218856243044,0.49525641025641,0.541410256410256,0.530055646817343,0.529561913101875,0.541702585609245,0.0121406725073701,0.0137426558601388,0.529068179386407,0.553349524401147,0.628205128205128,0.583333333333333,0.647435897435897,0.0641025641025644,0.0657897620441912,0.538461538461538,0.666666666666667,,,,,,,,,,,,,,,,,,,,,,,,,,,,,,,,,,,,,,,,,,,,,,,,,,,,,,,,,,,,,,,,,,,,,,,,,,,,,,,,,,,,
"COIL20","fastEmbedR_umap_metal_binary_knn","UMAP","metal","embedding_from_precomputed_knn",4,,1440,16384,30,,"float32",,3,3,"success",0.324,0.3185,0.3255,0.00700000000000001,0.007371114795832,0.313,0.327,,,,,,,,,,,,,,,,,,,,,,,,,,,,,0.324,0.3185,0.3255,0.00700000000000001,0.007371114795832,0.313,0.327,0.331634521484375,0.316978454589844,0.332359313964844,0.015380859375,0.0173569670175071,0.302322387695312,0.333084106445312,,,,,,,,,,,,,,,0.883956686588266,0.874837735364052,0.886750530171583,0.0119127948075315,0.0124599495323749,0.865718784139837,0.8895443737549,0.533333333333333,0.52008547008547,0.539529914529915,0.0194444444444445,0.0198660500840503,0.506837606837607,0.545726495726496,0.531837606837607,0.50267094017094,0.543269230769231,0.040598290598291,0.0418696204079746,0.473504273504273,0.554700854700855,0.573076923076923,0.558076923076923,0.587692307692308,0.0296153846153845,0.0296162171045163,0.543076923076923,0.602307692307692,0.434634707062042,0.419035394760736,0.434832301788037,0.015796907027301,0.0181276926198309,0.40343608245943,0.435029896514032,0.621794871794872,0.557692307692308,0.628205128205129,0.0705128205128205,0.0779841350038233,0.493589743589744,0.634615384615385,,,,,,,,,,,,,,,,,,,,,,,,,,,,,,,,,,,,,,,,,,,,,,,,,,,,,,,,,,,,,,,,,,,,,,,,,,,,,,,,,,,,
"COIL20","fastEmbedR_umap_metal_fuzzy_knn","UMAP","metal","embedding_from_precomputed_knn",4,,1440,16384,30,,"float32",,3,3,"success",0.312,0.3,0.3125,0.0125,0.0141539158303748,0.288,0.313,,,,,,,,,,,,,,,,,,,,,,,,,,,,,0.312,0.3,0.3125,0.0125,0.0141539158303748,0.288,0.313,0.331817626953125,0.327842712402344,0.332511901855469,0.004669189453125,0.00503873618249726,0.323867797851562,0.333206176757812,,,,,,,,,,,,,,,0.83223764539554,0.825610500610501,0.85006908296382,0.0244585823533194,0.0252995581580319,0.818983355825461,0.8679005205321,0.496581196581197,0.492521367521367,0.512393162393162,0.019871794871795,0.0209982333583963,0.488461538461538,0.528205128205128,0.435897435897436,0.428525641025641,0.476068376068376,0.047542735042735,0.0511752508490368,0.421153846153846,0.516239316239316,0.47525641025641,0.470961538461539,0.505064102564103,0.034102564102564,0.0371477170479689,0.466666666666667,0.534871794871795,0.538456784222299,0.537222798716284,0.545206448018554,0.00798364930226991,0.00859532189713939,0.535988813210269,0.551956111814809,0.641025641025641,0.621794871794872,0.647435897435897,0.0256410256410254,0.026688025634181,0.602564102564103,0.653846153846154,,,,,,,,,,,,,,,,,,,,,,,,,,,,,,,,,,,,,,,,,,,,,,,,,,,,,,,,,,,,,,,,,,,,,,,,,,,,,,,,,,,,
"COIL20","fastEmbedR_tsne_cpu_full","t-SNE","cpu","full_pipeline",1,1,1440,16384,,30,"float32",,3,3,"success",8.23,8.1625,8.266,0.103499999999999,0.105085679328821,8.095,8.302,0.005,0.0045,0.005,5e-04,0.000577350269189626,0.004,0.005,4.964,4.9225,4.99,0.0674999999999999,0.0680906258844294,4.881,5.016,,,,,,,,,,,,,,,2.068,2.057,2.0705,0.0135000000000001,0.0143643076176103,2.046,2.073,0.811279296875,0.777961730957031,0.825164794921875,0.0472030639648438,0.0485180138531185,0.744644165039062,0.83905029296875,,,,,,,,,,,,,,,0.900485187327293,0.896320930531457,0.910579332947754,0.0142584024162971,0.0146636705257995,0.892156673735621,0.920673478568215,0.524786324786325,0.523504273504274,0.543162393162393,0.0196581196581199,0.0219964423327155,0.522222222222222,0.561538461538462,0.571367521367521,0.571047008547009,0.590384615384616,0.019337606837607,0.0221464162868998,0.570726495726496,0.60940170940171,0.672179487179487,0.663653846153846,0.674487179487179,0.0108333333333335,0.0114126570028248,0.655128205128205,0.676794871794872,0.44998715967165,0.44914520612084,0.451282277244581,0.00213707112374095,0.00215302706243472,0.448303252570031,0.452577394817513,0.576923076923077,0.57051282051282,0.599358974358974,0.028846153846154,0.0302936899118759,0.564102564102564,0.621794871794872,0.723996679788648,0.723884708327849,0.724097979800186,0.000213271472337517,0.000213360448200049,0.723772736867049,0.724199279811724,,,,,,,,,,,,,,,,,,,,,,,,,,,,,,,,,,,,,,,,,,,,,,,,,,,,,,,,,,,,,,,,,,,,,,,,,,,,,
"COIL20","fastEmbedR_tsne_cpu_full","t-SNE","cpu","full_pipeline",4,4,1440,16384,,30,"float32",,3,3,"success",4.126,4.0765,4.2135,0.137,0.138745570499866,4.027,4.301,0.004,0.004,0.0045,5e-04,0.000577350269189626,0.004,0.005,2.167,2.1615,2.3385,0.177,0.201281726277706,2.156,2.51,,,,,,,,,,,,,,,0.772,0.7385,0.818,0.0795000000000001,0.0798268960522288,0.705,0.864,0.809829711914062,0.7891845703125,0.819488525390625,0.030303955078125,0.0309606658294102,0.768539428710938,0.829147338867188,,,,,,,,,,,,,,,0.902554463080779,0.898335582546109,0.910778548936444,0.0124429663903349,0.0126560118446577,0.894116702011439,0.919002634792109,0.526923076923077,0.52457264957265,0.53931623931624,0.01474358974359,0.0158427359034611,0.522222222222222,0.551709401709402,0.57008547008547,0.568910256410256,0.586111111111111,0.0172008547008545,0.0192192906547046,0.567735042735043,0.602136752136752,0.670641025641026,0.66275641025641,0.670641025641026,0.00788461538461549,0.00910436962952884,0.654871794871795,0.670641025641026,0.453690524231772,0.452969583710073,0.454011634304562,0.00104205059448947,0.00106731324866104,0.452248643188374,0.454332744377353,0.57051282051282,0.551282051282051,0.596153846153846,0.0448717948717949,0.0450241613369777,0.532051282051282,0.621794871794872,0.722851250400052,0.721398038493766,0.724110249134481,0.00271221064071503,0.00271452748711725,0.71994482658748,0.72536924786891,,,,,,,,,,,,,,,,,,,,,,,,,,,,,,,,,,,,,,,,,,,,,,,,,,,,,,,,,,,,,,,,,,,,,,,,,,,,,
"COIL20","fastEmbedR_tsne_cpu_knn","t-SNE","cpu","embedding_from_precomputed_knn",1,1,1440,16384,,30,"float32",,3,3,"success",2.074,2.07,2.1385,0.0684999999999998,0.076891698728363,2.066,2.203,,,,,,,,,,,,,,,,,,,,,,,,,,,,,2.074,2.07,2.1385,0.0684999999999998,0.076891698728363,2.066,2.203,0.514923095703125,0.505470275878906,0.517280578613281,0.011810302734375,0.0125005807592663,0.496017456054688,0.519638061523438,,,,,,,,,,,,,,,0.905925069082964,0.900848274532485,0.912871923398239,0.0120236488657544,0.0120720271656529,0.895771479982006,0.919818777713515,0.514529914529914,0.514102564102564,0.531410256410256,0.017307692307692,0.0197430964035993,0.513675213675214,0.548290598290598,0.574786324786325,0.567200854700855,0.589636752136752,0.0224358974358976,0.0228246072279021,0.559615384615385,0.60448717948718,0.671410256410256,0.663205128205128,0.674166666666666,0.0109615384615385,0.011404012504612,0.655,0.676923076923077,0.452315682265426,0.451169280321394,0.471254742055976,0.0200854617345815,0.0225599644836988,0.450022878377362,0.490193801846525,0.608974358974359,0.564102564102564,0.612179487179487,0.0480769230769229,0.0537595966897826,0.519230769230769,0.615384615384615,0.719947731007726,0.719947731007726,0.719947731007726,0,0,0.719947731007726,0.719947731007726,,,,,,,,,,,,,,,,,,,,,,,,,,,,,,,,,,,,,,,,,,,,,,,,,,,,,,,,,,,,,,,,,,,,,,,,,,,,,
"COIL20","fastEmbedR_tsne_cpu_knn","t-SNE","cpu","embedding_from_precomputed_knn",4,4,1440,16384,,30,"float32",,3,3,"success",0.708,0.699,0.7175,0.0185000000000001,0.0185022521151706,0.69,0.727,,,,,,,,,,,,,,,,,,,,,,,,,,,,,0.708,0.699,0.7175,0.0185000000000001,0.0185022521151706,0.69,0.727,0.466949462890625,0.445075988769531,0.493324279785156,0.048248291015625,0.0483182327372366,0.423202514648438,0.519699096679688,,,,,,,,,,,,,,,0.901445922498554,0.897935543988176,0.91046365914787,0.012528115159694,0.0129253240066955,0.894425165477797,0.919481395797185,0.522649572649573,0.522435897435898,0.53931623931624,0.0168803418803419,0.0193695530299822,0.522222222222222,0.555982905982906,0.572435897435897,0.570299145299145,0.590811965811965,0.0205128205128204,0.0225539561059998,0.568162393162393,0.609188034188034,0.662564102564103,0.658974358974359,0.667692307692308,0.00871794871794895,0.00876308076442849,0.655384615384615,0.672820512820513,0.450106008905793,0.44980677095186,0.452270217304127,0.00246344635226603,0.00268848275364671,0.449507532997928,0.45443442570246,0.57051282051282,0.557692307692307,0.599358974358974,0.0416666666666665,0.0426815905030729,0.544871794871795,0.628205128205128,0.726484036399303,0.726484036399303,0.726484036399303,0,0,0.726484036399303,0.726484036399303,,,,,,,,,,,,,,,,,,,,,,,,,,,,,,,,,,,,,,,,,,,,,,,,,,,,,,,,,,,,,,,,,,,,,,,,,,,,,
"COIL20","fastEmbedR_tsne_metal_knn","t-SNE","metal","embedding_from_precomputed_knn",4,,1440,16384,,30,"float32",,3,3,"success",0.914,0.889,0.9175,0.0285,0.0310859024854247,0.864,0.921,,,,,,,,,,,,,,,,,,,,,,,,,,,,,0.914,0.889,0.9175,0.0285,0.0310859024854247,0.864,0.921,0.432601928710938,0.429664611816406,0.435264587402344,0.0055999755859375,0.00560222029847191,0.426727294921875,0.43792724609375,,,,,,,,,,,,,,,0.90044341623289,0.896807724439304,0.909994537626116,0.0131868131868129,0.0136218994443998,0.893172032645717,0.919545659019343,0.526495726495727,0.524786324786325,0.541880341880342,0.017094017094017,0.0188293010163625,0.523076923076923,0.557264957264957,0.56965811965812,0.568482905982906,0.589423076923077,0.0209401709401711,0.02353048266783,0.567307692307692,0.609188034188034,0.667948717948718,0.660769230769231,0.670833333333334,0.0100641025641025,0.0103650760569119,0.653589743589744,0.673717948717949,0.447554499133181,0.446086504966364,0.448168685434659,0.002082180468295,0.00213973630607156,0.444618510799547,0.448782871736137,0.576923076923077,0.557692307692307,0.599358974358974,0.041666666666667,0.0417077378118447,0.538461538461538,0.621794871794872,0.724312029067447,0.724312029067447,0.724312029067447,0,0,0.724312029067447,0.724312029067447,,,,,,,,,,,,,,,,,,,,,,,,,,,,,,,,,,,,,,,,,,,,,,,,,,,,,,,,,,,,,,,,,,,,,,,,,,,,,
"FashionMNIST","fastEmbedR_pca_cpu","PCA","cpu","pca_only",1,1,70000,784,,,"float32",,3,3,"success",1.759,1.693,1.7955,0.1025,0.103905405698324,1.627,1.832,,,,,,,,,,,,,,,1.759,1.693,1.7955,0.1025,0.103905405698324,1.627,1.832,,,,,,,,,,,,,,,1.22505187988281,1.19644165039062,1.24632263183594,0.0498809814453125,0.0500606460884836,1.16783142089844,1.26759338378906,,,,,,,,,,,,,,,,,,,,,,,,,,,,,,,,,,,,,,,,,,,,,,,,,,,,,,,,,,,,,,,,,,,,,,,,,,,,,,,,,,,,,,,,,,,,,,,,,,,,,,,,,,,,,,,,,,,,,,,,,,,,,,,,,,,,,,,,,,,,
"FashionMNIST","fastEmbedR_pca_cpu","PCA","cpu","pca_only",4,4,70000,784,,,"float32",,3,3,"success",2.226,1.9975,2.24,0.2425,0.272292122544887,1.769,2.254,,,,,,,,,,,,,,,2.226,1.9975,2.24,0.2425,0.272292122544887,1.769,2.254,,,,,,,,,,,,,,,1.11344909667969,1.05147552490234,1.14581298828125,0.0943374633789062,0.0958738826973775,0.989501953125,1.17817687988281,,,,,,,,,,,,,,,,,,,,,,,,,,,,,,,,,,,,,,,,,,,,,,,,,,,,,,,,,,,,,,,,,,,,,,,,,,,,,,,,,,,,,,,,,,,,,,,,,,,,,,,,,,,,,,,,,,,,,,,,,,,,,,,,,,,,,,,,,,,,
"FashionMNIST","fastEmbedR_pca_metal","PCA","metal","pca_only",4,,70000,784,,,"float32",,3,3,"success",0.19,0.189,0.233,0.044,0.0502394267483219,0.188,0.276,,,,,,,,,,,,,,,0.19,0.189,0.233,0.044,0.0502394267483219,0.188,0.276,,,,,,,,,,,,,,,0.522918701171875,0.522079467773438,0.52337646484375,0.0012969970703125,0.00131556367557552,0.521240234375,0.523834228515625,,,,,,,,,,,,,,,,,,,,,,,,,,,,,,,,,,,,,,,,,,,,,,,,,,,,,,,,,,,,,,,,,,,,,,,,,,,,,,,,,,,,,,,,,,,,,,,,,,,,,,,,,,,,,,,,,,,,,,,,,,,,,,,,,,,,,,,,,,,,
"FashionMNIST","irlba_pca","PCA","cpu","pca_only",1,1,70000,784,,,"standard_R_double",,3,3,"success",2.091,2.0855,2.119,0.0334999999999996,0.0359304884464432,2.08,2.147,,,,,,,,,,,,,,,2.091,2.0855,2.119,0.0334999999999996,0.0359304884464432,2.08,2.147,,,,,,,,,,,,,,,0.948074340820312,0.942863464355469,0.963447570800781,0.0205841064453125,0.0214039695962564,0.937652587890625,0.97882080078125,,,,,,,,,,,,,,,,,,,,,,,,,,,,,,,,,,,,,,,,,,,,,,,,,,,,,,,,,,,,,,,,,,,,,,,,,,,,,,,,,,,,,,,,,,,,,,,,,,,,,,,,,,,,,,,,,,,,,,,,,,,,,,,,,,,,,,,,,,,,
"FashionMNIST","irlba_pca","PCA","cpu","pca_only",4,4,70000,784,,,"standard_R_double",,3,3,"success",2.107,2.097,2.1275,0.0305,0.0310966236109324,2.087,2.148,,,,,,,,,,,,,,,2.107,2.097,2.1275,0.0305,0.0310966236109324,2.087,2.148,,,,,,,,,,,,,,,0.900772094726562,0.858139038085938,0.932136535644531,0.0739974975585938,0.0742829514651178,0.815505981445312,0.9635009765625,,,,,,,,,,,,,,,,,,,,,,,,,,,,,,,,,,,,,,,,,,,,,,,,,,,,,,,,,,,,,,,,,,,,,,,,,,,,,,,,,,,,,,,,,,,,,,,,,,,,,,,,,,,,,,,,,,,,,,,,,,,,,,,,,,,,,,,,,,,,
"FashionMNIST","fastEmbedR_umap_cpu_binary_full","UMAP","cpu","full_pipeline",1,1,70000,784,30,,"float32",,3,3,"success",129.473,129.0565,129.68,0.623500000000007,0.635123872432256,128.64,129.887,0.00900000000000001,0.00850000000000001,0.0095,0.000999999999999994,0.000999999999999995,0.00800000000000001,0.01,27.72,27.6825,28.2345,0.552,0.61688491633367,27.645,28.749,,,,,,,,,,,,,,,100.799,100.6995,101.4565,0.757000000000005,0.822701039260316,100.6,102.114,0.518463134765625,0.517921447753906,0.518745422363281,0.000823974609375,0.000837474482536636,0.517379760742188,0.519027709960938,,,,,,,,,,,,,,,0.96705812088463,0.966588700120666,0.969735535313981,0.00314683519331493,0.00339523937438128,0.966119279356702,0.972412949743332,0.514472455648926,0.514239028944911,0.521942110177404,0.00770308123249297,0.00876309257721823,0.514005602240896,0.529411764705882,0.587955182072829,0.584337068160597,0.589729225023343,0.00539215686274508,0.00549626129319427,0.580718954248366,0.591503267973856,0.607703081232493,0.60624649859944,0.609551820728292,0.00330532212885148,0.00331306756805151,0.604789915966387,0.61140056022409,0.227523671318539,0.20842475902433,0.230569849913382,0.022145090889052,0.0240062867507373,0.189325846730121,0.233616028508225,0.725490196078431,0.721288515406163,0.726890756302521,0.00560224089635852,0.00583099719738398,0.717086834733894,0.728291316526611,,,,,,,,,,,,,,,,,,,,,,,,,,,,,,,,,,,,,,,,,,,,,,,,,,,,,,,,,,,,,,,,,,,,,,,,,,,,,,,,,,,,
"FashionMNIST","fastEmbedR_umap_cpu_binary_full","UMAP","cpu","full_pipeline",4,4,70000,784,30,,"float32",,3,3,"success",44.222,43.464,44.2995,0.835500000000003,0.923266122704246,42.706,44.377,0.00900000000000001,0.00850000000000001,0.0095,0.000999999999999994,0.000999999999999995,0.00800000000000001,0.01,17.349,17.32,18.2175,0.897500000000001,1.02001290841505,17.291,19.086,,,,,,,,,,,,,,,25.295,25.233,26.025,0.791999999999998,0.880911648994002,25.171,26.755,0.519607543945312,0.517906188964844,0.540763854980469,0.022857666015625,0.0254683725571894,0.516204833984375,0.561920166015625,,,,,,,,,,,,,,,0.96740093046384,0.966843746664126,0.970215765997668,0.00337201933354114,0.00361517793521846,0.966286562864413,0.973030601531495,0.51437908496732,0.514239028944911,0.52376283846872,0.00952380952380949,0.0109171850251569,0.514098972922502,0.533146591970121,0.590102707749767,0.585737628384688,0.590756302521009,0.00501867413632096,0.00545699514843194,0.581372549019608,0.59140989729225,0.607759103641457,0.606428571428572,0.609733893557423,0.00330532212885148,0.00332618555878479,0.605098039215686,0.611708683473389,0.231149766624909,0.210382203915777,0.231814566113502,0.0214323621977255,0.024373206171426,0.189614641206645,0.232479365602096,0.724089635854342,0.719887955182073,0.728291316526611,0.0084033613445379,0.00840336134453795,0.715686274509804,0.73249299719888,,,,,,,,,,,,,,,,,,,,,,,,,,,,,,,,,,,,,,,,,,,,,,,,,,,,,,,,,,,,,,,,,,,,,,,,,,,,,,,,,,,,
"FashionMNIST","fastEmbedR_umap_cpu_binary_knn","UMAP","cpu","embedding_from_precomputed_knn",1,1,70000,784,30,,"float32",,3,3,"success",101.22,100.967,101.993,1.026,1.0690226065586,100.714,102.766,,,,,,,,,,,,,,,,,,,,,,,,,,,,,101.22,100.967,101.993,1.026,1.0690226065586,100.714,102.766,0.555328369140625,0.526634216308594,0.55645751953125,0.0298233032226562,0.0338039327343542,0.497940063476562,0.557586669921875,,,,,,,,,,,,,,,0.96705812088463,0.966588700120666,0.969735535313981,0.00314683519331493,0.00339523937438128,0.966119279356702,0.972412949743332,0.514472455648926,0.514239028944911,0.521942110177404,0.00770308123249297,0.00876309257721823,0.514005602240896,0.529411764705882,0.587955182072829,0.584337068160597,0.589729225023343,0.00539215686274508,0.00549626129319427,0.580718954248366,0.591503267973856,0.607703081232493,0.60624649859944,0.609551820728292,0.00330532212885148,0.00331306756805151,0.604789915966387,0.61140056022409,0.227523671318539,0.20842475902433,0.230569849913382,0.022145090889052,0.0240062867507373,0.189325846730121,0.233616028508225,0.725490196078431,0.721288515406163,0.726890756302521,0.00560224089635852,0.00583099719738398,0.717086834733894,0.728291316526611,,,,,,,,,,,,,,,,,,,,,,,,,,,,,,,,,,,,,,,,,,,,,,,,,,,,,,,,,,,,,,,,,,,,,,,,,,,,,,,,,,,,
"FashionMNIST","fastEmbedR_umap_cpu_binary_knn","UMAP","cpu","embedding_from_precomputed_knn",4,4,70000,784,30,,"float32",,3,3,"success",25.829,25.4335,29.179,3.7455,4.11563607882589,25.038,32.529,,,,,,,,,,,,,,,,,,,,,,,,,,,,,25.829,25.4335,29.179,3.7455,4.11563607882589,25.038,32.529,0.584609985351562,0.545341491699219,0.607414245605469,0.06207275390625,0.0627963675008777,0.506072998046875,0.630218505859375,,,,,,,,,,,,,,,0.967619831338227,0.966812600582925,0.970055981871764,0.00324338128883994,0.00337697824483749,0.966005369827622,0.972492132405302,0.514472455648926,0.513632119514472,0.523389355742297,0.00975723622782465,0.0108142169049081,0.512791783380019,0.532306255835668,0.588888888888889,0.585084033613446,0.590196078431372,0.00511204481792693,0.0053115390354424,0.581279178338002,0.591503267973856,0.606638655462185,0.605924369747899,0.609285714285714,0.00336134453781545,0.00354172854208794,0.605210084033613,0.611932773109244,0.234891979467957,0.212546537033671,0.2350579223572,0.022511385323529,0.0258986332176156,0.190201094599385,0.235223865246443,0.724089635854342,0.723389355742297,0.73109243697479,0.00770308123249297,0.00851927525251844,0.722689075630252,0.738095238095238,,,,,,,,,,,,,,,,,,,,,,,,,,,,,,,,,,,,,,,,,,,,,,,,,,,,,,,,,,,,,,,,,,,,,,,,,,,,,,,,,,,,
"FashionMNIST","fastEmbedR_umap_cpu_fuzzy_full","UMAP","cpu","full_pipeline",1,1,70000,784,30,,"float32",,3,3,"success",47.163,47.146,47.7985,0.652499999999996,0.743821439146072,47.129,48.434,0.00900000000000001,0.00850000000000001,0.0095,0.000999999999999994,0.000999999999999995,0.00800000000000001,0.01,27.655,27.576,28.3075,0.7315,0.802948524709607,27.497,28.96,,,,,,,,,,,,,,,19.395,19.3735,19.4525,0.0790000000000006,0.0816884324736381,19.352,19.51,0.5751953125,0.561256408691406,0.577537536621094,0.0162811279296875,0.017604055969795,0.547317504882812,0.579879760742188,,,,,,,,,,,,,,,0.963412745706097,0.961857738753968,0.965742418530364,0.00388467977639695,0.00391034176293662,0.960302731801838,0.968072091354632,0.508870214752568,0.501914098972922,0.51451914098973,0.012605042016807,0.0126276152042048,0.494957983193277,0.520168067226891,0.572875816993464,0.569281045751634,0.574463118580765,0.00518207282913152,0.00531010266169185,0.565686274509804,0.576050420168067,0.588543417366947,0.583025210084034,0.596358543417367,0.0133333333333335,0.0133991189904146,0.57750700280112,0.604173669467787,0.173450117743553,0.138917777845147,0.202143349391606,0.063225571546459,0.0633153848531002,0.104385437946741,0.230836581039659,0.718487394957983,0.717787114845938,0.728991596638656,0.011204481792717,0.0125530622406618,0.717086834733894,0.739495798319328,,,,,,,,,,,,,,,,,,,,,,,,,,,,,,,,,,,,,,,,,,,,,,,,,,,,,,,,,,,,,,,,,,,,,,,,,,,,,,,,,,,,
"FashionMNIST","fastEmbedR_umap_cpu_fuzzy_full","UMAP","cpu","full_pipeline",4,4,70000,784,30,,"float32",,3,3,"success",22.704,22.633,22.8925,0.259499999999996,0.268220680286463,22.562,23.081,0.01,0.0095,0.01,0.000499999999999995,0.00057735026918962,0.00900000000000001,0.01,17.463,17.2775,17.6385,0.361000000000001,0.361046165099886,17.092,17.814,,,,,,,,,,,,,,,5.149,5.0605,5.3225,0.262,0.266556435550398,4.972,5.496,0.572052001953125,0.549972534179688,0.587173461914062,0.037200927734375,0.0374172016841336,0.52789306640625,0.602294921875,,,,,,,,,,,,,,,0.966028611155026,0.961618028784114,0.967254388489597,0.00563635970548393,0.00592870517927577,0.957207446413201,0.968480165824169,0.517086834733894,0.505228758169935,0.517880485527545,0.0126517273576094,0.0141729805500998,0.493370681605976,0.518674136321195,0.57516339869281,0.57016806722689,0.575303454715219,0.00513538748832842,0.00585064992395995,0.565172735760971,0.575443510737628,0.592100840336134,0.584957983193277,0.596148459383753,0.0111904761904765,0.0113322661895886,0.57781512605042,0.600196078431373,0.17043485245941,0.12465604372828,0.200887067772665,0.076231024044385,0.0767428857644444,0.078877234997149,0.231339283085919,0.724089635854342,0.719887955182073,0.733193277310925,0.0133053221288515,0.013602989994709,0.715686274509804,0.742296918767507,,,,,,,,,,,,,,,,,,,,,,,,,,,,,,,,,,,,,,,,,,,,,,,,,,,,,,,,,,,,,,,,,,,,,,,,,,,,,,,,,,,,
"FashionMNIST","fastEmbedR_umap_cpu_fuzzy_knn","UMAP","cpu","embedding_from_precomputed_knn",1,1,70000,784,30,,"float32",,3,3,"success",19.294,19.267,19.348,0.0809999999999995,0.0824863625092063,19.24,19.402,,,,,,,,,,,,,,,,,,,,,,,,,,,,,19.294,19.267,19.348,0.0809999999999995,0.0824863625092063,19.24,19.402,0.615875244140625,0.611343383789062,0.616477966308594,0.00513458251953125,0.00561337509333443,0.6068115234375,0.617080688476562,,,,,,,,,,,,,,,0.963412745706097,0.961857738753968,0.965742418530364,0.00388467977639695,0.00391034176293662,0.960302731801838,0.968072091354632,0.508870214752568,0.501914098972922,0.51451914098973,0.012605042016807,0.0126276152042048,0.494957983193277,0.520168067226891,0.572875816993464,0.569281045751634,0.574463118580765,0.00518207282913152,0.00531010266169185,0.565686274509804,0.576050420168067,0.588543417366947,0.583025210084034,0.596358543417367,0.0133333333333335,0.0133991189904146,0.57750700280112,0.604173669467787,0.173450117743553,0.138917777845147,0.202143349391606,0.063225571546459,0.0633153848531002,0.104385437946741,0.230836581039659,0.718487394957983,0.717787114845938,0.728991596638656,0.011204481792717,0.0125530622406618,0.717086834733894,0.739495798319328,,,,,,,,,,,,,,,,,,,,,,,,,,,,,,,,,,,,,,,,,,,,,,,,,,,,,,,,,,,,,,,,,,,,,,,,,,,,,,,,,,,,
"FashionMNIST","fastEmbedR_umap_cpu_fuzzy_knn","UMAP","cpu","embedding_from_precomputed_knn",4,4,70000,784,30,,"float32",,3,3,"success",5.209,5.1775,5.2615,0.0839999999999996,0.0848704895708751,5.146,5.314,,,,,,,,,,,,,,,,,,,,,,,,,,,,,5.209,5.1775,5.2615,0.0839999999999996,0.0848704895708751,5.146,5.314,0.63092041015625,0.579116821289062,0.637306213378906,0.0581893920898438,0.0638247373886993,0.527313232421875,0.643692016601562,,,,,,,,,,,,,,,0.964675209205728,0.962434177723188,0.96648945154521,0.00405527382202253,0.00406275301929509,0.960193146240648,0.968303693884693,0.514472455648926,0.506115779645191,0.517226890756302,0.011111111111111,0.0115723157208801,0.497759103641457,0.519981325863679,0.57483660130719,0.570634920634921,0.575606909430439,0.00497198879551797,0.0053521439728529,0.566433239962652,0.576377217553688,0.588319327731092,0.582605042016807,0.59516806722689,0.0125630252100839,0.0125800873429666,0.576890756302521,0.602016806722689,0.172588459123103,0.133043336367345,0.201745501815111,0.0687021654477661,0.0689634560692534,0.0934982136115878,0.23090254450712,0.708683473389356,0.705182072829132,0.727591036414566,0.022408963585434,0.0241097130414104,0.701680672268908,0.746498599439776,,,,,,,,,,,,,,,,,,,,,,,,,,,,,,,,,,,,,,,,,,,,,,,,,,,,,,,,,,,,,,,,,,,,,,,,,,,,,,,,,,,,
"FashionMNIST","fastEmbedR_umap_metal_binary_full","UMAP","metal","full_pipeline",4,,70000,784,30,,"float32",,3,3,"success",20.293,20.2265,20.406,0.179499999999997,0.181496556441161,20.16,20.519,0.00800000000000001,0.00750000000000001,0.00850000000000001,0.001,0.001,0.00700000000000001,0.00900000000000001,17.425,17.413,17.6065,0.1935,0.216838649691424,17.401,17.788,,,,,,,,,,,,,,,2.642,2.63,2.6975,0.0674999999999999,0.0720208303201235,2.618,2.753,0.733993530273438,0.732162475585938,0.75286865234375,0.0207061767578125,0.0229255134491915,0.730331420898438,0.771743774414062,,,,,,,,,,,,,,,0.967770899966354,0.966972452270827,0.970424802820308,0.00345235054948145,0.00361473312958911,0.966174004575299,0.973078705674262,0.519140989729225,0.515826330532213,0.526143790849673,0.0103174603174599,0.010534899984567,0.512511671335201,0.533146591970121,0.586181139122316,0.585107376283847,0.589098972922502,0.00399159663865545,0.00413114709207292,0.584033613445378,0.592016806722689,0.605378151260504,0.60329131652661,0.609649859943977,0.00635854341736697,0.00648246088424182,0.601204481792717,0.613921568627451,0.22107915139986,0.209869532148011,0.229875142174005,0.020005610025994,0.0200540843717254,0.198659912896161,0.238671132948149,0.7296918767507,0.723389355742297,0.73249299719888,0.00910364145658249,0.00932538952167961,0.717086834733894,0.735294117647059,,,,,,,,,,,,,,,,,,,,,,,,,,,,,,,,,,,,,,,,,,,,,,,,,,,,,,,,,,,,,,,,,,,,,,,,,,,,,,,,,,,,
"FashionMNIST","fastEmbedR_umap_metal_binary_knn","UMAP","metal","embedding_from_precomputed_knn",4,,70000,784,30,,"float32",,3,3,"success",2.741,2.7255,2.762,0.0364999999999998,0.0366378674779705,2.71,2.783,,,,,,,,,,,,,,,,,,,,,,,,,,,,,2.741,2.7255,2.762,0.0364999999999998,0.0366378674779705,2.71,2.783,0.670242309570312,0.653923034667969,0.701690673828125,0.0477676391601562,0.0485596931536517,0.637603759765625,0.733139038085938,,,,,,,,,,,,,,,0.966569377389161,0.966365340154393,0.969645340046294,0.00327999989190098,0.00367528472839102,0.966161302919624,0.972721302703426,0.514939309056956,0.513492063492063,0.523342670401494,0.00985060690943051,0.0106378399466588,0.512044817927171,0.531746031746032,0.586181139122316,0.58359010270775,0.588398692810458,0.00480859010270807,0.00481342240249497,0.580999066293184,0.5906162464986,0.604901960784314,0.604747899159664,0.607829131652661,0.00308123249299697,0.00347237267130029,0.604593837535014,0.610756302521008,0.232079266168616,0.21058529807294,0.233692175009309,0.0231068769363695,0.0258007739054325,0.189091329977263,0.235305083850002,0.719887955182073,0.717787114845938,0.727591036414566,0.00980392156862753,0.0103236901902409,0.715686274509804,0.735294117647059,,,,,,,,,,,,,,,,,,,,,,,,,,,,,,,,,,,,,,,,,,,,,,,,,,,,,,,,,,,,,,,,,,,,,,,,,,,,,,,,,,,,
"FashionMNIST","fastEmbedR_umap_metal_fuzzy_full","UMAP","metal","full_pipeline",4,,70000,784,30,,"float32",,3,3,"success",19.09,18.9825,19.1745,0.192,0.192458653568327,18.875,19.259,0.00900000000000001,0.00800000000000001,0.01,0.00199999999999999,0.00199999999999999,0.00700000000000001,0.011,17.534,17.4175,17.661,0.243500000000004,0.243575450322894,17.301,17.788,,,,,,,,,,,,,,,1.436,1.395,1.4415,0.0465,0.05081666393353,1.354,1.447,0.717880249023438,0.700775146484375,0.735816955566406,0.0350418090820312,0.0350450981662386,0.683670043945312,0.753753662109375,,,,,,,,,,,,,,,0.96570904290322,0.963562598218255,0.967028528729388,0.00346593051113353,0.00349866088087809,0.96141615353329,0.968348014555557,0.514005602240896,0.505929038281979,0.514705882352941,0.00877684407096158,0.00975548630135088,0.497852474323063,0.515406162464986,0.574649859943978,0.570191409897292,0.576353874883287,0.0061624649859946,0.00636434958372475,0.565732959850607,0.578057889822596,0.59078431372549,0.585280112044818,0.597801120448179,0.012521008403361,0.0125514265898907,0.579775910364146,0.604817927170868,0.181314775049458,0.142846325359268,0.207403559832942,0.0645572344736745,0.0649516888973882,0.104377875669077,0.233492344616426,0.717086834733894,0.71498599439776,0.729691876750701,0.0147058823529411,0.0159073062907569,0.712885154061625,0.742296918767507,,,,,,,,,,,,,,,,,,,,,,,,,,,,,,,,,,,,,,,,,,,,,,,,,,,,,,,,,,,,,,,,,,,,,,,,,,,,,,,,,,,,
"FashionMNIST","fastEmbedR_umap_metal_fuzzy_knn","UMAP","metal","embedding_from_precomputed_knn",4,,70000,784,30,,"float32",,3,3,"success",1.449,1.442,1.4585,0.0164999999999997,0.0165630109984064,1.435,1.468,,,,,,,,,,,,,,,,,,,,,,,,,,,,,1.449,1.442,1.4585,0.0164999999999997,0.0165630109984064,1.435,1.468,0.6971435546875,0.689872741699219,0.749320983886719,0.0594482421875,0.06485595494907,0.682601928710938,0.801498413085938,,,,,,,,,,,,,,,0.965438659786153,0.962167780764018,0.966694840019944,0.00452705925592645,0.00467410625067374,0.958896901741883,0.967951020253736,0.514472455648926,0.503641456582633,0.515266106442577,0.0116246498599439,0.012989044273864,0.49281045751634,0.516059757236228,0.573949579831933,0.568230625583567,0.575513538748833,0.00728291316526608,0.00766782147946685,0.562511671335201,0.577077497665733,0.590448179271709,0.582927170868347,0.59733893557423,0.0144117647058826,0.0144163576482154,0.575406162464986,0.604229691876751,0.173558357575266,0.129345631713213,0.202377346992029,0.0730317152788157,0.0735705136392859,0.0851329058511597,0.231196336408791,0.715686274509804,0.710084033613446,0.730392156862745,0.0203081232492994,0.0209772567121015,0.704481792717087,0.745098039215686,,,,,,,,,,,,,,,,,,,,,,,,,,,,,,,,,,,,,,,,,,,,,,,,,,,,,,,,,,,,,,,,,,,,,,,,,,,,,,,,,,,,
"FashionMNIST","fastEmbedR_tsne_cpu_full","t-SNE","cpu","full_pipeline",1,1,70000,784,,30,"float32",,3,3,"success",90.832,90.822,90.8325,0.0104999999999933,0.0118462370959438,90.812,90.833,0.00900000000000001,0.00900000000000001,0.0100000000000001,0.00100000000000004,0.0011547005383793,0.00900000000000001,0.0110000000000001,29.516,29.061,29.6025,0.541499999999999,0.581795783186276,28.606,29.689,,,,,,,,,,,,,,,59.247,59.186,59.459,0.273000000000003,0.286582158086182,59.125,59.671,1.2099609375,1.07022857666016,1.28170013427734,0.211471557617188,0.215084269843511,0.930496215820312,1.35343933105469,,,,,,,,,,,,,,,0.96244850086682,0.961244951429679,0.964792294148725,0.00354734271904644,0.00360791154384545,0.960041401992538,0.967136087430631,0.498225957049486,0.496358543417367,0.509290382819795,0.012931839402428,0.0139795379425378,0.494491129785247,0.520354808590103,0.555135387488329,0.549976657329599,0.557563025210084,0.0075863678804855,0.0077485009034757,0.544817927170868,0.559990662931839,0.575042016806723,0.573935574229692,0.57795518207283,0.00401960784313748,0.00415274963179247,0.572829131652661,0.580868347338936,0.121777868104207,0.11216562191847,0.129499116290314,0.017333494371845,0.0173678434167952,0.102553375732732,0.137220364476422,0.728291316526611,0.719887955182073,0.735294117647059,0.015406162464986,0.015427368479793,0.711484593837535,0.742296918767507,1.84331794239551,1.84272260084609,1.84366572663197,0.000943125785889842,0.000953894362989879,1.84212725929666,1.84401351086844,,,,,,,,,,,,,,,,,,,,,,,,,,,,,,,,,,,,,,,,,,,,,,,,,,,,,,,,,,,,,,,,,,,,,,,,,,,,,
"FashionMNIST","fastEmbedR_tsne_cpu_full","t-SNE","cpu","full_pipeline",4,4,70000,784,,30,"float32",,3,3,"success",38.281,37.867,42.434,4.56699999999999,5.05148783363212,37.453,46.587,0.011,0.0105,0.0325,0.022,0.0251197133741609,0.01,0.0539999999999999,17.123,17.107,18.857,1.75,2.01155197132297,17.091,20.591,,,,,,,,,,,,,,,18.971,18.8925,21.2205,2.328,2.64398644726733,18.814,23.47,1.25213623046875,1.17535400390625,1.33943939208984,0.164085388183594,0.164197781065589,1.09857177734375,1.42674255371094,,,,,,,,,,,,,,,0.96244850086682,0.961244951429679,0.964792294148725,0.00354734271904644,0.00360791154384545,0.960041401992538,0.967136087430631,0.498225957049486,0.496358543417367,0.509290382819795,0.012931839402428,0.0139795379425378,0.494491129785247,0.520354808590103,0.555135387488329,0.549976657329599,0.557563025210084,0.0075863678804855,0.0077485009034757,0.544817927170868,0.559990662931839,0.575042016806723,0.573935574229692,0.57795518207283,0.00401960784313748,0.00415274963179247,0.572829131652661,0.580868347338936,0.121777868104207,0.11216562191847,0.129499116290314,0.017333494371845,0.0173678434167952,0.102553375732732,0.137220364476422,0.728291316526611,0.719887955182073,0.735294117647059,0.015406162464986,0.015427368479793,0.711484593837535,0.742296918767507,1.84331794239551,1.84272260084609,1.84366572663197,0.000943125785889842,0.000953894362989879,1.84212725929666,1.84401351086844,,,,,,,,,,,,,,,,,,,,,,,,,,,,,,,,,,,,,,,,,,,,,,,,,,,,,,,,,,,,,,,,,,,,,,,,,,,,,
"FashionMNIST","fastEmbedR_tsne_cpu_knn","t-SNE","cpu","embedding_from_precomputed_knn",1,1,70000,784,,30,"float32",,3,3,"success",59.273,59.234,59.3895,0.155499999999996,0.161809558844134,59.195,59.506,,,,,,,,,,,,,,,,,,,,,,,,,,,,,59.273,59.234,59.3895,0.155499999999996,0.161809558844134,59.195,59.506,0.474517822265625,0.471015930175781,0.475799560546875,0.00478363037109375,0.00495238802719001,0.467514038085938,0.477081298828125,,,,,,,,,,,,,,,0.963202763015481,0.961356293602824,0.965399946761145,0.004043653158321,0.00404871967984018,0.959509824190168,0.96759713050681,0.499906629318394,0.495098039215687,0.511017740429505,0.0159197012138185,0.0163302626154953,0.490289449112979,0.522128851540616,0.55359477124183,0.549346405228758,0.557609710550887,0.00826330532212904,0.00826440424483869,0.545098039215686,0.561624649859944,0.575882352941177,0.574621848739496,0.578361344537816,0.00373949579831956,0.00380509299091879,0.573361344537815,0.580840336134454,0.123744954037218,0.11365063002071,0.129825894885075,0.0161752648643645,0.0163403878447998,0.103556306004203,0.135906835732932,0.739495798319328,0.726890756302521,0.742296918767507,0.015406162464986,0.0164130680030318,0.714285714285714,0.745098039215686,1.8453670363278,1.8453670363278,1.8453670363278,0,0,1.8453670363278,1.8453670363278,,,,,,,,,,,,,,,,,,,,,,,,,,,,,,,,,,,,,,,,,,,,,,,,,,,,,,,,,,,,,,,,,,,,,,,,,,,,,
"FashionMNIST","fastEmbedR_tsne_cpu_knn","t-SNE","cpu","embedding_from_precomputed_knn",4,4,70000,784,,30,"float32",,3,3,"success",18.697,18.4935,18.7225,0.229000000000003,0.251002656028445,18.29,18.748,,,,,,,,,,,,,,,,,,,,,,,,,,,,,18.697,18.4935,18.7225,0.229000000000003,0.251002656028445,18.29,18.748,0.480377197265625,0.479011535644531,0.482353210449219,0.0033416748046875,0.00336020339318401,0.477645874023438,0.484329223632812,,,,,,,,,,,,,,,0.963202763015481,0.961356293602824,0.965399946761145,0.004043653158321,0.00404871967984018,0.959509824190168,0.96759713050681,0.499906629318394,0.495098039215687,0.511017740429505,0.0159197012138185,0.0163302626154953,0.490289449112979,0.522128851540616,0.55359477124183,0.549346405228758,0.557609710550887,0.00826330532212904,0.00826440424483869,0.545098039215686,0.561624649859944,0.575882352941177,0.574621848739496,0.578361344537816,0.00373949579831956,0.00380509299091879,0.573361344537815,0.580840336134454,0.123744954037218,0.11365063002071,0.129825894885075,0.0161752648643645,0.0163403878447998,0.103556306004203,0.135906835732932,0.739495798319328,0.726890756302521,0.742296918767507,0.015406162464986,0.0164130680030318,0.714285714285714,0.745098039215686,1.8453670363278,1.8453670363278,1.8453670363278,0,0,1.8453670363278,1.8453670363278,,,,,,,,,,,,,,,,,,,,,,,,,,,,,,,,,,,,,,,,,,,,,,,,,,,,,,,,,,,,,,,,,,,,,,,,,,,,,
"FashionMNIST","fastEmbedR_tsne_metal_full","t-SNE","metal","full_pipeline",4,,70000,784,,30,"float32",,3,3,"success",20.507,20.4715,20.6355,0.164000000000001,0.172565929429884,20.436,20.764,0.01,0.0095,0.011,0.00149999999999999,0.00152752523165194,0.00900000000000001,0.012,17.488,17.485,17.613,0.128,0.14610042208472,17.482,17.738,,,,,,,,,,,,,,,2.675,2.6595,2.679,0.0194999999999999,0.0205993527406403,2.644,2.683,0.701126098632812,0.694755554199219,0.709182739257812,0.0144271850585938,0.0144599899321243,0.688385009765625,0.717239379882812,,,,,,,,,,,,,,,0.965265565946591,0.962744692667226,0.965953414650955,0.00320872198372846,0.0033787408601009,0.960223819387861,0.966641263355318,0.504295051353875,0.499673202614379,0.51171802054155,0.0120448179271709,0.0121529035277076,0.495051353874883,0.519140989729225,0.554901960784314,0.551704014939309,0.558263305322129,0.00655929038281999,0.00655996875275273,0.548506069094304,0.561624649859944,0.577843137254902,0.576932773109244,0.579243697478992,0.002310924369748,0.00232819003544204,0.576022408963585,0.580644257703081,0.120390004768375,0.114179710817904,0.126469831536379,0.0122901207184745,0.012290351547857,0.107969416867434,0.132549658304383,0.728291316526611,0.718487394957984,0.73389355742297,0.0154061624649859,0.015595978607367,0.708683473389356,0.739495798319328,1.84142180582887,1.8406033605342,1.84233739276503,0.00173403223082991,0.00173493898367074,1.83978491523952,1.84325297970118,,,,,,,,,,,,,,,,,,,,,,,,,,,,,,,,,,,,,,,,,,,,,,,,,,,,,,,,,,,,,,,,,,,,,,,,,,,,,
"FashionMNIST","fastEmbedR_tsne_metal_knn","t-SNE","metal","embedding_from_precomputed_knn",4,,70000,784,,30,"float32",,3,3,"success",2.788,2.7875,2.7905,0.00300000000000011,0.00321455025366447,2.787,2.793,,,,,,,,,,,,,,,,,,,,,,,,,,,,,2.788,2.7875,2.7905,0.00300000000000011,0.00321455025366447,2.787,2.793,0.52398681640625,0.519393920898438,0.563705444335938,0.0443115234375,0.0487317501095863,0.514801025390625,0.603424072265625,,,,,,,,,,,,,,,0.9632176266551,0.961663700694942,0.965163614891205,0.00349991419626261,0.00350722639568745,0.960109774734785,0.96710960312731,0.498319327731092,0.496778711484594,0.509337068160598,0.012558356676004,0.0136985747432028,0.495238095238095,0.520354808590103,0.553034547152194,0.548809523809524,0.556932773109243,0.00812324929971997,0.00812544017448597,0.544584500466853,0.560830999066293,0.57546218487395,0.574019607843137,0.57766106442577,0.00364145658263304,0.0036675428483244,0.572577030812325,0.579859943977591,0.122300100910894,0.111829837113816,0.12874933235986,0.0169194952460435,0.0170780234930473,0.101359573316739,0.135198563808826,0.738095238095238,0.726190476190476,0.738095238095238,0.011904761904762,0.0137464349807055,0.714285714285714,0.738095238095238,1.84543200395822,1.84460401933723,1.84550499631374,0.000900976976519807,0.00100088158766442,1.84377603471623,1.84557798866927,,,,,,,,,,,,,,,,,,,,,,,,,,,,,,,,,,,,,,,,,,,,,,,,,,,,,,,,,,,,,,,,,,,,,,,,,,,,,
"MNIST","fastEmbedR_pca_cpu","PCA","cpu","pca_only",1,1,70000,784,,,"float32",,3,3,"success",1.781,1.7415,1.8525,0.111,0.112527033788923,1.702,1.924,,,,,,,,,,,,,,,1.781,1.7415,1.8525,0.111,0.112527033788923,1.702,1.924,,,,,,,,,,,,,,,1.31315612792969,1.24578094482422,1.34099578857422,0.09521484375,0.0979126429481403,1.17840576171875,1.36883544921875,,,,,,,,,,,,,,,,,,,,,,,,,,,,,,,,,,,,,,,,,,,,,,,,,,,,,,,,,,,,,,,,,,,,,,,,,,,,,,,,,,,,,,,,,,,,,,,,,,,,,,,,,,,,,,,,,,,,,,,,,,,,,,,,,,,,,,,,,,,,
"MNIST","fastEmbedR_pca_cpu","PCA","cpu","pca_only",4,4,70000,784,,,"float32",,3,3,"success",1.699,1.6675,1.715,0.0475000000000001,0.0483356321292413,1.636,1.731,,,,,,,,,,,,,,,1.699,1.6675,1.715,0.0475000000000001,0.0483356321292413,1.636,1.731,,,,,,,,,,,,,,,1.27590942382812,1.25448608398438,1.27693176269531,0.0224456787109375,0.0253484142780149,1.23306274414062,1.2779541015625,,,,,,,,,,,,,,,,,,,,,,,,,,,,,,,,,,,,,,,,,,,,,,,,,,,,,,,,,,,,,,,,,,,,,,,,,,,,,,,,,,,,,,,,,,,,,,,,,,,,,,,,,,,,,,,,,,,,,,,,,,,,,,,,,,,,,,,,,,,,
"MNIST","fastEmbedR_pca_metal","PCA","metal","pca_only",4,,70000,784,,,"float32",,3,3,"success",0.274,0.2545,0.3455,0.091,0.0958244923458159,0.235,0.417,,,,,,,,,,,,,,,0.274,0.2545,0.3455,0.091,0.0958244923458159,0.235,0.417,,,,,,,,,,,,,,,0.49462890625,0.487709045410156,0.506416320800781,0.018707275390625,0.0189171838703238,0.480789184570312,0.518203735351562,,,,,,,,,,,,,,,,,,,,,,,,,,,,,,,,,,,,,,,,,,,,,,,,,,,,,,,,,,,,,,,,,,,,,,,,,,,,,,,,,,,,,,,,,,,,,,,,,,,,,,,,,,,,,,,,,,,,,,,,,,,,,,,,,,,,,,,,,,,,
"MNIST","irlba_pca","PCA","cpu","pca_only",1,1,70000,784,,,"standard_R_double",,3,3,"success",2.548,2.2955,2.5825,0.287,0.313385279381999,2.043,2.617,,,,,,,,,,,,,,,2.548,2.2955,2.5825,0.287,0.313385279381999,2.043,2.617,,,,,,,,,,,,,,,1.14593505859375,1.10240936279297,1.15758514404297,0.05517578125,0.0581640067536851,1.05888366699219,1.16923522949219,,,,,,,,,,,,,,,,,,,,,,,,,,,,,,,,,,,,,,,,,,,,,,,,,,,,,,,,,,,,,,,,,,,,,,,,,,,,,,,,,,,,,,,,,,,,,,,,,,,,,,,,,,,,,,,,,,,,,,,,,,,,,,,,,,,,,,,,,,,,
"MNIST","irlba_pca","PCA","cpu","pca_only",4,4,70000,784,,,"standard_R_double",,3,3,"success",2.557,2.544,2.562,0.0180000000000002,0.0185831464863551,2.531,2.567,,,,,,,,,,,,,,,2.557,2.544,2.562,0.0180000000000002,0.0185831464863551,2.531,2.567,,,,,,,,,,,,,,,1.07295227050781,1.01932525634766,1.09793090820312,0.0786056518554688,0.080326987961583,0.9656982421875,1.12290954589844,,,,,,,,,,,,,,,,,,,,,,,,,,,,,,,,,,,,,,,,,,,,,,,,,,,,,,,,,,,,,,,,,,,,,,,,,,,,,,,,,,,,,,,,,,,,,,,,,,,,,,,,,,,,,,,,,,,,,,,,,,,,,,,,,,,,,,,,,,,,
"MNIST","fastEmbedR_umap_cpu_binary_full","UMAP","cpu","full_pipeline",1,1,70000,784,30,,"float32",,3,3,"success",122.32,122.092,123.2455,1.15349999999999,1.22177371063549,121.864,124.171,0.01,0.009,0.0225,0.0134999999999999,0.0150443787951956,0.00800000000000001,0.0349999999999999,29.902,29.3295,31.3035,1.974,2.03119578902018,28.757,32.705,,,,,,,,,,,,,,,91.825,91.584,92.6155,1.03149999999999,1.07918595864352,91.343,93.406,0.519454956054688,0.512161254882812,0.519783020019531,0.00762176513671875,0.00861769522741594,0.504867553710938,0.520111083984375,,,,,,,,,,,,,,,0.927607994476131,0.927489355607173,0.92899531254856,0.00150595694138689,0.00167464084201708,0.927370716738215,0.930382630620989,0.470214752567694,0.468207282913165,0.470588235294118,0.00238095238095248,0.00256103598844337,0.466199813258637,0.470961718020542,0.495331465919701,0.491479925303455,0.498739495798319,0.00725957049486448,0.0072640850096924,0.487628384687208,0.502147525676937,0.483305322128852,0.478725490196079,0.486526610644258,0.00780112044817949,0.0078404523882636,0.474145658263305,0.489747899159664,0.482785455274163,0.471196285695696,0.485871485302715,0.0146751996070185,0.0154745795066493,0.45960711611723,0.488957515331267,0.939775910364146,0.938375350140056,0.943977591036415,0.00560224089635852,0.00583099719738394,0.936974789915966,0.948179271708683,,,,,,,,,,,,,,,,,,,,,,,,,,,,,,,,,,,,,,,,,,,,,,,,,,,,,,,,,,,,,,,,,,,,,,,,,,,,,,,,,,,,
"MNIST","fastEmbedR_umap_cpu_binary_full","UMAP","cpu","full_pipeline",4,4,70000,784,30,,"float32",,3,3,"success",42.052,41.653,42.117,0.464000000000006,0.502475206685201,41.254,42.182,0.01,0.01,0.0105,0.000499999999999999,0.000577350269189625,0.01,0.011,18.25,18.219,18.5275,0.308499999999999,0.339744511851676,18.188,18.805,,,,,,,,,,,,,,,23.127,23.005,23.498,0.492999999999999,0.513532861655416,22.883,23.869,0.524490356445312,0.514572143554688,0.528167724609375,0.0135955810546875,0.014064940046617,0.504653930664062,0.531845092773438,,,,,,,,,,,,,,,0.929295017572876,0.928395294441945,0.930703820360754,0.00230852591880903,0.00232716120703285,0.927495571311014,0.932112623148632,0.470681605975724,0.470214752567694,0.473576097105509,0.003361344537815,0.0036418555807804,0.469747899159664,0.476470588235294,0.495378151260504,0.493253968253968,0.497759103641456,0.00450513538748848,0.00450757381490461,0.491129785247432,0.500140056022409,0.48249299719888,0.479285714285715,0.48609243697479,0.00680672268907545,0.00681048721465463,0.476078431372549,0.4896918767507,0.492682507728252,0.479326821924777,0.493018877284389,0.013692055359611,0.0156196429265648,0.465971136121303,0.493355246840525,0.943977591036415,0.94047619047619,0.948179271708683,0.00770308123249297,0.00771368423989645,0.936974789915966,0.952380952380952,,,,,,,,,,,,,,,,,,,,,,,,,,,,,,,,,,,,,,,,,,,,,,,,,,,,,,,,,,,,,,,,,,,,,,,,,,,,,,,,,,,,
"MNIST","fastEmbedR_umap_cpu_binary_knn","UMAP","cpu","embedding_from_precomputed_knn",1,1,70000,784,30,,"float32",,3,3,"success",93.464,92.627,93.5255,0.898499999999984,1.00387698449561,91.79,93.587,,,,,,,,,,,,,,,,,,,,,,,,,,,,,93.464,92.627,93.5255,0.898499999999984,1.00387698449561,91.79,93.587,0.48822021484375,0.456977844238281,0.536766052246094,0.0797882080078125,0.0804112023175967,0.425735473632812,0.585311889648438,,,,,,,,,,,,,,,0.927607994476131,0.927489355607173,0.92899531254856,0.00150595694138689,0.00167464084201708,0.927370716738215,0.930382630620989,0.470214752567694,0.468207282913165,0.470588235294118,0.00238095238095248,0.00256103598844337,0.466199813258637,0.470961718020542,0.495331465919701,0.491479925303455,0.498739495798319,0.00725957049486448,0.0072640850096924,0.487628384687208,0.502147525676937,0.483305322128852,0.478725490196079,0.486526610644258,0.00780112044817949,0.0078404523882636,0.474145658263305,0.489747899159664,0.482785455274163,0.471196285695696,0.485871485302715,0.0146751996070185,0.0154745795066493,0.45960711611723,0.488957515331267,0.939775910364146,0.938375350140056,0.943977591036415,0.00560224089635852,0.00583099719738394,0.936974789915966,0.948179271708683,,,,,,,,,,,,,,,,,,,,,,,,,,,,,,,,,,,,,,,,,,,,,,,,,,,,,,,,,,,,,,,,,,,,,,,,,,,,,,,,,,,,
"MNIST","fastEmbedR_umap_cpu_binary_knn","UMAP","cpu","embedding_from_precomputed_knn",4,4,70000,784,30,,"float32",,3,3,"success",23.071,22.9515,23.5875,0.635999999999996,0.676041665382639,22.832,24.104,,,,,,,,,,,,,,,,,,,,,,,,,,,,,23.071,22.9515,23.5875,0.635999999999996,0.676041665382639,22.832,24.104,0.463775634765625,0.456718444824219,0.514556884765625,0.0578384399414062,0.063107444971716,0.449661254882812,0.565338134765625,,,,,,,,,,,,,,,0.92820281030888,0.92721410802623,0.929483718234037,0.00226961020780692,0.00227587167356879,0.926225405743581,0.930764626159195,0.469934640522876,0.469094304388422,0.472642390289449,0.00354808590102701,0.00370827787329122,0.468253968253968,0.475350140056022,0.495284780578898,0.49157329598506,0.497735760971055,0.00616246498599449,0.00620528793189804,0.487861811391223,0.500186741363212,0.482801120448179,0.478879551820728,0.485742296918768,0.00686274509803952,0.00688604820447921,0.474957983193277,0.488683473389356,0.489853393066049,0.469423840163695,0.493932238184474,0.0245083980207795,0.0262636019722499,0.44899428726134,0.498011083302899,0.943977591036415,0.939075630252101,0.948879551820728,0.00980392156862742,0.00980392156862747,0.934173669467787,0.953781512605042,,,,,,,,,,,,,,,,,,,,,,,,,,,,,,,,,,,,,,,,,,,,,,,,,,,,,,,,,,,,,,,,,,,,,,,,,,,,,,,,,,,,
"MNIST","fastEmbedR_umap_cpu_fuzzy_full","UMAP","cpu","full_pipeline",1,1,70000,784,30,,"float32",,3,3,"success",47.313,47.29,47.3935,0.103499999999997,0.108693759403807,47.267,47.474,0.00900000000000001,0.00900000000000001,0.00900000000000001,0,0,0.00900000000000001,0.00900000000000001,28.641,28.561,28.703,0.141999999999999,0.142379773844461,28.481,28.765,,,,,,,,,,,,,,,18.587,18.571,18.6235,0.052500000000002,0.053817593158124,18.555,18.66,0.520339965820312,0.520309448242188,0.521537780761719,0.00122833251953125,0.00140106929045132,0.520278930664062,0.522735595703125,,,,,,,,,,,,,,,0.92747814031546,0.926315871259261,0.928707701121934,0.0023918298626735,0.00239214537292262,0.925153602203062,0.929937261928409,0.470588235294118,0.469000933706816,0.474323062558357,0.00532212885154104,0.00546464494334016,0.467413632119514,0.478057889822596,0.490709617180205,0.489635854341737,0.49593837535014,0.0063025210084035,0.00674362166269261,0.488562091503268,0.501167133520075,0.474957983193277,0.470056022408963,0.477689075630252,0.00763305322128849,0.00773526930835947,0.46515406162465,0.480420168067227,0.540808002264021,0.51605884594054,0.550788569698381,0.0347297237578414,0.035761116475225,0.491309689617058,0.560769137132741,0.955182072829132,0.951680672268908,0.958683473389356,0.00700280112044849,0.00700280112044849,0.948179271708683,0.96218487394958,,,,,,,,,,,,,,,,,,,,,,,,,,,,,,,,,,,,,,,,,,,,,,,,,,,,,,,,,,,,,,,,,,,,,,,,,,,,,,,,,,,,
"MNIST","fastEmbedR_umap_cpu_fuzzy_full","UMAP","cpu","full_pipeline",4,4,70000,784,30,,"float32",,3,3,"success",22.973,22.929,23.068,0.138999999999996,0.142084481911291,22.885,23.163,0.01,0.0095,0.01,0.000499999999999995,0.00057735026918962,0.00900000000000001,0.01,18.127,18.092,18.1515,0.0594999999999999,0.0598080262172226,18.057,18.176,,,,,,,,,,,,,,,4.727,4.721,4.79,0.069,0.0764460594144654,4.715,4.853,0.588394165039062,0.551406860351562,0.605026245117188,0.053619384765625,0.0548921683449486,0.514419555664062,0.621658325195312,,,,,,,,,,,,,,,0.926956831936827,0.926200542928218,0.927951344551327,0.00175080162310937,0.00175619564749606,0.925444253919609,0.928945857165828,0.46890756302521,0.466900093370682,0.471148459383753,0.00424836601307199,0.00425050308274302,0.464892623716153,0.473389355742297,0.488608776844071,0.488515406162465,0.493650793650794,0.00513538748832848,0.00587666891011888,0.488422035480859,0.498692810457516,0.475406162464986,0.4703081232493,0.477759103641457,0.00745098039215703,0.00761767439703728,0.465210084033613,0.480112044817927,0.545787265399467,0.522629922682567,0.558370064133142,0.0357401414505749,0.0362578456483305,0.499472579965667,0.570952862866817,0.959383753501401,0.955182072829132,0.96078431372549,0.00560224089635852,0.0058309971973841,0.950980392156863,0.96218487394958,,,,,,,,,,,,,,,,,,,,,,,,,,,,,,,,,,,,,,,,,,,,,,,,,,,,,,,,,,,,,,,,,,,,,,,,,,,,,,,,,,,,
"MNIST","fastEmbedR_umap_cpu_fuzzy_knn","UMAP","cpu","embedding_from_precomputed_knn",1,1,70000,784,30,,"float32",,3,3,"success",18.62,18.5805,18.7095,0.128999999999998,0.132190519075058,18.541,18.799,,,,,,,,,,,,,,,,,,,,,,,,,,,,,18.62,18.5805,18.7095,0.128999999999998,0.132190519075058,18.541,18.799,0.597518920898438,0.5963134765625,0.604598999023438,0.0082855224609375,0.00895285744902513,0.595108032226562,0.611679077148438,,,,,,,,,,,,,,,0.92747814031546,0.926315871259261,0.928707701121934,0.0023918298626735,0.00239214537292262,0.925153602203062,0.929937261928409,0.470588235294118,0.469000933706816,0.474323062558357,0.00532212885154104,0.00546464494334016,0.467413632119514,0.478057889822596,0.490709617180205,0.489635854341737,0.49593837535014,0.0063025210084035,0.00674362166269261,0.488562091503268,0.501167133520075,0.474957983193277,0.470056022408963,0.477689075630252,0.00763305322128849,0.00773526930835947,0.46515406162465,0.480420168067227,0.540808002264021,0.51605884594054,0.550788569698381,0.0347297237578414,0.035761116475225,0.491309689617058,0.560769137132741,0.955182072829132,0.951680672268908,0.958683473389356,0.00700280112044849,0.00700280112044849,0.948179271708683,0.96218487394958,,,,,,,,,,,,,,,,,,,,,,,,,,,,,,,,,,,,,,,,,,,,,,,,,,,,,,,,,,,,,,,,,,,,,,,,,,,,,,,,,,,,
"MNIST","fastEmbedR_umap_cpu_fuzzy_knn","UMAP","cpu","embedding_from_precomputed_knn",4,4,70000,784,30,,"float32",,3,3,"success",5.013,4.897,5.052,0.154999999999999,0.161249289404119,4.781,5.091,,,,,,,,,,,,,,,,,,,,,,,,,,,,,5.013,4.897,5.052,0.154999999999999,0.161249289404119,4.781,5.091,0.595367431640625,0.57916259765625,0.60302734375,0.02386474609375,0.0243693387149188,0.562957763671875,0.610687255859375,,,,,,,,,,,,,,,0.92696723648456,0.926281549764141,0.927987287534406,0.00170573777026495,0.00171662687923332,0.925595863043722,0.929007338584252,0.469561157796452,0.467787114845938,0.471475256769375,0.00368814192343603,0.00368902824745811,0.466013071895425,0.473389355742297,0.488702147525677,0.488188608776844,0.493253968253968,0.0050653594771245,0.0055761791351876,0.487675070028011,0.49780578898226,0.47436974789916,0.469271708683473,0.476260504201681,0.00698879551820752,0.00722994818033608,0.464173669467787,0.478151260504202,0.547043585659417,0.525698962629646,0.552861637642475,0.0271626750128285,0.0286036544869489,0.504354339599875,0.558679689625532,0.959383753501401,0.955882352941177,0.959383753501401,0.00350140056022452,0.00404306911197267,0.952380952380952,0.959383753501401,,,,,,,,,,,,,,,,,,,,,,,,,,,,,,,,,,,,,,,,,,,,,,,,,,,,,,,,,,,,,,,,,,,,,,,,,,,,,,,,,,,,
"MNIST","fastEmbedR_umap_metal_binary_full","UMAP","metal","full_pipeline",4,,70000,784,30,,"float32",,3,3,"success",12.55,12.5065,12.7065,0.200000000000001,0.210371892926154,12.463,12.863,0.01,0.0095,0.0199999999999999,0.0104999999999999,0.0118462370959445,0.00900000000000001,0.0299999999999999,10.21,10.174,10.3395,0.165500000000002,0.174081398585068,10.138,10.469,,,,,,,,,,,,,,,2.207,2.2035,2.2445,0.0409999999999999,0.0454569393309023,2.2,2.282,0.71881103515625,0.707405090332031,0.718879699707031,0.011474609375,0.0132102725801424,0.695999145507812,0.718948364257812,,,,,,,,,,,,,,,0.930331148378309,0.929788422846225,0.931257490936558,0.00146906809033298,0.00148566990331715,0.92924569731414,0.932183833494806,0.471615312791783,0.469794584500467,0.475676937441643,0.00588235294117645,0.00602295179192167,0.46797385620915,0.479738562091503,0.49547152194211,0.492390289449113,0.501960784313725,0.00957049486461248,0.00977066670386894,0.489309056956116,0.508450046685341,0.48327731092437,0.480014005602241,0.487941176470588,0.00792717086834749,0.00796830560971053,0.476750700280112,0.492605042016807,0.488962803292066,0.46724154385746,0.49582346123329,0.02858191737583,0.0298418915809158,0.445520284422855,0.502684119174515,0.946778711484594,0.939775910364146,0.948179271708683,0.0084033613445379,0.00900434244723921,0.932773109243697,0.949579831932773,,,,,,,,,,,,,,,,,,,,,,,,,,,,,,,,,,,,,,,,,,,,,,,,,,,,,,,,,,,,,,,,,,,,,,,,,,,,,,,,,,,,
"MNIST","fastEmbedR_umap_metal_binary_knn","UMAP","metal","embedding_from_precomputed_knn",4,,70000,784,30,,"float32",,3,3,"success",2.314,2.3065,2.325,0.0185000000000004,0.0186100331362771,2.299,2.336,,,,,,,,,,,,,,,,,,,,,,,,,,,,,2.314,2.3065,2.325,0.0185000000000004,0.0186100331362771,2.299,2.336,0.589508056640625,0.564559936523438,0.620429992675781,0.0558700561523438,0.0559764116987978,0.53961181640625,0.651351928710938,,,,,,,,,,,,,,,0.928127816490803,0.92750117895687,0.929346634939552,0.00184545598268249,0.00187685921936344,0.926874541422937,0.930565453388302,0.470961718020542,0.46890756302521,0.471335200746965,0.00242763772175497,0.00261437908496707,0.466853408029879,0.471708683473389,0.494911297852474,0.49187675070028,0.498529411764705,0.00665266106442547,0.00666118727850097,0.488842203548086,0.502147525676937,0.483613445378151,0.479747899159663,0.486778711484594,0.00703081232493002,0.00704242756631756,0.475882352941176,0.489943977591036,0.479815466341876,0.4623980536729,0.483684106555476,0.021286052882576,0.0226778701013936,0.444980641003923,0.487552746769075,0.941176470588235,0.936974789915966,0.944677871148459,0.00770308123249297,0.00771368423989648,0.932773109243697,0.948179271708683,,,,,,,,,,,,,,,,,,,,,,,,,,,,,,,,,,,,,,,,,,,,,,,,,,,,,,,,,,,,,,,,,,,,,,,,,,,,,,,,,,,,
"MNIST","fastEmbedR_umap_metal_fuzzy_full","UMAP","metal","full_pipeline",4,,70000,784,30,,"float32",,3,3,"success",11.633,11.6105,11.7105,0.100000000000001,0.104920604903582,11.588,11.788,0.00900000000000001,0.00900000000000001,0.0095,0.000499999999999995,0.00057735026918962,0.00900000000000001,0.01,10.312,10.278,10.316,0.0380000000000003,0.0417612260356423,10.244,10.32,,,,,,,,,,,,,,,1.225,1.215,1.284,0.069,0.0745743476896267,1.205,1.343,0.711807250976562,0.702308654785156,0.714012145996094,0.0117034912109375,0.0124380223020394,0.69281005859375,0.716217041015625,,,,,,,,,,,,,,,0.927971748274804,0.926721716182855,0.928246928293748,0.00152521211089351,0.00162574624033498,0.925471684090906,0.928522108312693,0.466666666666667,0.466339869281046,0.472128851540617,0.00578898225957053,0.00650407952647534,0.466013071895425,0.477591036414566,0.489028944911298,0.487441643323997,0.495658263305322,0.00821661998132545,0.00871704202949263,0.485854341736695,0.502287581699346,0.475490196078431,0.469481792717087,0.479481792717087,0.01,0.0100675635807393,0.463473389355742,0.483473389355742,0.528264007171668,0.521006438569708,0.552592748611477,0.0315863100417699,0.0330883156024609,0.513748869967747,0.576921490051287,0.964985994397759,0.960084033613446,0.964985994397759,0.00490196078431349,0.00566029675676076,0.955182072829132,0.964985994397759,,,,,,,,,,,,,,,,,,,,,,,,,,,,,,,,,,,,,,,,,,,,,,,,,,,,,,,,,,,,,,,,,,,,,,,,,,,,,,,,,,,,
"MNIST","fastEmbedR_umap_metal_fuzzy_knn","UMAP","metal","embedding_from_precomputed_knn",4,,70000,784,30,,"float32",,3,3,"success",1.287,1.2865,1.2885,0.002,0.00208166599946615,1.286,1.29,,,,,,,,,,,,,,,,,,,,,,,,,,,,,1.287,1.2865,1.2885,0.002,0.00208166599946615,1.286,1.29,0.639923095703125,0.627883911132812,0.681900024414062,0.05401611328125,0.056714166385093,0.6158447265625,0.723876953125,,,,,,,,,,,,,,,0.926408633882883,0.925707070092871,0.927488612425192,0.00178154233232097,0.00179488875888461,0.925005506302859,0.928568590967501,0.469281045751634,0.467787114845938,0.472082166199813,0.00429505135387498,0.00436085400264865,0.466293183940243,0.474883286647993,0.487068160597572,0.486928104575163,0.493884220354809,0.0069561157796455,0.00795260263659915,0.486788048552754,0.500700280112045,0.47563025210084,0.470224089635854,0.479313725490196,0.00908963585434203,0.00914388862473936,0.464817927170868,0.482997198879552,0.541057234811556,0.519258126948671,0.547485795238108,0.0282276682894375,0.0295897363943879,0.497459019085786,0.553914355664661,0.946778711484594,0.94047619047619,0.952380952380953,0.0119047619047621,0.0119116254175286,0.934173669467787,0.957983193277311,,,,,,,,,,,,,,,,,,,,,,,,,,,,,,,,,,,,,,,,,,,,,,,,,,,,,,,,,,,,,,,,,,,,,,,,,,,,,,,,,,,,
"MNIST","fastEmbedR_tsne_cpu_full","t-SNE","cpu","full_pipeline",1,1,70000,784,,30,"float32",,3,3,"success",88.987,88.855,90.98,2.125,2.38118989862912,88.723,92.973,0.00900000000000001,0.00850000000000001,0.00900000000000001,0.000499999999999999,0.000577350269189625,0.00800000000000001,0.00900000000000001,28.644,28.616,29.248,0.631999999999998,0.714154045007098,28.588,29.852,,,,,,,,,,,,,,,58.424,58.3755,59.615,1.23949999999999,1.40408772280557,58.327,60.806,1.31228637695312,1.25216674804688,1.33539581298828,0.0832290649414062,0.0859282377518551,1.19204711914062,1.35850524902344,,,,,,,,,,,,,,,0.923866546136062,0.923512386141143,0.924767620506958,0.00125523436581598,0.00129434092289302,0.923158226146223,0.925668694877855,0.456209150326797,0.453828197945845,0.457002801120448,0.003174603174603,0.00330423174518407,0.451447245564893,0.457796451914099,0.477310924369748,0.4718720821662,0.477567693744165,0.0056956115779645,0.00643360584606467,0.466433239962652,0.477824463118581,0.464117647058824,0.460798319327732,0.466666666666667,0.00586834733893549,0.00588517561550256,0.457478991596639,0.46921568627451,0.356137817132542,0.355750677287864,0.367093171396281,0.011342494108417,0.0128794885225265,0.355363537443186,0.37804852566002,0.953781512605042,0.948879551820728,0.955182072829131,0.00630252100840301,0.0066187893925103,0.943977591036415,0.956582633053221,2.22424456823289,2.22362333838217,2.22442248582151,0.000799147439335179,0.000839133610958259,2.22300210853145,2.22460040341012,,,,,,,,,,,,,,,,,,,,,,,,,,,,,,,,,,,,,,,,,,,,,,,,,,,,,,,,,,,,,,,,,,,,,,,,,,,,,
"MNIST","fastEmbedR_tsne_cpu_full","t-SNE","cpu","full_pipeline",4,4,70000,784,,30,"float32",,3,3,"success",38.502,38.4045,38.7625,0.358000000000004,0.370162576894712,38.307,39.023,0.00900000000000001,0.00850000000000001,0.01,0.00149999999999999,0.00152752523165194,0.00800000000000001,0.011,18.505,18.261,18.8155,0.554500000000001,0.55582761116495,18.017,19.126,,,,,,,,,,,,,,,17.996,17.9425,18.314,0.371500000000001,0.4016619640112,17.889,18.632,1.29887390136719,1.2818603515625,1.30953216552734,0.0276718139648438,0.0279140198940625,1.26484680175781,1.3201904296875,,,,,,,,,,,,,,,0.923866546136062,0.923512386141143,0.924767620506958,0.00125523436581598,0.00129434092289302,0.923158226146223,0.925668694877855,0.456209150326797,0.453828197945845,0.457002801120448,0.003174603174603,0.00330423174518407,0.451447245564893,0.457796451914099,0.477310924369748,0.4718720821662,0.477567693744165,0.0056956115779645,0.00643360584606467,0.466433239962652,0.477824463118581,0.464117647058824,0.460798319327732,0.466666666666667,0.00586834733893549,0.00588517561550256,0.457478991596639,0.46921568627451,0.356137817132542,0.355750677287864,0.367093171396281,0.011342494108417,0.0128794885225265,0.355363537443186,0.37804852566002,0.953781512605042,0.948879551820728,0.955182072829131,0.00630252100840301,0.0066187893925103,0.943977591036415,0.956582633053221,2.22424456823289,2.22362333838217,2.22442248582151,0.000799147439335179,0.000839133610958259,2.22300210853145,2.22460040341012,,,,,,,,,,,,,,,,,,,,,,,,,,,,,,,,,,,,,,,,,,,,,,,,,,,,,,,,,,,,,,,,,,,,,,,,,,,,,
"MNIST","fastEmbedR_tsne_cpu_knn","t-SNE","cpu","embedding_from_precomputed_knn",1,1,70000,784,,30,"float32",,3,3,"success",58.346,58.2455,58.692,0.446499999999993,0.468457397564956,58.145,59.038,,,,,,,,,,,,,,,,,,,,,,,,,,,,,58.346,58.2455,58.692,0.446499999999993,0.468457397564956,58.145,59.038,0.477493286132812,0.471038818359375,0.478599548339844,0.00756072998046875,0.00816694998746402,0.464584350585938,0.479705810546875,,,,,,,,,,,,,,,0.923378208012583,0.923048978395024,0.924427040473691,0.00137806207866653,0.00143932779801554,0.922719748777466,0.925475872934799,0.456115779645191,0.453781512605042,0.456302521008403,0.002521008403361,0.00280940780489139,0.451447245564893,0.456489262371615,0.476283846872082,0.47156862745098,0.476820728291316,0.005252100840336,0.00577962507921924,0.466853408029879,0.477357609710551,0.462436974789916,0.460126050420168,0.465966386554622,0.00584033613445395,0.00588255301780607,0.45781512605042,0.469495798319328,0.35679128713915,0.355724332389073,0.364917216840222,0.00919288445114952,0.0100557860782626,0.354657377638996,0.373043146541295,0.952380952380952,0.949579831932773,0.955182072829131,0.00560224089635841,0.00560224089635847,0.946778711484594,0.957983193277311,2.22390183489193,2.22390183489193,2.22390183489193,0,0,2.22390183489193,2.22390183489193,,,,,,,,,,,,,,,,,,,,,,,,,,,,,,,,,,,,,,,,,,,,,,,,,,,,,,,,,,,,,,,,,,,,,,,,,,,,,
"MNIST","fastEmbedR_tsne_cpu_knn","t-SNE","cpu","embedding_from_precomputed_knn",4,4,70000,784,,30,"float32",,3,3,"success",17.932,17.851,18.1755,0.3245,0.337790368917371,17.77,18.419,,,,,,,,,,,,,,,,,,,,,,,,,,,,,17.932,17.851,18.1755,0.3245,0.337790368917371,17.77,18.419,0.47705078125,0.475784301757812,0.479339599609375,0.0035552978515625,0.00360396102454586,0.474517822265625,0.48162841796875,,,,,,,,,,,,,,,0.923378208012583,0.923048978395024,0.924427040473691,0.00137806207866653,0.00143932779801554,0.922719748777466,0.925475872934799,0.456115779645191,0.453781512605042,0.456302521008403,0.002521008403361,0.00280940780489139,0.451447245564893,0.456489262371615,0.476283846872082,0.47156862745098,0.476820728291316,0.005252100840336,0.00577962507921924,0.466853408029879,0.477357609710551,0.462436974789916,0.460126050420168,0.465966386554622,0.00584033613445395,0.00588255301780607,0.45781512605042,0.469495798319328,0.35679128713915,0.355724332389073,0.364917216840222,0.00919288445114952,0.0100557860782626,0.354657377638996,0.373043146541295,0.952380952380952,0.949579831932773,0.955182072829131,0.00560224089635841,0.00560224089635847,0.946778711484594,0.957983193277311,2.22390183489193,2.22390183489193,2.22390183489193,0,0,2.22390183489193,2.22390183489193,,,,,,,,,,,,,,,,,,,,,,,,,,,,,,,,,,,,,,,,,,,,,,,,,,,,,,,,,,,,,,,,,,,,,,,,,,,,,
"MNIST","fastEmbedR_tsne_metal_full","t-SNE","metal","full_pipeline",4,,70000,784,,30,"float32",,3,3,"success",13.215,13.113,13.2365,0.1235,0.131955800680885,13.011,13.258,0.011,0.01,0.011,0.000999999999999994,0.00115470053837925,0.00900000000000001,0.011,10.252,10.1645,10.267,0.102499999999999,0.110717357868283,10.077,10.282,,,,,,,,,,,,,,,2.642,2.64,2.6645,0.0245000000000002,0.02720906711619,2.638,2.687,0.7183837890625,0.709114074707031,0.729164123535156,0.020050048828125,0.0200690088375837,0.699844360351562,0.739944458007812,,,,,,,,,,,,,,,0.923386450576371,0.922999387888295,0.923634470672012,0.000635082783716601,0.000640136253472749,0.92261232520022,0.923882490767653,0.448085901027078,0.445985060690944,0.451353874883287,0.00536881419234353,0.00541093639922606,0.443884220354809,0.454621848739496,0.471335200746965,0.468557422969188,0.474556489262371,0.00599906629318397,0.00600452859499788,0.46577964519141,0.477777777777778,0.46921568627451,0.465700280112045,0.471260504201681,0.00556022408963597,0.00562467496953351,0.46218487394958,0.473305322128852,0.366360460938374,0.365958832964472,0.380844626161935,0.0148857931974635,0.0169615090989471,0.36555720499057,0.395328791385497,0.96078431372549,0.952380952380953,0.96218487394958,0.00980392156862742,0.0106048708605046,0.943977591036415,0.96358543417367,2.21732834861388,2.21505382151612,2.21827800547705,0.00322418396092994,0.00331367710055643,2.21277929441836,2.21922766234022,,,,,,,,,,,,,,,,,,,,,,,,,,,,,,,,,,,,,,,,,,,,,,,,,,,,,,,,,,,,,,,,,,,,,,,,,,,,,
"MNIST","fastEmbedR_tsne_metal_knn","t-SNE","metal","embedding_from_precomputed_knn",4,,70000,784,,30,"float32",,3,3,"success",2.771,2.7605,2.775,0.0145,0.0149777612924406,2.75,2.779,,,,,,,,,,,,,,,,,,,,,,,,,,,,,2.771,2.7605,2.775,0.0145,0.0149777612924406,2.75,2.779,0.503982543945312,0.487014770507812,0.524505615234375,0.0374908447265625,0.0375469948098246,0.470046997070312,0.545028686523438,,,,,,,,,,,,,,,0.923609675418648,0.92328821543089,0.924483319618248,0.00119510418735758,0.0012368952340067,0.922966755443132,0.925356963817847,0.455182072829132,0.45280112044818,0.45592903828198,0.00312791783380001,0.00326708449060371,0.450420168067227,0.456676003734827,0.474976657329598,0.470541549953314,0.475840336134453,0.00529878618113899,0.00568584520310748,0.466106442577031,0.476704014939309,0.462829131652661,0.460196078431373,0.466274509803921,0.00607843137254899,0.0060964977827224,0.457563025210084,0.469719887955182,0.356552919079952,0.355895878111161,0.365405696416838,0.00950981830567654,0.0106219901970118,0.35523883714237,0.374258473753723,0.952380952380952,0.948179271708683,0.955882352941177,0.00770308123249308,0.0077136842398965,0.943977591036415,0.959383753501401,2.22342831590009,2.22317100643769,2.22353565981085,0.000364653373150503,0.000374791459493506,2.2229136969753,2.2236430037216,,,,,,,,,,,,,,,,,,,,,,,,,,,,,,,,,,,,,,,,,,,,,,,,,,,,,,,,,,,,,,,,,,,,,,,,,,,,,
"Macosko2015_retina","fastEmbedR_pca_cpu","PCA","cpu","pca_only",1,1,44808,50,,,"float32",,3,3,"success",0.512,0.507,0.5225,0.0155,0.0158219257150744,0.502,0.533,,,,,,,,,,,,,,,0.512,0.507,0.5225,0.0155,0.0158219257150744,0.502,0.533,,,,,,,,,,,,,,,0.289642333984375,0.286483764648438,0.291793823242188,0.00531005859375,0.00534179673552295,0.2833251953125,0.2939453125,,,,,,,,,,,,,,,,,,,,,,,,,,,,,,,,,,,,,,,,,,,,,,,,,,,,,,,,,,,,,,,,,,,,,,,,,,,,,,,,,,,,,,,,,,,,,,,,,,,,,,,,,,,,,,,,,,,,,,,,,,,,,,,,,,,,,,,,,,,,
"Macosko2015_retina","fastEmbedR_pca_cpu","PCA","cpu","pca_only",4,4,44808,50,,,"float32",,3,3,"success",0.497,0.496,0.518,0.022,0.0248461935381123,0.495,0.539,,,,,,,,,,,,,,,0.497,0.496,0.518,0.022,0.0248461935381123,0.495,0.539,,,,,,,,,,,,,,,0.280685424804688,0.279441833496094,0.283790588378906,0.0043487548828125,0.00447960036880155,0.2781982421875,0.286895751953125,,,,,,,,,,,,,,,,,,,,,,,,,,,,,,,,,,,,,,,,,,,,,,,,,,,,,,,,,,,,,,,,,,,,,,,,,,,,,,,,,,,,,,,,,,,,,,,,,,,,,,,,,,,,,,,,,,,,,,,,,,,,,,,,,,,,,,,,,,,,
"Macosko2015_retina","fastEmbedR_pca_metal","PCA","metal","pca_only",4,,44808,50,,,"float32",,3,3,"success",0.108,0.1065,0.2375,0.131,0.150407225003765,0.105,0.367,,,,,,,,,,,,,,,0.108,0.1065,0.2375,0.131,0.150407225003765,0.105,0.367,,,,,,,,,,,,,,,0.170166015625,0.169944763183594,0.172042846679688,0.00209808349609375,0.00230555876195607,0.169723510742188,0.173919677734375,,,,,,,,,,,,,,,,,,,,,,,,,,,,,,,,,,,,,,,,,,,,,,,,,,,,,,,,,,,,,,,,,,,,,,,,,,,,,,,,,,,,,,,,,,,,,,,,,,,,,,,,,,,,,,,,,,,,,,,,,,,,,,,,,,,,,,,,,,,,
"Macosko2015_retina","irlba_pca","PCA","cpu","pca_only",1,1,44808,50,,,"standard_R_double",,3,3,"success",0.443,0.4425,0.4445,0.002,0.00208166599946613,0.442,0.446,,,,,,,,,,,,,,,0.443,0.4425,0.4445,0.002,0.00208166599946613,0.442,0.446,,,,,,,,,,,,,,,0.248504638671875,0.245635986328125,0.255561828613281,0.00992584228515625,0.0102161780592739,0.242767333984375,0.262619018554688,,,,,,,,,,,,,,,,,,,,,,,,,,,,,,,,,,,,,,,,,,,,,,,,,,,,,,,,,,,,,,,,,,,,,,,,,,,,,,,,,,,,,,,,,,,,,,,,,,,,,,,,,,,,,,,,,,,,,,,,,,,,,,,,,,,,,,,,,,,,
"Macosko2015_retina","irlba_pca","PCA","cpu","pca_only",4,4,44808,50,,,"standard_R_double",,3,3,"success",0.461,0.4495,0.4625,0.013,0.0142243921955679,0.438,0.464,,,,,,,,,,,,,,,0.461,0.4495,0.4625,0.013,0.0142243921955679,0.438,0.464,,,,,,,,,,,,,,,0.243301391601562,0.238410949707031,0.253387451171875,0.0149765014648438,0.0152739563900156,0.2335205078125,0.263473510742188,,,,,,,,,,,,,,,,,,,,,,,,,,,,,,,,,,,,,,,,,,,,,,,,,,,,,,,,,,,,,,,,,,,,,,,,,,,,,,,,,,,,,,,,,,,,,,,,,,,,,,,,,,,,,,,,,,,,,,,,,,,,,,,,,,,,,,,,,,,,
"Macosko2015_retina","fastEmbedR_umap_cpu_binary_full","UMAP","cpu","full_pipeline",1,1,44808,50,30,,"float32",,3,3,"success",73.887,73.8685,73.9975,0.129000000000005,0.139507466944729,73.85,74.108,0.001,0.001,0.001,0,0,0.001,0.001,6.219,6.2095,6.3505,0.141,0.157614508638429,6.2,6.482,,,,,,,,,,,,,,,67.526,67.411,67.666,0.254999999999995,0.255408170059869,67.296,67.806,0.288436889648438,0.286033630371094,0.28961181640625,0.00357818603515625,0.00364778684890348,0.28363037109375,0.290786743164062,,,,,,,,,,,,,,,0.921199966278874,0.920014626538527,0.92312816557073,0.00311353903220346,0.00314294003699465,0.918829286798179,0.925056364862586,0.355866666666667,0.354766666666667,0.358716666666667,0.00395000000000001,0.00407717222267262,0.353666666666667,0.361566666666667,0.415383333333333,0.413908333333333,0.41925,0.00534166666666702,0.00551725408084462,0.412433333333333,0.423116666666667,0.46991,0.464755,0.472165,0.00740999999999997,0.00759680415262453,0.4596,0.47442,0.150075398922234,0.121695554406426,0.171930261365225,0.0502347069587996,0.0503757638180636,0.0933157098906178,0.193785123808217,0.968,0.9625,0.972,0.00950000000000006,0.00953939201416946,0.957,0.976,,,,,,,,,,,,,,,,,,,,,,,,,,,,,,,,,,,,,,,,,,,,,,,,,,,,,,,,,,,,,,,,,,,,,,,,,,,,,,,,,,,,
"Macosko2015_retina","fastEmbedR_umap_cpu_binary_full","UMAP","cpu","full_pipeline",4,4,44808,50,30,,"float32",,3,3,"success",20.468,20.4535,20.7775,0.324000000000002,0.366038704693005,20.439,21.087,0.001,0.001,0.001,0,0,0.001,0.001,3.7,3.689,3.724,0.0350000000000001,0.0357957166897569,3.678,3.748,,,,,,,,,,,,,,,16.689,16.635,16.983,0.348000000000003,0.374571755475504,16.581,17.277,0.3167724609375,0.310188293457031,0.335441589355469,0.0252532958984375,0.026199447462768,0.303604125976562,0.354110717773438,,,,,,,,,,,,,,,0.922311364019558,0.920152748271792,0.923945211600067,0.00379246332827554,0.00380454622429142,0.917994132524026,0.925579059180577,0.358433333333333,0.356066666666667,0.359883333333333,0.00381666666666647,0.00385318531049775,0.3537,0.361333333333333,0.4153,0.415058333333334,0.419133333333333,0.00407499999999994,0.00457226947457703,0.414816666666667,0.422966666666667,0.46801,0.465855,0.47176,0.00590499999999994,0.00597637292455326,0.4637,0.47551,0.245286779658664,0.213099855657949,0.316530833950205,0.103430978292256,0.105860539135276,0.180912931657234,0.387774888241746,0.9705,0.967,0.9725,0.00549999999999995,0.00556776436283003,0.9635,0.9745,,,,,,,,,,,,,,,,,,,,,,,,,,,,,,,,,,,,,,,,,,,,,,,,,,,,,,,,,,,,,,,,,,,,,,,,,,,,,,,,,,,,
"Macosko2015_retina","fastEmbedR_umap_cpu_binary_knn","UMAP","cpu","embedding_from_precomputed_knn",1,1,44808,50,30,,"float32",,3,3,"success",67.305,67.292,68.618,1.32599999999999,1.52368281913702,67.279,69.931,,,,,,,,,,,,,,,,,,,,,,,,,,,,,67.305,67.292,68.618,1.32599999999999,1.52368281913702,67.279,69.931,0.288116455078125,0.285102844238281,0.293624877929688,0.00852203369140625,0.00864290193716219,0.282089233398438,0.29913330078125,,,,,,,,,,,,,,,0.921199966278874,0.920014626538527,0.92312816557073,0.00311353903220346,0.00314294003699465,0.918829286798179,0.925056364862586,0.355866666666667,0.354766666666667,0.358716666666667,0.00395000000000001,0.00407717222267262,0.353666666666667,0.361566666666667,0.415383333333333,0.413908333333333,0.41925,0.00534166666666702,0.00551725408084462,0.412433333333333,0.423116666666667,0.46991,0.464755,0.472165,0.00740999999999997,0.00759680415262453,0.4596,0.47442,0.150075398922234,0.121695554406426,0.171930261365225,0.0502347069587996,0.0503757638180636,0.0933157098906178,0.193785123808217,0.968,0.9625,0.972,0.00950000000000006,0.00953939201416946,0.957,0.976,,,,,,,,,,,,,,,,,,,,,,,,,,,,,,,,,,,,,,,,,,,,,,,,,,,,,,,,,,,,,,,,,,,,,,,,,,,,,,,,,,,,
"Macosko2015_retina","fastEmbedR_umap_cpu_binary_knn","UMAP","cpu","embedding_from_precomputed_knn",4,4,44808,50,30,,"float32",,3,3,"success",16.524,16.5215,17.0525,0.531000000000002,0.611707718876698,16.519,17.581,,,,,,,,,,,,,,,,,,,,,,,,,,,,,16.524,16.5215,17.0525,0.531000000000002,0.611707718876698,16.519,17.581,0.316329956054688,0.315284729003906,0.331779479980469,0.0164947509765625,0.018472630184497,0.314239501953125,0.34722900390625,,,,,,,,,,,,,,,0.92132151407857,0.919599940988029,0.922503195076716,0.00290325408868652,0.00291993929057074,0.917878367897488,0.923684876074861,0.358333333333333,0.355383333333333,0.359966666666666,0.00458333333333349,0.00464594606240927,0.352433333333333,0.3616,0.417483333333333,0.41665,0.4208,0.00414999999999999,0.00439068880110503,0.415816666666667,0.424116666666667,0.46971,0.466285,0.47217,0.00588499999999997,0.0059113140107199,0.46286,0.47463,0.190720775552483,0.150969697148567,0.258473941343706,0.10750424419514,0.108713084857882,0.11121861874465,0.32622710713493,0.9675,0.96375,0.9715,0.00775000000000003,0.00775134396948902,0.96,0.9755,,,,,,,,,,,,,,,,,,,,,,,,,,,,,,,,,,,,,,,,,,,,,,,,,,,,,,,,,,,,,,,,,,,,,,,,,,,,,,,,,,,,
"Macosko2015_retina","fastEmbedR_umap_cpu_fuzzy_full","UMAP","cpu","full_pipeline",1,1,44808,50,30,,"float32",,3,3,"success",19.356,18.968,19.3565,0.3885,0.448312762849034,18.58,19.357,0.001,0.001,0.0015,5e-04,0.000577350269189626,0.001,0.002,6.267,6.172,6.43,0.257999999999999,0.260969985502803,6.077,6.593,,,,,,,,,,,,,,,12.645,12.5195,12.815,0.295499999999999,0.296614789471687,12.394,12.985,0.28924560546875,0.287567138671875,0.300384521484375,0.0128173828125,0.0139326475816941,0.285888671875,0.3115234375,,,,,,,,,,,,,,,0.914315174506829,0.91340263024785,0.917190465351543,0.00378783510369252,0.00395370958628776,0.912490085988872,0.920065756196257,0.347666666666667,0.346666666666667,0.351166666666667,0.0045,0.00472581562625261,0.345666666666667,0.354666666666667,0.405566666666667,0.399625,0.409833333333333,0.0102083333333335,0.0102540371453288,0.393683333333333,0.4141,0.45152,0.44593,0.45584,0.00991000000000003,0.00993708877555863,0.44034,0.46016,0.436547470028342,0.369551979276477,0.437339089481019,0.0677871102045415,0.0778207973587341,0.302556488524612,0.438130708933695,0.9605,0.96025,0.96375,0.00349999999999995,0.00390512483795332,0.96,0.967,,,,,,,,,,,,,,,,,,,,,,,,,,,,,,,,,,,,,,,,,,,,,,,,,,,,,,,,,,,,,,,,,,,,,,,,,,,,,,,,,,,,
"Macosko2015_retina","fastEmbedR_umap_cpu_fuzzy_full","UMAP","cpu","full_pipeline",4,4,44808,50,30,,"float32",,3,3,"success",6.98,6.944,7.3865,0.442499999999999,0.491490589940438,6.908,7.793,0,0,5e-04,5e-04,0.000577350269189626,0,0.001,3.718,3.6855,3.7415,0.056,0.0562405547625555,3.653,3.765,,,,,,,,,,,,,,,3.153,3.153,3.5345,0.3815,0.440518255391684,3.153,3.916,0.367034912109375,0.362411499023438,0.367988586425781,0.00557708740234375,0.0059659783862818,0.3577880859375,0.368942260742188,,,,,,,,,,,,,,,0.915412763446299,0.913645312763447,0.917455800033721,0.00381048727027444,0.00381380769055325,0.911877862080594,0.919498836621143,0.3488,0.348483333333333,0.351783333333334,0.00330000000000003,0.00364147914594756,0.348166666666667,0.354766666666667,0.40585,0.403908333333334,0.4076,0.00369166666666643,0.00369332480945648,0.401966666666667,0.40935,0.45179,0.45043,0.45441,0.00397999999999998,0.00404593623281434,0.44907,0.45703,0.410997852414434,0.390562926957226,0.43321866528708,0.0426557383298535,0.0426681982716848,0.370128001500019,0.455439478159726,0.961,0.9605,0.963,0.00250000000000006,0.00264575131106459,0.96,0.965,,,,,,,,,,,,,,,,,,,,,,,,,,,,,,,,,,,,,,,,,,,,,,,,,,,,,,,,,,,,,,,,,,,,,,,,,,,,,,,,,,,,
"Macosko2015_retina","fastEmbedR_umap_cpu_fuzzy_knn","UMAP","cpu","embedding_from_precomputed_knn",1,1,44808,50,30,,"float32",,3,3,"success",12.444,12.4375,12.505,0.0675000000000008,0.0744737090074974,12.431,12.566,,,,,,,,,,,,,,,,,,,,,,,,,,,,,12.444,12.4375,12.505,0.0675000000000008,0.0744737090074974,12.431,12.566,0.338119506835938,0.331222534179688,0.371826171875,0.0406036376953125,0.0434539058004289,0.324325561523438,0.405532836914062,,,,,,,,,,,,,,,0.914315174506829,0.91340263024785,0.917190465351543,0.00378783510369252,0.00395370958628776,0.912490085988872,0.920065756196257,0.347666666666667,0.346666666666667,0.351166666666667,0.0045,0.00472581562625261,0.345666666666667,0.354666666666667,0.405566666666667,0.399625,0.409833333333333,0.0102083333333335,0.0102540371453288,0.393683333333333,0.4141,0.45152,0.44593,0.45584,0.00991000000000003,0.00993708877555863,0.44034,0.46016,0.436547470028342,0.369551979276477,0.437339089481019,0.0677871102045415,0.0778207973587341,0.302556488524612,0.438130708933695,0.9605,0.96025,0.96375,0.00349999999999995,0.00390512483795332,0.96,0.967,,,,,,,,,,,,,,,,,,,,,,,,,,,,,,,,,,,,,,,,,,,,,,,,,,,,,,,,,,,,,,,,,,,,,,,,,,,,,,,,,,,,
"Macosko2015_retina","fastEmbedR_umap_cpu_fuzzy_knn","UMAP","cpu","embedding_from_precomputed_knn",4,4,44808,50,30,,"float32",,3,3,"success",3.216,3.2085,3.285,0.0765000000000002,0.084338603260903,3.201,3.354,,,,,,,,,,,,,,,,,,,,,,,,,,,,,3.216,3.2085,3.285,0.0765000000000002,0.084338603260903,3.201,3.354,0.357681274414062,0.347915649414062,0.385261535644531,0.0373458862304688,0.0387363176663334,0.338150024414062,0.412841796875,,,,,,,,,,,,,,,0.914102073849267,0.912297032540887,0.918605032878099,0.00630800033721157,0.0064974703998071,0.910491991232507,0.92310799190693,0.348333333333333,0.347466666666666,0.35465,0.00718333333333354,0.00784226441221636,0.3466,0.360966666666667,0.404583333333333,0.401633333333333,0.409675,0.008041666666667,0.00813617322915513,0.398683333333333,0.414766666666667,0.45035,0.4473,0.4561,0.00879999999999997,0.0089370017343626,0.44425,0.46185,0.417588537798493,0.346825084701271,0.43463467522089,0.087809590519619,0.0931255828885172,0.276061631604049,0.451680812643287,0.957,0.956,0.96475,0.00875000000000004,0.00957862203033405,0.955,0.9725,,,,,,,,,,,,,,,,,,,,,,,,,,,,,,,,,,,,,,,,,,,,,,,,,,,,,,,,,,,,,,,,,,,,,,,,,,,,,,,,,,,,
"Macosko2015_retina","fastEmbedR_umap_metal_binary_full","UMAP","metal","full_pipeline",4,,44808,50,30,,"float32",,3,3,"success",3.276,3.266,3.28,0.0139999999999998,0.014422205101856,3.256,3.284,0.001,0.001,0.0015,5e-04,0.000577350269189626,0.001,0.002,1.392,1.3865,1.3955,0.00900000000000012,0.00907377172587747,1.381,1.399,,,,,,,,,,,,,,,1.776,1.776,1.786,0.01,0.0115470053837925,1.776,1.796,0.444961547851562,0.411277770996094,0.446121215820312,0.0348434448242188,0.0395812017694017,0.377593994140625,0.447280883789062,,,,,,,,,,,,,,,0.91974774911482,0.919122964087,0.922276159163716,0.00315319507671563,0.00333924671127772,0.918498179059181,0.924804569212612,0.357933333333333,0.356066666666667,0.3601,0.00403333333333344,0.00403705062858756,0.3542,0.362266666666667,0.416833333333333,0.41555,0.419433333333333,0.00388333333333302,0.00395703779968625,0.414266666666667,0.422033333333333,0.46821,0.46517,0.47105,0.00588,0.00588113367756025,0.46213,0.47389,0.258081332001813,0.150680276298429,0.262469122437861,0.111788846139432,0.126625393957394,0.0432792205950455,0.26685691287391,0.969,0.964,0.971,0.00700000000000001,0.00721110255092799,0.959,0.973,,,,,,,,,,,,,,,,,,,,,,,,,,,,,,,,,,,,,,,,,,,,,,,,,,,,,,,,,,,,,,,,,,,,,,,,,,,,,,,,,,,,
"Macosko2015_retina","fastEmbedR_umap_metal_binary_knn","UMAP","metal","embedding_from_precomputed_knn",4,,44808,50,30,,"float32",,3,3,"success",1.856,1.8415,1.861,0.0195000000000003,0.0202566861389847,1.827,1.866,,,,,,,,,,,,,,,,,,,,,,,,,,,,,1.856,1.8415,1.861,0.0195000000000003,0.0202566861389847,1.827,1.866,0.47210693359375,0.4615478515625,0.475181579589844,0.0136337280273438,0.0143021257456725,0.45098876953125,0.478256225585938,,,,,,,,,,,,,,,0.922860310234362,0.920593803743045,0.924061726521666,0.00346792277862096,0.00352202036422846,0.918327297251728,0.92526314280897,0.358166666666667,0.354833333333334,0.360816666666667,0.00598333333333351,0.00599632603565951,0.3515,0.363466666666667,0.415083333333333,0.415075,0.418266666666667,0.00319166666666654,0.0036806173998997,0.415066666666667,0.42145,0.46604,0.464465,0.469545,0.00507999999999997,0.00520077237853507,0.46289,0.47305,0.233332879559386,0.196955711828917,0.252196998103193,0.0552412862742755,0.0561590183304629,0.160578544098449,0.271061116647,0.9695,0.965,0.972,0.0069999999999999,0.00709459888459759,0.9605,0.9745,,,,,,,,,,,,,,,,,,,,,,,,,,,,,,,,,,,,,,,,,,,,,,,,,,,,,,,,,,,,,,,,,,,,,,,,,,,,,,,,,,,,
"Macosko2015_retina","fastEmbedR_umap_metal_fuzzy_full","UMAP","metal","full_pipeline",4,,44808,50,30,,"float32",,3,3,"success",2.436,2.43,2.45,0.0200000000000005,0.0205264057577876,2.424,2.464,0.001,0.001,0.001,0,0,0.001,0.001,1.414,1.41,1.416,0.006,0.00611010092660779,1.406,1.418,,,,,,,,,,,,,,,0.917,0.916,0.926,0.01,0.0110151410945722,0.915,0.935,0.413101196289062,0.404205322265625,0.419952392578125,0.0157470703125,0.0157912568353283,0.395309448242188,0.426803588867188,,,,,,,,,,,,,,,0.918076681841174,0.91658781824313,0.920816295734278,0.00422847749114852,0.00428969470475621,0.915098954645085,0.923555909627382,0.355466666666667,0.3529,0.35785,0.00495000000000001,0.00495113155790713,0.350333333333333,0.360233333333333,0.408366666666667,0.40635,0.412533333333334,0.00618333333333354,0.00630669837906063,0.404333333333333,0.4167,0.4534,0.453265,0.459385,0.00612000000000001,0.006990128754179,0.45313,0.46537,0.375967457429553,0.344253703301863,0.395626611568057,0.051372908266194,0.0518421980375049,0.312539949174173,0.415285765706561,0.9635,0.96025,0.96675,0.00649999999999995,0.00650000000000001,0.957,0.97,,,,,,,,,,,,,,,,,,,,,,,,,,,,,,,,,,,,,,,,,,,,,,,,,,,,,,,,,,,,,,,,,,,,,,,,,,,,,,,,,,,,
"Macosko2015_retina","fastEmbedR_umap_metal_fuzzy_knn","UMAP","metal","embedding_from_precomputed_knn",4,,44808,50,30,,"float32",,3,3,"success",0.983,0.969,1.016,0.047,0.0482631674606354,0.955,1.049,,,,,,,,,,,,,,,,,,,,,,,,,,,,,0.983,0.969,1.016,0.047,0.0482631674606354,0.955,1.049,0.517990112304688,0.517723083496094,0.52081298828125,0.00308990478515625,0.00342417335474361,0.5174560546875,0.523635864257812,,,,,,,,,,,,,,,0.916596273815545,0.915064820435002,0.918849156971842,0.00378433653683996,0.0038071892516454,0.91353336705446,0.92110204012814,0.350533333333333,0.350216666666667,0.354783333333333,0.0045666666666665,0.00510014524121425,0.3499,0.359033333333333,0.40375,0.401925,0.408766666666667,0.00684166666666652,0.00708547679986879,0.4001,0.413783333333333,0.44902,0.44831,0.454995,0.006685,0.00734365712707232,0.4476,0.46097,0.427933125755112,0.37759813863979,0.435107579926286,0.0575094412864969,0.0626759898612912,0.327263151524467,0.442282034097461,0.9585,0.95525,0.963,0.00775000000000015,0.00778352961922378,0.952,0.9675,,,,,,,,,,,,,,,,,,,,,,,,,,,,,,,,,,,,,,,,,,,,,,,,,,,,,,,,,,,,,,,,,,,,,,,,,,,,,,,,,,,,
"Macosko2015_retina","fastEmbedR_tsne_cpu_full","t-SNE","cpu","full_pipeline",1,1,44808,50,,30,"float32",,3,3,"success",23.842,23.7955,23.9355,0.140000000000001,0.142605516489838,23.749,24.029,0.001,0.001,0.001,0,0,0.001,0.001,6.222,6.201,6.262,0.0609999999999999,0.0619784908926743,6.18,6.302,,,,,,,,,,,,,,,17.041,16.96,17.148,0.187999999999999,0.188598338628242,16.879,17.255,0.368789672851562,0.366439819335938,0.3701171875,0.0036773681640625,0.00372443671810666,0.364089965820312,0.371444702148438,,,,,,,,,,,,,,,0.923319440229304,0.923079118192548,0.925411768673074,0.00233265048052611,0.00256604121326447,0.922838796155792,0.927504097116844,0.384133333333333,0.381283333333333,0.387366666666667,0.00608333333333355,0.00608735787726728,0.378433333333333,0.3906,0.419483333333333,0.418358333333333,0.42305,0.00469166666666698,0.00489887553235281,0.417233333333333,0.426616666666667,0.45433,0.450215,0.45582,0.00560499999999997,0.0058062810817252,0.4461,0.45731,-0.0294420844255356,-0.0349919678934598,-0.0275082259957029,0.007483741897757,0.00776948765905954,-0.0405418513613841,-0.0255743675658701,0.9675,0.964,0.97075,0.00675000000000003,0.00675154303350968,0.9605,0.974,2.01502268668098,1.99292332341466,2.01578114768725,0.0228578242725999,0.0259671234493684,1.97082396014833,2.01653960869353,,,,,,,,,,,,,,,,,,,,,,,,,,,,,,,,,,,,,,,,,,,,,,,,,,,,,,,,,,,,,,,,,,,,,,,,,,,,,
"Macosko2015_retina","fastEmbedR_tsne_cpu_full","t-SNE","cpu","full_pipeline",4,4,44808,50,,30,"float32",,3,3,"success",10.519,10.358,10.524,0.166,0.188859736312429,10.197,10.529,0.001,0.001,0.001,0,0,0.001,0.001,3.756,3.7325,3.8385,0.106,0.111338822219984,3.709,3.921,,,,,,,,,,,,,,,6.024,5.9625,6.1025,0.14,0.140343625909171,5.901,6.181,0.457839965820312,0.446632385253906,0.4632568359375,0.0166244506835938,0.016957293505553,0.4354248046875,0.468673706054688,,,,,,,,,,,,,,,0.923319440229304,0.923079118192548,0.925411768673074,0.00233265048052611,0.00256604121326447,0.922838796155792,0.927504097116844,0.384133333333333,0.381283333333333,0.387366666666667,0.00608333333333355,0.00608735787726728,0.378433333333333,0.3906,0.419483333333333,0.418358333333333,0.42305,0.00469166666666698,0.00489887553235281,0.417233333333333,0.426616666666667,0.45433,0.450215,0.45582,0.00560499999999997,0.0058062810817252,0.4461,0.45731,-0.0294420844255356,-0.0349919678934598,-0.0275082259957029,0.007483741897757,0.00776948765905954,-0.0405418513613841,-0.0255743675658701,0.9675,0.964,0.97075,0.00675000000000003,0.00675154303350968,0.9605,0.974,2.01502268668098,1.99292332341466,2.01578114768725,0.0228578242725999,0.0259671234493684,1.97082396014833,2.01653960869353,,,,,,,,,,,,,,,,,,,,,,,,,,,,,,,,,,,,,,,,,,,,,,,,,,,,,,,,,,,,,,,,,,,,,,,,,,,,,
"Macosko2015_retina","fastEmbedR_tsne_cpu_knn","t-SNE","cpu","embedding_from_precomputed_knn",1,1,44808,50,,30,"float32",,3,3,"success",16.999,16.938,17.0225,0.084500000000002,0.0872295821381716,16.877,17.046,,,,,,,,,,,,,,,,,,,,,,,,,,,,,16.999,16.938,17.0225,0.084500000000002,0.0872295821381716,16.877,17.046,0.287887573242188,0.285850524902344,0.301788330078125,0.0159378051757812,0.017347319492684,0.2838134765625,0.315689086914062,,,,,,,,,,,,,,,0.924807250042151,0.9232698533131,0.926845371775417,0.00357551846231652,0.00358718656484184,0.92173245658405,0.928883493508683,0.386866666666667,0.38345,0.389133333333334,0.00568333333333354,0.00572198489259746,0.380033333333333,0.3914,0.417383333333333,0.416975,0.42155,0.004575,0.0050634949868133,0.416566666666667,0.425716666666667,0.44987,0.44671,0.452575,0.00586500000000001,0.00587088011573507,0.44355,0.45528,-0.0344844639907574,-0.0403296325576706,-0.0287563685572197,0.0115732640004509,0.0115734613806898,-0.0461748011245837,-0.023028273123682,0.9685,0.964,0.9715,0.00750000000000006,0.00754983443527076,0.9595,0.9745,2.01379904520859,2.01379904520859,2.01379904520859,0,0,2.01379904520859,2.01379904520859,,,,,,,,,,,,,,,,,,,,,,,,,,,,,,,,,,,,,,,,,,,,,,,,,,,,,,,,,,,,,,,,,,,,,,,,,,,,,
"Macosko2015_retina","fastEmbedR_tsne_cpu_knn","t-SNE","cpu","embedding_from_precomputed_knn",4,4,44808,50,,30,"float32",,3,3,"success",6.808,6.417,7.1995,0.782500000000001,0.782500053248135,6.026,7.591,,,,,,,,,,,,,,,,,,,,,,,,,,,,,6.808,6.417,7.1995,0.782500000000001,0.782500053248135,6.026,7.591,0.31634521484375,0.306892395019531,0.318588256835938,0.0116958618164062,0.0124145136469733,0.297439575195312,0.320831298828125,,,,,,,,,,,,,,,0.924807250042151,0.9232698533131,0.926845371775417,0.00357551846231652,0.00358718656484184,0.92173245658405,0.928883493508683,0.386866666666667,0.38345,0.389133333333334,0.00568333333333354,0.00572198489259746,0.380033333333333,0.3914,0.417383333333333,0.416975,0.42155,0.004575,0.0050634949868133,0.416566666666667,0.425716666666667,0.44987,0.44671,0.452575,0.00586500000000001,0.00587088011573507,0.44355,0.45528,-0.0344844639907574,-0.0403296325576706,-0.0287563685572197,0.0115732640004509,0.0115734613806898,-0.0461748011245837,-0.023028273123682,0.9685,0.964,0.9715,0.00750000000000006,0.00754983443527076,0.9595,0.9745,2.01379904520859,2.01379904520859,2.01379904520859,0,0,2.01379904520859,2.01379904520859,,,,,,,,,,,,,,,,,,,,,,,,,,,,,,,,,,,,,,,,,,,,,,,,,,,,,,,,,,,,,,,,,,,,,,,,,,,,,
"Macosko2015_retina","fastEmbedR_tsne_metal_full","t-SNE","metal","full_pipeline",4,,44808,50,,30,"float32",,3,3,"success",3.685,3.6835,3.686,0.00249999999999995,0.00251661147842354,3.682,3.687,0.001,0.001,0.001,0,0,0.001,0.001,1.384,1.3835,1.3915,0.00800000000000001,0.00896288643983254,1.383,1.399,,,,,,,,,,,,,,,2.144,2.1335,2.15,0.0165000000000002,0.01670329308849,2.123,2.156,0.322296142578125,0.316947937011719,0.330558776855469,0.01361083984375,0.0137144543999846,0.311599731445312,0.338821411132812,,,,,,,,,,,,,,,0.925107620974541,0.925052166582364,0.927674076884168,0.00262191030180403,0.00299601788561386,0.924996712190187,0.930240532793795,0.3883,0.384966666666666,0.390116666666667,0.00515000000000004,0.00522391225608353,0.381633333333333,0.391933333333333,0.424783333333333,0.4239,0.428275,0.00437500000000002,0.00462692402422249,0.423016666666667,0.431766666666667,0.46291,0.458355,0.46558,0.00722500000000004,0.00730650623303186,0.4538,0.46825,0.0799000270529123,0.0782349138144972,0.0904106876777906,0.0121757738632934,0.0132034353620102,0.0765698005760821,0.100921348302669,0.966,0.9635,0.971,0.00749999999999995,0.00763762615825974,0.961,0.976,1.94861458590085,1.94750315979831,1.94898401255427,0.00148085275595999,0.00154157255608228,1.94639173369577,1.94935343920769,,,,,,,,,,,,,,,,,,,,,,,,,,,,,,,,,,,,,,,,,,,,,,,,,,,,,,,,,,,,,,,,,,,,,,,,,,,,,
"Macosko2015_retina","fastEmbedR_tsne_metal_knn","t-SNE","metal","embedding_from_precomputed_knn",4,,44808,50,,30,"float32",,3,3,"success",2.24,2.2365,2.2445,0.00800000000000001,0.00802080627701065,2.233,2.249,,,,,,,,,,,,,,,,,,,,,,,,,,,,,2.24,2.2365,2.2445,0.00800000000000001,0.00802080627701065,2.233,2.249,0.319992065429688,0.316314697265625,0.320899963378906,0.00458526611328125,0.00485606017465883,0.312637329101562,0.321807861328125,,,,,,,,,,,,,,,0.928503321530939,0.927200362502107,0.930187008936098,0.00298664643399094,0.00299472452052798,0.925897403473276,0.931870696341258,0.3896,0.386033333333334,0.391433333333334,0.00540000000000002,0.00549194696637549,0.382466666666667,0.393266666666667,0.423933333333333,0.423791666666667,0.4278,0.00400833333333345,0.00454883990094693,0.42365,0.431666666666667,0.46115,0.45736,0.46444,0.00707999999999998,0.00708588267849062,0.45357,0.46773,0.0385884298229535,0.028525036118441,0.0451258288338019,0.0166007927153608,0.0167251466851054,0.0184616424139286,0.0516632278446503,0.969,0.966,0.97325,0.00724999999999998,0.0072858309981315,0.963,0.9775,1.94527438147434,1.94332674595188,1.94762383051888,0.00429708456699496,0.00430334216759644,1.94137911042942,1.94997327956341,,,,,,,,,,,,,,,,,,,,,,,,,,,,,,,,,,,,,,,,,,,,,,,,,,,,,,,,,,,,,,,,,,,,,,,,,,,,,
"MetRef","fastEmbedR_pca_cpu","PCA","cpu","pca_only",1,1,873,375,,,"float32",,3,3,"success",0.406,0.4015,0.4085,0.00699999999999995,0.00709459888459757,0.397,0.411,,,,,,,,,,,,,,,0.406,0.4015,0.4085,0.00699999999999995,0.00709459888459757,0.397,0.411,,,,,,,,,,,,,,,0.228713989257812,0.226547241210938,0.229354858398438,0.0028076171875,0.00294258668811274,0.224380493164062,0.229995727539062,,,,,,,,,,,,,,,,,,,,,,,,,,,,,,,,,,,,,,,,,,,,,,,,,,,,,,,,,,,,,,,,,,,,,,,,,,,,,,,,,,,,,,,,,,,,,,,,,,,,,,,,,,,,,,,,,,,,,,,,,,,,,,,,,,,,,,,,,,,,
"MetRef","fastEmbedR_pca_cpu","PCA","cpu","pca_only",4,4,873,375,,,"float32",,3,3,"success",0.418,0.4145,0.4745,0.06,0.0673523075575985,0.411,0.531,,,,,,,,,,,,,,,0.418,0.4145,0.4745,0.06,0.0673523075575985,0.411,0.531,,,,,,,,,,,,,,,0.230453491210938,0.229293823242188,0.231117248535156,0.00182342529296875,0.00184576693765978,0.228134155273438,0.231781005859375,,,,,,,,,,,,,,,,,,,,,,,,,,,,,,,,,,,,,,,,,,,,,,,,,,,,,,,,,,,,,,,,,,,,,,,,,,,,,,,,,,,,,,,,,,,,,,,,,,,,,,,,,,,,,,,,,,,,,,,,,,,,,,,,,,,,,,,,,,,,
"MetRef","fastEmbedR_pca_metal","PCA","metal","pca_only",4,,873,375,,,"float32",,3,3,"success",0.089,0.0885,0.105,0.0165,0.0187705443004015,0.088,0.121,,,,,,,,,,,,,,,0.089,0.0885,0.105,0.0165,0.0187705443004015,0.088,0.121,,,,,,,,,,,,,,,0.146087646484375,0.145713806152344,0.146217346191406,0.0005035400390625,0.000522896534568928,0.145339965820312,0.146347045898438,,,,,,,,,,,,,,,,,,,,,,,,,,,,,,,,,,,,,,,,,,,,,,,,,,,,,,,,,,,,,,,,,,,,,,,,,,,,,,,,,,,,,,,,,,,,,,,,,,,,,,,,,,,,,,,,,,,,,,,,,,,,,,,,,,,,,,,,,,,,
"MetRef","irlba_pca","PCA","cpu","pca_only",1,1,873,375,,,"standard_R_double",,3,3,"success",0.367,0.3665,0.3685,0.002,0.00208166599946613,0.366,0.37,,,,,,,,,,,,,,,0.367,0.3665,0.3685,0.002,0.00208166599946613,0.366,0.37,,,,,,,,,,,,,,,0.223739624023438,0.223564147949219,0.225059509277344,0.001495361328125,0.00163482811283106,0.223388671875,0.22637939453125,,,,,,,,,,,,,,,,,,,,,,,,,,,,,,,,,,,,,,,,,,,,,,,,,,,,,,,,,,,,,,,,,,,,,,,,,,,,,,,,,,,,,,,,,,,,,,,,,,,,,,,,,,,,,,,,,,,,,,,,,,,,,,,,,,,,,,,,,,,,
"MetRef","irlba_pca","PCA","cpu","pca_only",4,4,873,375,,,"standard_R_double",,3,3,"success",0.364,0.3635,0.3725,0.00900000000000001,0.0101159939369957,0.363,0.381,,,,,,,,,,,,,,,0.364,0.3635,0.3725,0.00900000000000001,0.0101159939369957,0.363,0.381,,,,,,,,,,,,,,,0.2261962890625,0.226066589355469,0.227218627929688,0.00115203857421875,0.00126205959971632,0.225936889648438,0.228240966796875,,,,,,,,,,,,,,,,,,,,,,,,,,,,,,,,,,,,,,,,,,,,,,,,,,,,,,,,,,,,,,,,,,,,,,,,,,,,,,,,,,,,,,,,,,,,,,,,,,,,,,,,,,,,,,,,,,,,,,,,,,,,,,,,,,,,,,,,,,,,
"MetRef","fastEmbedR_umap_cpu_binary_full","UMAP","cpu","full_pipeline",1,1,873,375,30,,"float32",,3,3,"success",3.389,3.377,3.404,0.0270000000000001,0.0270554985169373,3.365,3.419,0.001,5e-04,0.001,5e-04,0.000577350269189626,0,0.001,0.174,0.171,0.175,0.004,0.00416333199893225,0.168,0.176,,,,,,,,,,,,,,,3.116,3.1045,3.1285,0.024,0.0240069434400411,3.093,3.141,0.19134521484375,0.185745239257812,0.192420959472656,0.00667572021484375,0.0071685513858143,0.180145263671875,0.193496704101562,,,,,,,,,,,,,,,0.808128832288929,0.807523796689351,0.808316465646969,0.000792668957617537,0.000828491975489535,0.806918761089774,0.808504099005009,0.283848797250859,0.282321496754486,0.28549064528446,0.00316914852997302,0.00316983850026964,0.280794196258114,0.28713249331806,0.353493699885452,0.353245513554792,0.35414280259641,0.000897289041619009,0.000926663696029974,0.352997327224131,0.354791905307369,0.366964490263459,0.366116838487972,0.366998854524627,0.000882016036654998,0.000999215266712729,0.365269186712486,0.367033218785796,-0.0254233899488858,-0.0254621645218205,-0.0239474313087986,0.00151473321302195,0.00172711205608018,-0.0255009390947552,-0.0224714726687113,0.560137457044674,0.559564719358534,0.565864833906071,0.00630011454753698,0.00696765467388077,0.558991981672394,0.571592210767468,,,,,,,,,,,,,,,,,,,,,,,,,,,,,,,,,,,,,,,,,,,,,,,,,,,,,,,,,,,,,,,,,,,,,,,,,,,,,,,,,,,,
"MetRef","fastEmbedR_umap_cpu_binary_full","UMAP","cpu","full_pipeline",4,4,873,375,30,,"float32",,3,3,"success",0.454,0.448,0.4655,0.0175,0.0177857620959388,0.442,0.477,0.001,0.001,0.001,0,0,0.001,0.001,0.094,0.092,0.0975,0.0055,0.00556776436283003,0.09,0.101,,,,,,,,,,,,,,,0.263,0.2585,0.2645,0.006,0.0062449979983984,0.254,0.266,0.191238403320312,0.186103820800781,0.196723937988281,0.0106201171875,0.0106220499377347,0.18096923828125,0.20220947265625,,,,,,,,,,,,,,,0.800330795319273,0.799669698807358,0.80085991510006,0.00119021629270255,0.00119265283126909,0.799008602295443,0.801389034880848,0.277357770141275,0.276059564719358,0.278159602901871,0.00210003818251253,0.00211950205810529,0.274761359297442,0.278961435662467,0.348262695685376,0.346334478808705,0.34946544482627,0.00313096601756402,0.0031588578128323,0.344406261932035,0.350668193967163,0.360389461626575,0.359335624284078,0.361042382588775,0.00170675830469652,0.00172238262066845,0.358281786941581,0.361695303550974,-0.0285977108352998,-0.0297326529404228,-0.0262399593730174,0.00349269356740535,0.00356333120321144,-0.0308675950455457,-0.023882207910735,0.552119129438717,0.54696449026346,0.552691867124857,0.00572737686139757,0.00630878642300804,0.541809851088202,0.553264604810997,,,,,,,,,,,,,,,,,,,,,,,,,,,,,,,,,,,,,,,,,,,,,,,,,,,,,,,,,,,,,,,,,,,,,,,,,,,,,,,,,,,,
"MetRef","fastEmbedR_umap_cpu_binary_knn","UMAP","cpu","embedding_from_precomputed_knn",1,1,873,375,30,,"float32",,3,3,"success",3.181,3.16,3.3115,0.1515,0.164161505841047,3.139,3.442,,,,,,,,,,,,,,,,,,,,,,,,,,,,,3.181,3.16,3.3115,0.1515,0.164161505841047,3.139,3.442,0.19873046875,0.195014953613281,0.198944091796875,0.00392913818359375,0.00441880937230205,0.191299438476562,0.19915771484375,,,,,,,,,,,,,,,0.808128832288929,0.807523796689351,0.808316465646969,0.000792668957617537,0.000828491975489535,0.806918761089774,0.808504099005009,0.283848797250859,0.282321496754486,0.28549064528446,0.00316914852997302,0.00316983850026964,0.280794196258114,0.28713249331806,0.353493699885452,0.353245513554792,0.35414280259641,0.000897289041619009,0.000926663696029974,0.352997327224131,0.354791905307369,0.366964490263459,0.366116838487972,0.366998854524627,0.000882016036654998,0.000999215266712729,0.365269186712486,0.367033218785796,-0.0254233899488858,-0.0254621645218205,-0.0239474313087986,0.00151473321302195,0.00172711205608018,-0.0255009390947552,-0.0224714726687113,0.560137457044674,0.559564719358534,0.565864833906071,0.00630011454753698,0.00696765467388077,0.558991981672394,0.571592210767468,,,,,,,,,,,,,,,,,,,,,,,,,,,,,,,,,,,,,,,,,,,,,,,,,,,,,,,,,,,,,,,,,,,,,,,,,,,,,,,,,,,,
"MetRef","fastEmbedR_umap_cpu_binary_knn","UMAP","cpu","embedding_from_precomputed_knn",4,4,873,375,30,,"float32",,3,3,"success",0.284,0.2825,0.287,0.0045,0.00458257569495582,0.281,0.29,,,,,,,,,,,,,,,,,,,,,,,,,,,,,0.284,0.2825,0.287,0.0045,0.00458257569495582,0.281,0.29,0.192779541015625,0.189102172851562,0.194648742675781,0.00554656982421875,0.00564395772930812,0.1854248046875,0.196517944335938,,,,,,,,,,,,,,,0.800330795319273,0.799669698807358,0.80085991510006,0.00119021629270255,0.00119265283126909,0.799008602295443,0.801389034880848,0.277357770141275,0.276059564719358,0.278159602901871,0.00210003818251253,0.00211950205810529,0.274761359297442,0.278961435662467,0.348262695685376,0.346334478808705,0.34946544482627,0.00313096601756402,0.0031588578128323,0.344406261932035,0.350668193967163,0.360389461626575,0.359335624284078,0.361042382588775,0.00170675830469652,0.00172238262066845,0.358281786941581,0.361695303550974,-0.0285977108352998,-0.0297326529404228,-0.0262399593730174,0.00349269356740535,0.00356333120321144,-0.0308675950455457,-0.023882207910735,0.552119129438717,0.54696449026346,0.552691867124857,0.00572737686139757,0.00630878642300804,0.541809851088202,0.553264604810997,,,,,,,,,,,,,,,,,,,,,,,,,,,,,,,,,,,,,,,,,,,,,,,,,,,,,,,,,,,,,,,,,,,,,,,,,,,,,,,,,,,,
"MetRef","fastEmbedR_umap_cpu_fuzzy_full","UMAP","cpu","full_pipeline",1,1,873,375,30,,"float32",,3,3,"success",0.885,0.876,0.9025,0.0265000000000001,0.0269505720409296,0.867,0.92,0.001,5e-04,0.001,5e-04,0.000577350269189626,0,0.001,0.187,0.1865,0.1875,0.001,0.001,0.186,0.188,,,,,,,,,,,,,,,0.583,0.5745,0.6,0.0255,0.0259679289380831,0.566,0.617,0.1920166015625,0.184280395507812,0.192428588867188,0.008148193359375,0.00918011157091133,0.176544189453125,0.192840576171875,,,,,,,,,,,,,,,0.865976057318689,0.864759472632122,0.866526738988837,0.00176726635671443,0.0018086014812556,0.863542887945556,0.867077420658985,0.409163802978236,0.407941962581138,0.412371134020619,0.00442917143948052,0.00457510845129895,0.40672012218404,0.415578465063001,0.421573119511264,0.42037037037037,0.422164948453609,0.00179457808323802,0.00182891178751281,0.419167621229477,0.422756777395953,0.385658648339061,0.385051546391752,0.386918671248568,0.001867124856816,0.00190479845615395,0.384444444444444,0.388178694158076,0.170083536924893,0.165549872833538,0.174121576430255,0.0085717035967175,0.00857647851938038,0.161016208742183,0.178159615935618,0.742268041237113,0.739977090492554,0.742840778923253,0.00286368843069895,0.00303064296800088,0.737686139747995,0.743413516609393,,,,,,,,,,,,,,,,,,,,,,,,,,,,,,,,,,,,,,,,,,,,,,,,,,,,,,,,,,,,,,,,,,,,,,,,,,,,,,,,,,,,
"MetRef","fastEmbedR_umap_cpu_fuzzy_full","UMAP","cpu","full_pipeline",4,4,873,375,30,,"float32",,3,3,"success",0.333,0.3225,0.419,0.0965,0.105888305932871,0.312,0.505,0.001,0.001,0.001,0,0,0.001,0.001,0.117,0.1105,0.147,0.0365,0.038940124978399,0.104,0.177,,,,,,,,,,,,,,,0.11,0.1095,0.16,0.0505,0.058025856305616,0.109,0.21,0.197067260742188,0.189826965332031,0.197998046875,0.00817108154296875,0.00894631447517953,0.182586669921875,0.198928833007812,,,,,,,,,,,,,,,0.858329582462997,0.857572086337399,0.859738921456326,0.00216683511892701,0.00219927430622453,0.856814590211801,0.861148260449655,0.396869033982436,0.395609011072929,0.401260022909507,0.00565101183657896,0.00593309229476524,0.394348988163421,0.405651011836579,0.409354715540283,0.408342878961436,0.411321114929363,0.00297823596792651,0.0030287983646232,0.407331042382589,0.413287514318442,0.379679266895762,0.379667812142039,0.381649484536082,0.00198167239404351,0.0022816535289021,0.379656357388316,0.383619702176403,0.123338135565599,0.121828695077612,0.131615393255769,0.00978669817815749,0.0105378956370682,0.120319254589625,0.13989265094594,0.70446735395189,0.698167239404353,0.713631156930126,0.0154639175257729,0.0155520518170416,0.691867124856816,0.722794959908362,,,,,,,,,,,,,,,,,,,,,,,,,,,,,,,,,,,,,,,,,,,,,,,,,,,,,,,,,,,,,,,,,,,,,,,,,,,,,,,,,,,,
"MetRef","fastEmbedR_umap_cpu_fuzzy_knn","UMAP","cpu","embedding_from_precomputed_knn",1,1,873,375,30,,"float32",,3,3,"success",0.592,0.591,0.595,0.004,0.00416333199893227,0.59,0.598,,,,,,,,,,,,,,,,,,,,,,,,,,,,,0.592,0.591,0.595,0.004,0.00416333199893227,0.59,0.598,0.18878173828125,0.185501098632812,0.192276000976562,0.00677490234375,0.00677602489439061,0.182220458984375,0.195770263671875,,,,,,,,,,,,,,,0.865976057318689,0.864759472632122,0.866526738988837,0.00176726635671443,0.0018086014812556,0.863542887945556,0.867077420658985,0.409163802978236,0.407941962581138,0.412371134020619,0.00442917143948052,0.00457510845129895,0.40672012218404,0.415578465063001,0.421573119511264,0.42037037037037,0.422164948453609,0.00179457808323802,0.00182891178751281,0.419167621229477,0.422756777395953,0.385658648339061,0.385051546391752,0.386918671248568,0.001867124856816,0.00190479845615395,0.384444444444444,0.388178694158076,0.170083536924893,0.165549872833538,0.174121576430255,0.0085717035967175,0.00857647851938038,0.161016208742183,0.178159615935618,0.742268041237113,0.739977090492554,0.742840778923253,0.00286368843069895,0.00303064296800088,0.737686139747995,0.743413516609393,,,,,,,,,,,,,,,,,,,,,,,,,,,,,,,,,,,,,,,,,,,,,,,,,,,,,,,,,,,,,,,,,,,,,,,,,,,,,,,,,,,,
"MetRef","fastEmbedR_umap_cpu_fuzzy_knn","UMAP","cpu","embedding_from_precomputed_knn",4,4,873,375,30,,"float32",,3,3,"success",0.13,0.128,0.1865,0.0585,0.0664253967495365,0.126,0.243,,,,,,,,,,,,,,,,,,,,,,,,,,,,,0.13,0.128,0.1865,0.0585,0.0664253967495365,0.126,0.243,0.19537353515625,0.18975830078125,0.196327209472656,0.00656890869140625,0.00709886907349742,0.18414306640625,0.197280883789062,,,,,,,,,,,,,,,0.858329582462997,0.857572086337399,0.859738921456326,0.00216683511892701,0.00219927430622453,0.856814590211801,0.861148260449655,0.396869033982436,0.395609011072929,0.401260022909507,0.00565101183657896,0.00593309229476524,0.394348988163421,0.405651011836579,0.409354715540283,0.408342878961436,0.411321114929363,0.00297823596792651,0.0030287983646232,0.407331042382589,0.413287514318442,0.379679266895762,0.379667812142039,0.381649484536082,0.00198167239404351,0.0022816535289021,0.379656357388316,0.383619702176403,0.123338135565599,0.121828695077612,0.131615393255769,0.00978669817815749,0.0105378956370682,0.120319254589625,0.13989265094594,0.70446735395189,0.698167239404353,0.713631156930126,0.0154639175257729,0.0155520518170416,0.691867124856816,0.722794959908362,,,,,,,,,,,,,,,,,,,,,,,,,,,,,,,,,,,,,,,,,,,,,,,,,,,,,,,,,,,,,,,,,,,,,,,,,,,,,,,,,,,,
"MetRef","fastEmbedR_umap_metal_binary_full","UMAP","metal","full_pipeline",4,,873,375,30,,"float32",,3,3,"success",0.52,0.5145,0.5205,0.006,0.0066583281184794,0.509,0.521,0.001,0.001,0.001,0,0,0.001,0.001,0.056,0.054,0.0565,0.0025,0.00264575131106459,0.052,0.057,,,,,,,,,,,,,,,0.366,0.3615,0.367,0.0055,0.00585946527708232,0.357,0.368,0.200363159179688,0.198715209960938,0.20361328125,0.0048980712890625,0.00498465194052367,0.197067260742188,0.206863403320312,,,,,,,,,,,,,,,0.811721582103632,0.810139703074815,0.811961413202166,0.00182171012735011,0.00197964441347814,0.808557824045999,0.812201244300699,0.290187094310806,0.286941580756014,0.290378006872853,0.00343642611683853,0.00386254064031916,0.283696067201222,0.290568919434899,0.360175639557083,0.358953799159985,0.360442917143948,0.00148911798396301,0.00158782946913557,0.357731958762887,0.360710194730813,0.370996563573883,0.370962199312714,0.371786941580756,0.000824742268041523,0.000933123109022772,0.370927835051546,0.372577319587629,-0.00474199366097385,-0.00494727908263853,-0.00387558520351178,0.00107169387912675,0.00113763892633459,-0.00515256450430321,-0.00300917674604971,0.573883161512027,0.570446735395189,0.592210767468499,0.0217640320733105,0.0234006161833442,0.56701030927835,0.610538373424971,,,,,,,,,,,,,,,,,,,,,,,,,,,,,,,,,,,,,,,,,,,,,,,,,,,,,,,,,,,,,,,,,,,,,,,,,,,,,,,,,,,,
"MetRef","fastEmbedR_umap_metal_binary_knn","UMAP","metal","embedding_from_precomputed_knn",4,,873,375,30,,"float32",,3,3,"success",0.441,0.438,0.4425,0.0045,0.00458257569495584,0.435,0.444,,,,,,,,,,,,,,,,,,,,,,,,,,,,,0.441,0.438,0.4425,0.0045,0.00458257569495584,0.435,0.444,0.204910278320312,0.201370239257812,0.208000183105469,0.00662994384765625,0.00663503547181839,0.197830200195312,0.211090087890625,,,,,,,,,,,,,,,0.808063338049997,0.807826561552456,0.80848873615884,0.000662174606383514,0.000671069728187135,0.807589785054915,0.808914134267682,0.284306987399771,0.284077892325315,0.285719740358916,0.00164184803360051,0.00177839261547226,0.283848797250859,0.28713249331806,0.357731958762887,0.357636502481864,0.357999236349752,0.000362733867888487,0.000376054135234618,0.35754104620084,0.358266513936617,0.371821305841924,0.370022909507446,0.372096219931272,0.00207331042382597,0.00225217276512157,0.368224513172967,0.372371134020619,-0.0112237311327323,-0.0114150468865616,-0.00861393000915264,0.00280111687740901,0.00312984764093575,-0.011606362640391,-0.00600412888557297,0.579610538373425,0.56987399770905,0.583619702176403,0.0137457044673536,0.014137845423118,0.560137457044674,0.587628865979381,,,,,,,,,,,,,,,,,,,,,,,,,,,,,,,,,,,,,,,,,,,,,,,,,,,,,,,,,,,,,,,,,,,,,,,,,,,,,,,,,,,,
"MetRef","fastEmbedR_umap_metal_fuzzy_full","UMAP","metal","full_pipeline",4,,873,375,30,,"float32",,3,3,"success",0.405,0.404,0.4085,0.00449999999999995,0.00472581562625258,0.403,0.412,0,0,5e-04,5e-04,0.000577350269189626,0,0.001,0.066,0.065,0.067,0.002,0.002,0.064,0.068,,,,,,,,,,,,,,,0.239,0.2385,0.244,0.0055,0.00608276253029822,0.238,0.249,0.208724975585938,0.20709228515625,0.21063232421875,0.0035400390625,0.00354358889736669,0.205459594726562,0.212539672851562,,,,,,,,,,,,,,,0.864823664173573,0.863636232958246,0.866216517305662,0.00258028434741586,0.00258300858847751,0.862448801742919,0.867609370437751,0.405421916762123,0.403474608629248,0.408476517754868,0.00500190912562049,0.00504259794750079,0.401527300496373,0.411531118747614,0.41676212294769,0.416399389079802,0.418575792287132,0.00217640320733098,0.00233205249406722,0.416036655211913,0.420389461626575,0.384375715922108,0.383883161512028,0.385085910652921,0.00120274914089347,0.00120929508350508,0.383390607101947,0.385796105383734,0.159533198792745,0.147659744602757,0.161128270308188,0.013468525705431,0.0147178882592797,0.13578629041277,0.162723341823632,0.7262313860252,0.722794959908362,0.72794959908362,0.00515463917525805,0.00524922760017873,0.719358533791523,0.729667812142039,,,,,,,,,,,,,,,,,,,,,,,,,,,,,,,,,,,,,,,,,,,,,,,,,,,,,,,,,,,,,,,,,,,,,,,,,,,,,,,,,,,,
"MetRef","fastEmbedR_umap_metal_fuzzy_knn","UMAP","metal","embedding_from_precomputed_knn",4,,873,375,30,,"float32",,3,3,"success",0.321,0.314,0.323,0.00900000000000001,0.00945163125250523,0.307,0.325,,,,,,,,,,,,,,,,,,,,,,,,,,,,,0.321,0.314,0.323,0.00900000000000001,0.00945163125250523,0.307,0.325,0.198928833007812,0.197357177734375,0.201507568359375,0.004150390625,0.00419092023721203,0.195785522460938,0.204086303710938,,,,,,,,,,,,,,,0.864581272600678,0.862954922175055,0.86468921680929,0.00173429463423402,0.00194326967375917,0.861328571749433,0.864797161017901,0.407178312332951,0.405803741886216,0.408552882779686,0.0027491408934705,0.0027491408934705,0.404429171439481,0.409927453226422,0.418862161130202,0.417201221840397,0.419415807560138,0.00221458571974054,0.00230501389784341,0.415540282550592,0.419969453990073,0.38561282932417,0.384845360824743,0.385979381443299,0.0011340206185565,0.00115740258537895,0.384077892325315,0.386345933562428,0.162451635976328,0.161377669201647,0.171685860815813,0.010308191614166,0.0113338174614335,0.160303702426966,0.180920085655298,0.729667812142039,0.72794959908362,0.734822451317297,0.00687285223367695,0.00715349140710006,0.7262313860252,0.739977090492554,,,,,,,,,,,,,,,,,,,,,,,,,,,,,,,,,,,,,,,,,,,,,,,,,,,,,,,,,,,,,,,,,,,,,,,,,,,,,,,,,,,,
"MetRef","fastEmbedR_tsne_cpu_full","t-SNE","cpu","full_pipeline",1,1,873,375,,30,"float32",,3,3,"success",1.588,1.573,1.5945,0.0215000000000001,0.0220529665426974,1.558,1.601,0.001,5e-04,0.001,5e-04,0.000577350269189626,0,0.001,0.176,0.175,0.1765,0.0015,0.00152752523165195,0.174,0.177,,,,,,,,,,,,,,,0.887,0.8645,0.8915,0.0269999999999999,0.0289309522829789,0.842,0.896,0.288070678710938,0.287544250488281,0.290306091308594,0.0027618408203125,0.00293279853520077,0.287017822265625,0.29254150390625,,,,,,,,,,,,,,,0.883592300608674,0.880230307930733,0.88519794263639,0.00496763470565753,0.00507007400712281,0.876868315252791,0.886803584664106,0.438335242458954,0.432455135547919,0.441198930889653,0.00874379534173347,0.00891554169943096,0.426575028636884,0.444062619320351,0.446697212676594,0.443356242840779,0.448167239404353,0.00481099656357353,0.0049307704576375,0.440015273004964,0.449637266132111,0.404306987399771,0.402806414662085,0.405131729667812,0.00232531500572697,0.00235782501833632,0.401305841924399,0.405956471935853,0.0611942434145561,0.0466159201668841,0.069621565436953,0.023005645270069,0.0232781296424353,0.0320375969192121,0.07804888745935,0.699885452462772,0.697594501718213,0.70446735395189,0.00687285223367695,0.00699897013357138,0.695303550973654,0.709049255441008,1.83257712228447,1.82476408802986,1.8543886759199,0.029624587890035,0.0307072584677644,1.81695105377525,1.87620022955532,,,,,,,,,,,,,,,,,,,,,,,,,,,,,,,,,,,,,,,,,,,,,,,,,,,,,,,,,,,,,,,,,,,,,,,,,,,,,
"MetRef","fastEmbedR_tsne_cpu_full","t-SNE","cpu","full_pipeline",4,4,873,375,,30,"float32",,3,3,"success",0.949,0.946,1.018,0.0720000000000001,0.0814616474176652,0.943,1.087,0.001,0.001,0.001,0,0,0.001,0.001,0.093,0.0925,0.101,0.00850000000000001,0.00953939201416946,0.092,0.109,,,,,,,,,,,,,,,0.328,0.326,0.345,0.019,0.0208806130178211,0.324,0.362,0.290756225585938,0.274986267089844,0.293632507324219,0.018646240234375,0.020077298332271,0.25921630859375,0.2965087890625,,,,,,,,,,,,,,,0.88326671607933,0.879954540349932,0.885349729353368,0.0053951890034365,0.00544166131158718,0.876642364620533,0.887432742627406,0.439251622756777,0.433066055746468,0.441198930889652,0.00813287514318445,0.00849301306164912,0.426880488736159,0.443146239022528,0.446849942726231,0.443642611683848,0.448339060710194,0.00469644902634597,0.0048000748773785,0.440435280641466,0.449828178694158,0.404444444444444,0.403024054982817,0.405269186712485,0.002245131729668,0.00227131716777672,0.401603665521191,0.406093928980527,0.0613484012756788,0.0468277376077158,0.0690925085211581,0.0222647709134423,0.0226059121207359,0.0323070739397528,0.0768366157666373,0.702176403207331,0.698739977090493,0.709621993127147,0.010882016036655,0.0111254694802086,0.695303550973654,0.717067583046964,1.83131024014693,1.82408313065831,1.85369497251241,0.0296118418541051,0.0308779158690849,1.81685602116969,1.8760797048779,,,,,,,,,,,,,,,,,,,,,,,,,,,,,,,,,,,,,,,,,,,,,,,,,,,,,,,,,,,,,,,,,,,,,,,,,,,,,
"MetRef","fastEmbedR_tsne_cpu_knn","t-SNE","cpu","embedding_from_precomputed_knn",1,1,873,375,,30,"float32",,3,3,"success",0.891,0.8875,0.8955,0.00800000000000001,0.00802080627701065,0.884,0.9,,,,,,,,,,,,,,,,,,,,,,,,,,,,,0.891,0.8875,0.8955,0.00800000000000001,0.00802080627701065,0.884,0.9,0.218353271484375,0.208778381347656,0.218803405761719,0.0100250244140625,0.0113249652391055,0.199203491210938,0.219253540039062,,,,,,,,,,,,,,,0.882276216786829,0.882276216786829,0.882276216786829,0,0,0.882276216786829,0.882276216786829,0.437037037037037,0.437037037037037,0.437037037037037,0,0,0.437037037037037,0.437037037037037,0.442878961435662,0.442878961435662,0.442878961435662,0,0,0.442878961435662,0.442878961435662,0.403069873997709,0.403069873997709,0.403069873997709,0,0,0.403069873997709,0.403069873997709,0.0606352047700597,0.0606352047700597,0.0606352047700597,0,0,0.0606352047700597,0.0606352047700597,0.694158075601375,0.694158075601375,0.694158075601375,0,0,0.694158075601375,0.694158075601375,1.87752582514625,1.87752582514625,1.87752582514625,0,0,1.87752582514625,1.87752582514625,,,,,,,,,,,,,,,,,,,,,,,,,,,,,,,,,,,,,,,,,,,,,,,,,,,,,,,,,,,,,,,,,,,,,,,,,,,,,
"MetRef","fastEmbedR_tsne_cpu_knn","t-SNE","cpu","embedding_from_precomputed_knn",4,4,873,375,,30,"float32",,3,3,"success",0.381,0.38,0.4535,0.0735,0.0842990707738427,0.379,0.526,,,,,,,,,,,,,,,,,,,,,,,,,,,,,0.381,0.38,0.4535,0.0735,0.0842990707738427,0.379,0.526,0.213912963867188,0.212532043457031,0.21392822265625,0.00139617919921875,0.00160343181253229,0.211151123046875,0.213943481445312,,,,,,,,,,,,,,,0.87603566695865,0.87603566695865,0.87603566695865,0,0,0.87603566695865,0.87603566695865,0.427262313860252,0.427262313860252,0.427262313860252,0,0,0.427262313860252,0.427262313860252,0.440358915616648,0.440358915616648,0.440358915616648,0,0,0.440358915616648,0.440358915616648,0.40135166093929,0.40135166093929,0.40135166093929,0,0,0.40135166093929,0.40135166093929,0.0325089641815981,0.0325089641815981,0.0325089641815981,0,0,0.0325089641815981,0.0325089641815981,0.694158075601375,0.694158075601375,0.694158075601375,0,0,0.694158075601375,0.694158075601375,1.87673363763966,1.87673363763966,1.87673363763966,0,0,1.87673363763966,1.87673363763966,,,,,,,,,,,,,,,,,,,,,,,,,,,,,,,,,,,,,,,,,,,,,,,,,,,,,,,,,,,,,,,,,,,,,,,,,,,,,
"MetRef","fastEmbedR_tsne_metal_full","t-SNE","metal","full_pipeline",4,,873,375,,30,"float32",,3,3,"success",0.793,0.7885,0.811,0.0225,0.0238117617995813,0.784,0.829,0,0,5e-04,5e-04,0.000577350269189626,0,0.001,0.054,0.051,0.057,0.00599999999999999,0.006,0.048,0.06,,,,,,,,,,,,,,,0.61,0.596,0.62,0.024,0.0241108550933669,0.582,0.63,0.234420776367188,0.232467651367188,0.23468017578125,0.0022125244140625,0.00241898733694682,0.230514526367188,0.234939575195312,,,,,,,,,,,,,,,0.883013004514521,0.878619994160322,0.884347146418705,0.00572715225838294,0.00599325996895963,0.874226983806123,0.885681288322889,0.430316914852997,0.425238640702558,0.435395189003436,0.0101565483008785,0.0101565483008785,0.420160366552119,0.440473463153876,0.443948071783123,0.437972508591065,0.444578083237877,0.006605574646812,0.00729099381931823,0.431996945399007,0.445208094692631,0.40389461626575,0.399851088201604,0.404158075601375,0.00430698739977098,0.00482836552668046,0.395807560137457,0.404421534936999,0.031107663443531,0.0248993480981228,0.0443509304220203,0.0194515823238975,0.0198711072430122,0.0186910327527146,0.0575941974005096,0.70561282932417,0.688430698739978,0.707903780068729,0.0194730813287515,0.0212865366395821,0.671248568155785,0.710194730813288,1.83424139602982,1.82958246510654,1.83653028817506,0.00694782306851516,0.0070812856644258,1.82492353418326,1.83881918032029,,,,,,,,,,,,,,,,,,,,,,,,,,,,,,,,,,,,,,,,,,,,,,,,,,,,,,,,,,,,,,,,,,,,,,,,,,,,,
"MetRef","fastEmbedR_tsne_metal_knn","t-SNE","metal","embedding_from_precomputed_knn",4,,873,375,,30,"float32",,3,3,"success",0.831,0.814,0.8455,0.0314999999999999,0.0315330514434194,0.797,0.86,,,,,,,,,,,,,,,,,,,,,,,,,,,,,0.831,0.814,0.8455,0.0314999999999999,0.0315330514434194,0.797,0.86,0.219009399414062,0.217979431152344,0.223716735839844,0.0057373046875,0.00611754394741574,0.216949462890625,0.228424072265625,,,,,,,,,,,,,,,0.887235990386991,0.887235990386991,0.887235990386991,0,0,0.887235990386991,0.887235990386991,0.436426116838488,0.436426116838488,0.436426116838488,0,0,0.436426116838488,0.436426116838488,0.446544482626957,0.446544482626957,0.446544482626957,0,0,0.446544482626957,0.446544482626957,0.406483390607102,0.406483390607102,0.406483390607102,0,0,0.406483390607102,0.406483390607102,0.00217470445143512,0.00217470445143512,0.00217470445143512,0,0,0.00217470445143512,0.00217470445143512,0.715922107674685,0.715922107674685,0.715922107674685,0,0,0.715922107674685,0.715922107674685,1.84712754976397,1.84712754976397,1.84712754976397,0,0,1.84712754976397,1.84712754976397,,,,,,,,,,,,,,,,,,,,,,,,,,,,,,,,,,,,,,,,,,,,,,,,,,,,,,,,,,,,,,,,,,,,,,,,,,,,,
"TabulaMuris","fastEmbedR_pca_cpu","PCA","cpu","pca_only",1,1,100102,50,,,"float32",,3,3,"success",0.662,0.644,0.6655,0.0215,0.0230723499742296,0.626,0.669,,,,,,,,,,,,,,,0.662,0.644,0.6655,0.0215,0.0230723499742296,0.626,0.669,,,,,,,,,,,,,,,0.364547729492188,0.363746643066406,0.36492919921875,0.00118255615234375,0.00120711713524433,0.362945556640625,0.365310668945312,,,,,,,,,,,,,,,,,,,,,,,,,,,,,,,,,,,,,,,,,,,,,,,,,,,,,,,,,,,,,,,,,,,,,,,,,,,,,,,,,,,,,,,,,,,,,,,,,,,,,,,,,,,,,,,,,,,,,,,,,,,,,,,,,,,,,,,,,,,,
"TabulaMuris","fastEmbedR_pca_cpu","PCA","cpu","pca_only",4,4,100102,50,,,"float32",,3,3,"success",0.629,0.625,0.636,0.011,0.0111355287256601,0.621,0.643,,,,,,,,,,,,,,,0.629,0.625,0.636,0.011,0.0111355287256601,0.621,0.643,,,,,,,,,,,,,,,0.36529541015625,0.364356994628906,0.366188049316406,0.0018310546875,0.00183124541243021,0.363418579101562,0.367080688476562,,,,,,,,,,,,,,,,,,,,,,,,,,,,,,,,,,,,,,,,,,,,,,,,,,,,,,,,,,,,,,,,,,,,,,,,,,,,,,,,,,,,,,,,,,,,,,,,,,,,,,,,,,,,,,,,,,,,,,,,,,,,,,,,,,,,,,,,,,,,
"TabulaMuris","fastEmbedR_pca_metal","PCA","metal","pca_only",4,,100102,50,,,"float32",,3,3,"success",0.122,0.119,0.1605,0.0415,0.0462853468533329,0.116,0.199,,,,,,,,,,,,,,,0.122,0.119,0.1605,0.0415,0.0462853468533329,0.116,0.199,,,,,,,,,,,,,,,0.17578125,0.175376892089844,0.18487548828125,0.00949859619140625,0.0107421911124021,0.174972534179688,0.1939697265625,,,,,,,,,,,,,,,,,,,,,,,,,,,,,,,,,,,,,,,,,,,,,,,,,,,,,,,,,,,,,,,,,,,,,,,,,,,,,,,,,,,,,,,,,,,,,,,,,,,,,,,,,,,,,,,,,,,,,,,,,,,,,,,,,,,,,,,,,,,,
"TabulaMuris","irlba_pca","PCA","cpu","pca_only",1,1,100102,50,,,"standard_R_double",,3,3,"success",0.629,0.627,0.649,0.022,0.0243310501211929,0.625,0.669,,,,,,,,,,,,,,,0.629,0.627,0.649,0.022,0.0243310501211929,0.625,0.669,,,,,,,,,,,,,,,0.32220458984375,0.3216552734375,0.328483581542969,0.00682830810546875,0.00758741400198353,0.32110595703125,0.334762573242188,,,,,,,,,,,,,,,,,,,,,,,,,,,,,,,,,,,,,,,,,,,,,,,,,,,,,,,,,,,,,,,,,,,,,,,,,,,,,,,,,,,,,,,,,,,,,,,,,,,,,,,,,,,,,,,,,,,,,,,,,,,,,,,,,,,,,,,,,,,,
"TabulaMuris","irlba_pca","PCA","cpu","pca_only",4,4,100102,50,,,"standard_R_double",,3,3,"success",0.636,0.635,0.6385,0.00350000000000006,0.00360555127546399,0.634,0.641,,,,,,,,,,,,,,,0.636,0.635,0.6385,0.00350000000000006,0.00360555127546399,0.634,0.641,,,,,,,,,,,,,,,0.3148193359375,0.314659118652344,0.317123413085938,0.00246429443359375,0.00275767875091303,0.314498901367188,0.319427490234375,,,,,,,,,,,,,,,,,,,,,,,,,,,,,,,,,,,,,,,,,,,,,,,,,,,,,,,,,,,,,,,,,,,,,,,,,,,,,,,,,,,,,,,,,,,,,,,,,,,,,,,,,,,,,,,,,,,,,,,,,,,,,,,,,,,,,,,,,,,,
"TabulaMuris","fastEmbedR_umap_cpu_binary_full","UMAP","cpu","full_pipeline",1,1,100102,50,30,,"float32",,3,3,"success",143.889,143.256,144.8705,1.61449999999999,1.62698934641053,142.623,145.852,0.002,0.0015,0.002,5e-04,0.000577350269189626,0.001,0.002,11.066,10.9755,12.066,1.0905,1.21033893324694,10.885,13.066,,,,,,,,,,,,,,,131.434,131.045,133.1405,2.09549999999999,2.22928740482993,130.656,134.847,0.438125610351562,0.434768676757812,0.438148498535156,0.00337982177734375,0.0038895348709413,0.431411743164062,0.43817138671875,,,,,,,,,,,,,,,0.986713825661777,0.986606154105547,0.987143205193054,0.000537051087506457,0.000568262742336712,0.986498482549317,0.98757258472433,0.635933333333333,0.634183333333333,0.638416666666667,0.00423333333333353,0.00425445300483765,0.632433333333333,0.6409,0.65345,0.646066666666667,0.654458333333333,0.00839166666666691,0.00916334788406777,0.638683333333333,0.655466666666667,0.63274,0.62919,0.64042,0.0112300000000001,0.0114803542337915,0.62564,0.6481,-0.00408837898083968,-0.0370426491749584,0.000558709617607785,0.0376013587925662,0.0409995247087581,-0.0699969193690771,0.00520579821605525,0.831,0.822,0.835,0.013,0.0133166562369588,0.813,0.839,,,,,,,,,,,,,,,,,,,,,,,,,,,,,,,,,,,,,,,,,,,,,,,,,,,,,,,,,,,,,,,,,,,,,,,,,,,,,,,,,,,,
"TabulaMuris","fastEmbedR_umap_cpu_binary_full","UMAP","cpu","full_pipeline",4,4,100102,50,30,,"float32",,3,3,"success",38.64,38.398,39.79,1.392,1.48744254791011,38.156,40.94,0.002,0.002,0.002,0,0,0.002,0.002,6.803,6.7955,6.8465,0.0509999999999993,0.0550726792520572,6.788,6.89,,,,,,,,,,,,,,,31.613,31.4295,32.811,1.3815,1.50053734819675,31.246,34.009,0.449951171875,0.448295593261719,0.449996948242188,0.00170135498046875,0.00193866703177088,0.446640014648438,0.450042724609375,,,,,,,,,,,,,,,0.986036385095262,0.986033097285449,0.986115857359636,8.27600741870604e-05,9.37225706630471e-05,0.986029809475636,0.98619532962401,0.638633333333333,0.634783333333333,0.6394,0.00461666666666694,0.00494798874216535,0.630933333333333,0.640166666666667,0.650116666666667,0.648558333333334,0.650825,0.00226666666666642,0.00231918328536373,0.647,0.651533333333333,0.63252,0.630375,0.63553,0.00515500000000002,0.00517913441931502,0.62823,0.63854,-0.0320419657865156,-0.0349457860342159,-0.0249825514114769,0.00996323462273905,0.0102480420080197,-0.0378496062819162,-0.0179231370364381,0.824,0.81275,0.8325,0.01975,0.0198137157881437,0.8015,0.841,,,,,,,,,,,,,,,,,,,,,,,,,,,,,,,,,,,,,,,,,,,,,,,,,,,,,,,,,,,,,,,,,,,,,,,,,,,,,,,,,,,,
"TabulaMuris","fastEmbedR_umap_cpu_binary_knn","UMAP","cpu","embedding_from_precomputed_knn",1,1,100102,50,30,,"float32",,3,3,"success",130.179,129.951,130.664,0.712999999999965,0.728275588862709,129.723,131.149,,,,,,,,,,,,,,,,,,,,,,,,,,,,,130.179,129.951,130.664,0.712999999999965,0.728275588862709,129.723,131.149,0.439468383789062,0.439018249511719,0.447311401367188,0.00829315185546875,0.00932709005339759,0.438568115234375,0.455154418945312,,,,,,,,,,,,,,,0.986713825661777,0.986606154105547,0.987143205193054,0.000537051087506457,0.000568262742336712,0.986498482549317,0.98757258472433,0.635933333333333,0.634183333333333,0.638416666666667,0.00423333333333353,0.00425445300483765,0.632433333333333,0.6409,0.65345,0.646066666666667,0.654458333333333,0.00839166666666691,0.00916334788406777,0.638683333333333,0.655466666666667,0.63274,0.62919,0.64042,0.0112300000000001,0.0114803542337915,0.62564,0.6481,-0.00408837898083968,-0.0370426491749584,0.000558709617607785,0.0376013587925662,0.0409995247087581,-0.0699969193690771,0.00520579821605525,0.831,0.822,0.835,0.013,0.0133166562369588,0.813,0.839,,,,,,,,,,,,,,,,,,,,,,,,,,,,,,,,,,,,,,,,,,,,,,,,,,,,,,,,,,,,,,,,,,,,,,,,,,,,,,,,,,,,
"TabulaMuris","fastEmbedR_umap_cpu_binary_knn","UMAP","cpu","embedding_from_precomputed_knn",4,4,100102,50,30,,"float32",,3,3,"success",31.165,31.014,31.176,0.162000000000003,0.181045114083019,30.863,31.187,,,,,,,,,,,,,,,,,,,,,,,,,,,,,31.165,31.014,31.176,0.162000000000003,0.181045114083019,30.863,31.187,0.462432861328125,0.432159423828125,0.480316162109375,0.04815673828125,0.0486851442556342,0.401885986328125,0.498199462890625,,,,,,,,,,,,,,,0.984551795649975,0.9842406676783,0.98607119372787,0.00183052604957012,0.00195894474178069,0.983929539706626,0.987590591805766,0.635533333333333,0.632083333333333,0.638316666666666,0.00623333333333342,0.00624520556848166,0.628633333333333,0.6411,0.646766666666667,0.643,0.647783333333334,0.00478333333333358,0.00503995149888508,0.639233333333333,0.6488,0.62791,0.62439,0.630405,0.00601499999999999,0.00604404114259104,0.62087,0.6329,-0.0314723728728012,-0.0446618818289321,-0.0114841988077601,0.033177683021172,0.0334090696229991,-0.057851390785063,0.00850397525728097,0.802,0.80075,0.80975,0.0089999999999999,0.00975106831754005,0.7995,0.8175,,,,,,,,,,,,,,,,,,,,,,,,,,,,,,,,,,,,,,,,,,,,,,,,,,,,,,,,,,,,,,,,,,,,,,,,,,,,,,,,,,,,
"TabulaMuris","fastEmbedR_umap_cpu_fuzzy_full","UMAP","cpu","full_pipeline",1,1,100102,50,30,,"float32",,3,3,"success",37.295,37.1105,37.306,0.195499999999996,0.219668689924925,36.926,37.317,0.001,0.001,0.0015,5e-04,0.000577350269189626,0.001,0.002,10.909,10.8835,10.9605,0.0769999999999982,0.0784495591659591,10.858,11.012,,,,,,,,,,,,,,,26.183,26.064,26.222,0.158000000000001,0.164612676709095,25.945,26.261,0.4554443359375,0.454658508300781,0.455604553222656,0.000946044921875,0.00101265184780664,0.453872680664062,0.455764770507812,,,,,,,,,,,,,,,0.965185904569213,0.962367897487777,0.966540296745912,0.00417239925813506,0.00425710838078415,0.95954989040634,0.96789468892261,0.614433333333333,0.611616666666666,0.615883333333333,0.00426666666666653,0.00433901337138241,0.6088,0.617333333333333,0.60545,0.600775,0.609591666666667,0.00881666666666647,0.00882204204965741,0.5961,0.613733333333333,0.57059,0.56665,0.57587,0.00922000000000001,0.00925240149006373,0.56271,0.58115,-0.0982401035759458,-0.109736336214079,-0.0744481946702636,0.0352881415438158,0.0359951036287136,-0.121232568852213,-0.0506562857645814,0.8185,0.815,0.824,0.00900000000000012,0.00907377172587747,0.8115,0.8295,,,,,,,,,,,,,,,,,,,,,,,,,,,,,,,,,,,,,,,,,,,,,,,,,,,,,,,,,,,,,,,,,,,,,,,,,,,,,,,,,,,,
"TabulaMuris","fastEmbedR_umap_cpu_fuzzy_full","UMAP","cpu","full_pipeline",4,4,100102,50,30,,"float32",,3,3,"success",13.72,13.661,13.7865,0.125499999999999,0.125574678976297,13.602,13.853,0.001,0.001,0.0015,5e-04,0.000577350269189626,0.001,0.002,6.918,6.914,6.9625,0.0485000000000007,0.0538423625038869,6.91,7.007,,,,,,,,,,,,,,,6.651,6.563,6.734,0.171,0.171024364735945,6.475,6.817,0.511383056640625,0.481040954589844,0.521141052246094,0.04010009765625,0.041824071754092,0.450698852539062,0.530899047851562,,,,,,,,,,,,,,,0.962020148372956,0.961788939470579,0.964783771707975,0.00299483223739649,0.00333267576426205,0.961557730568201,0.967547395042994,0.619033333333333,0.612066666666667,0.619183333333333,0.00711666666666644,0.00813239976427148,0.6051,0.619333333333333,0.610766666666667,0.609208333333334,0.612658333333334,0.00344999999999995,0.00345536351735053,0.60765,0.61455,0.58041,0.57859,0.58126,0.00267000000000006,0.00272810068240403,0.57677,0.58211,-0.0709537225691799,-0.0898796007612974,-0.0616643206436134,0.0282152801176841,0.0287585800019979,-0.108805478953415,-0.0523749187180468,0.802,0.794,0.82075,0.02675,0.0274605778040691,0.786,0.8395,,,,,,,,,,,,,,,,,,,,,,,,,,,,,,,,,,,,,,,,,,,,,,,,,,,,,,,,,,,,,,,,,,,,,,,,,,,,,,,,,,,,
"TabulaMuris","fastEmbedR_umap_cpu_fuzzy_knn","UMAP","cpu","embedding_from_precomputed_knn",1,1,100102,50,30,,"float32",,3,3,"success",26.08,26.006,26.0955,0.089500000000001,0.0956608592894718,25.932,26.111,,,,,,,,,,,,,,,,,,,,,,,,,,,,,26.08,26.006,26.0955,0.089500000000001,0.0956608592894718,25.932,26.111,0.47344970703125,0.468353271484375,0.489494323730469,0.0211410522460938,0.0220657724448275,0.4632568359375,0.505538940429688,,,,,,,,,,,,,,,0.965185904569213,0.962367897487777,0.966540296745912,0.00417239925813506,0.00425710838078415,0.95954989040634,0.96789468892261,0.614433333333333,0.611616666666666,0.615883333333333,0.00426666666666653,0.00433901337138241,0.6088,0.617333333333333,0.60545,0.600775,0.609591666666667,0.00881666666666647,0.00882204204965741,0.5961,0.613733333333333,0.57059,0.56665,0.57587,0.00922000000000001,0.00925240149006373,0.56271,0.58115,-0.0982401035759458,-0.109736336214079,-0.0744481946702636,0.0352881415438158,0.0359951036287136,-0.121232568852213,-0.0506562857645814,0.8185,0.815,0.824,0.00900000000000012,0.00907377172587747,0.8115,0.8295,,,,,,,,,,,,,,,,,,,,,,,,,,,,,,,,,,,,,,,,,,,,,,,,,,,,,,,,,,,,,,,,,,,,,,,,,,,,,,,,,,,,
"TabulaMuris","fastEmbedR_umap_cpu_fuzzy_knn","UMAP","cpu","embedding_from_precomputed_knn",4,4,100102,50,30,,"float32",,3,3,"success",6.547,6.4575,6.603,0.1455,0.146779880546801,6.368,6.659,,,,,,,,,,,,,,,,,,,,,,,,,,,,,6.547,6.4575,6.603,0.1455,0.146779880546801,6.368,6.659,0.5169677734375,0.5008544921875,0.519760131835938,0.0189056396484375,0.020410100580897,0.4847412109375,0.522552490234375,,,,,,,,,,,,,,,0.967400252908447,0.965558624178047,0.968106449165402,0.00254782498735451,0.00263080744261252,0.963716995447648,0.968812645422357,0.616866666666667,0.61275,0.617433333333334,0.00468333333333348,0.00511218587733731,0.608633333333333,0.618,0.6147,0.610008333333333,0.616225,0.00621666666666654,0.00647993341300936,0.605316666666667,0.61775,0.57561,0.574845,0.580875,0.00602999999999998,0.00656588912486344,0.57408,0.58614,-0.0592933000805632,-0.0822494466471561,-0.0535849789874685,0.0286644676596876,0.0303449205096123,-0.105205593213749,-0.0478766578943739,0.8135,0.80875,0.818,0.00924999999999998,0.00925112605758526,0.804,0.8225,,,,,,,,,,,,,,,,,,,,,,,,,,,,,,,,,,,,,,,,,,,,,,,,,,,,,,,,,,,,,,,,,,,,,,,,,,,,,,,,,,,,
"TabulaMuris","fastEmbedR_umap_metal_binary_full","UMAP","metal","full_pipeline",4,,100102,50,30,,"float32",,3,3,"success",5.184,5.165,5.1875,0.0225,0.024214320831552,5.146,5.191,0.001,0.000999999999999945,0.00149999999999994,5e-04,0.000577350269189594,0.00099999999999989,0.00199999999999989,1.725,1.722,1.743,0.0209999999999999,0.022715633383201,1.719,1.761,,,,,,,,,,,,,,,3.306,3.303,3.3255,0.0225,0.0244335834457414,3.3,3.345,0.626815795898438,0.624076843261719,0.656639099121094,0.032562255859375,0.0361223087422725,0.621337890625,0.68646240234375,,,,,,,,,,,,,,,0.986157106727365,0.985003473276008,0.987324582701062,0.00232110942505492,0.0023211231839106,0.98384983982465,0.98849205867476,0.636566666666667,0.63135,0.6373,0.00595000000000001,0.00648865106109078,0.626133333333333,0.638033333333333,0.648533333333333,0.646833333333333,0.648891666666666,0.0020583333333335,0.00219926334468152,0.645133333333333,0.64925,0.63946,0.63658,0.63954,0.00295999999999996,0.00337267450746928,0.6337,0.63962,-0.0152176930584463,-0.0275183525418885,-0.000745678954497651,0.0267726735873908,0.0268020082203985,-0.0398190120253307,0.013726335149451,0.8315,0.82475,0.8325,0.00775000000000003,0.00843109324662786,0.818,0.8335,,,,,,,,,,,,,,,,,,,,,,,,,,,,,,,,,,,,,,,,,,,,,,,,,,,,,,,,,,,,,,,,,,,,,,,,,,,,,,,,,,,,
"TabulaMuris","fastEmbedR_umap_metal_binary_knn","UMAP","metal","embedding_from_precomputed_knn",4,,100102,50,30,,"float32",,3,3,"success",3.368,3.3395,3.422,0.0824999999999996,0.0838033412221733,3.311,3.476,,,,,,,,,,,,,,,,,,,,,,,,,,,,,3.368,3.3395,3.422,0.0824999999999996,0.0838033412221733,3.311,3.476,0.67938232421875,0.677314758300781,0.700843811035156,0.023529052734375,0.0260574566138361,0.675247192382812,0.722305297851562,,,,,,,,,,,,,,,0.988374574270781,0.987707283763278,0.988722239082785,0.00101495531950746,0.00103159479884509,0.987039993255775,0.98906990389479,0.635433333333333,0.633766666666666,0.637266666666666,0.00349999999999995,0.00350132250146417,0.6321,0.6391,0.649033333333333,0.6431,0.650775,0.00767499999999999,0.00804750363869522,0.637166666666667,0.652516666666667,0.63357,0.627525,0.63923,0.011705,0.0117071103750384,0.62148,0.64489,-0.0413653084543923,-0.0462032377157281,-0.0192893532418918,0.0269138844738363,0.0286950696758523,-0.0510411669770639,0.00278660197060873,0.8315,0.828,0.8315,0.00349999999999995,0.00404145188432738,0.8245,0.8315,,,,,,,,,,,,,,,,,,,,,,,,,,,,,,,,,,,,,,,,,,,,,,,,,,,,,,,,,,,,,,,,,,,,,,,,,,,,,,,,,,,,
"TabulaMuris","fastEmbedR_umap_metal_fuzzy_full","UMAP","metal","full_pipeline",4,,100102,50,30,,"float32",,3,3,"success",3.746,3.6915,3.7575,0.0660000000000003,0.070514773865718,3.637,3.769,0.002,0.0015,0.002,5e-04,0.000577350269189626,0.001,0.002,1.749,1.745,1.7545,0.00950000000000006,0.00953939201416941,1.741,1.76,,,,,,,,,,,,,,,1.865,1.8145,1.875,0.0605,0.0648613906727261,1.764,1.885,0.700439453125,0.690414428710938,0.700553894042969,0.0101394653320312,0.0116425360480644,0.680389404296875,0.700668334960938,,,,,,,,,,,,,,,0.969149148541561,0.966812594840668,0.970579017029168,0.00376642218850098,0.00380262568856876,0.964476041139774,0.972008885516776,0.616666666666667,0.6159,0.617833333333333,0.00193333333333345,0.0019470775822015,0.615133333333333,0.619,0.604866666666667,0.604275,0.614241666666667,0.00996666666666701,0.0111825798719525,0.603683333333333,0.623616666666667,0.57564,0.571345,0.58421,0.012865,0.0130996221319548,0.56705,0.59278,-0.0766699471085497,-0.0860603128542564,-0.0712102723096562,0.0148500405446003,0.0150224436965515,-0.0954506785999632,-0.0657505975107626,0.8215,0.81475,0.8335,0.0187499999999999,0.0189934199132226,0.808,0.8455,,,,,,,,,,,,,,,,,,,,,,,,,,,,,,,,,,,,,,,,,,,,,,,,,,,,,,,,,,,,,,,,,,,,,,,,,,,,,,,,,,,,
"TabulaMuris","fastEmbedR_umap_metal_fuzzy_knn","UMAP","metal","embedding_from_precomputed_knn",4,,100102,50,30,,"float32",,3,3,"success",1.963,1.9195,1.9705,0.0509999999999999,0.0550726792520575,1.876,1.978,,,,,,,,,,,,,,,,,,,,,,,,,,,,,1.963,1.9195,1.9705,0.0509999999999999,0.0550726792520575,1.876,1.978,0.71881103515625,0.71051025390625,0.741127014160156,0.0306167602539062,0.0316679848501954,0.70220947265625,0.763442993164062,,,,,,,,,,,,,,,0.970408632608329,0.97037805597707,0.97094071825999,0.000562662282920567,0.000632792180579602,0.97034747934581,0.971472803911651,0.619066666666667,0.6167,0.619366666666667,0.00266666666666704,0.00292144053761449,0.614333333333333,0.619666666666667,0.612483333333333,0.6091,0.616791666666667,0.00769166666666654,0.00771018446241346,0.605716666666667,0.6211,0.57473,0.574485,0.57951,0.00502500000000006,0.00566621860973731,0.57424,0.58429,-0.100387410678686,-0.105445917399336,-0.0869202642012243,0.0185256531981117,0.0191511940603361,-0.110504424119986,-0.0734531177237626,0.8055,0.8045,0.8155,0.011,0.0121655250605964,0.8035,0.8255,,,,,,,,,,,,,,,,,,,,,,,,,,,,,,,,,,,,,,,,,,,,,,,,,,,,,,,,,,,,,,,,,,,,,,,,,,,,,,,,,,,,
"TabulaMuris","fastEmbedR_tsne_cpu_full","t-SNE","cpu","full_pipeline",1,1,100102,50,,30,"float32",,3,3,"success",72.648,72.6145,72.8035,0.189000000000007,0.201698620058081,72.581,72.959,0.00199999999999989,0.00149999999999994,0.00199999999999994,5e-04,0.000577350269189594,0.001,0.002,10.799,10.7965,10.8625,0.0660000000000007,0.0748086447767459,10.794,10.926,,,,,,,,,,,,,,,61.105,61.079,61.197,0.118000000000009,0.124000000000002,61.053,61.289,0.488174438476562,0.463157653808594,0.498481750488281,0.0353240966796875,0.036330629889634,0.438140869140625,0.5087890625,,,,,,,,,,,,,,,0.97893599730231,0.978807165739336,0.979233518799528,0.000426353060192008,0.000437335527072949,0.978678334176362,0.979531040296746,0.6297,0.627366666666667,0.630166666666667,0.00280000000000002,0.00300024690342013,0.625033333333333,0.630633333333333,0.618383333333333,0.616441666666667,0.624225,0.00778333333333348,0.00810248590111587,0.6145,0.630066666666667,0.59032,0.587515,0.59327,0.00575499999999995,0.00575560885861205,0.58471,0.59622,-0.0112436978078776,-0.0167211181083029,-0.00854714432032565,0.00817397378797725,0.00833016131677648,-0.0221985384087282,-0.0058505908327737,0.838,0.8355,0.8445,0.00900000000000012,0.00929157324317758,0.833,0.851,1.70907911908383,1.70225593952195,1.71299853000056,0.01074259047861,0.0108726203974007,1.69543275996007,1.71691794091729,,,,,,,,,,,,,,,,,,,,,,,,,,,,,,,,,,,,,,,,,,,,,,,,,,,,,,,,,,,,,,,,,,,,,,,,,,,,,
"TabulaMuris","fastEmbedR_tsne_cpu_full","t-SNE","cpu","full_pipeline",4,4,100102,50,,30,"float32",,3,3,"success",26.534,26.3125,26.751,0.438499999999998,0.438507696625726,26.091,26.968,0.002,0.0015,0.002,5e-04,0.000577350269189626,0.001,0.002,7.031,6.922,7.242,0.32,0.325373631383983,6.813,7.453,,,,,,,,,,,,,,,18.74,18.635,18.7565,0.121500000000001,0.131806676613894,18.53,18.773,0.480697631835938,0.478729248046875,0.524505615234375,0.0457763671875,0.0517589910840854,0.476760864257812,0.568313598632812,,,,,,,,,,,,,,,0.97893599730231,0.978807165739336,0.979233518799528,0.000426353060192008,0.000437335527072949,0.978678334176362,0.979531040296746,0.6297,0.627366666666667,0.630166666666667,0.00280000000000002,0.00300024690342013,0.625033333333333,0.630633333333333,0.618383333333333,0.616441666666667,0.624225,0.00778333333333348,0.00810248590111587,0.6145,0.630066666666667,0.59032,0.587515,0.59327,0.00575499999999995,0.00575560885861205,0.58471,0.59622,-0.0112436978078776,-0.0167211181083029,-0.00854714432032565,0.00817397378797725,0.00833016131677648,-0.0221985384087282,-0.0058505908327737,0.838,0.8355,0.8445,0.00900000000000012,0.00929157324317758,0.833,0.851,1.70907911908383,1.70225593952195,1.71299853000056,0.01074259047861,0.0108726203974007,1.69543275996007,1.71691794091729,,,,,,,,,,,,,,,,,,,,,,,,,,,,,,,,,,,,,,,,,,,,,,,,,,,,,,,,,,,,,,,,,,,,,,,,,,,,,
"TabulaMuris","fastEmbedR_tsne_cpu_knn","t-SNE","cpu","embedding_from_precomputed_knn",1,1,100102,50,,30,"float32",,3,3,"success",61.777,61.6275,61.8295,0.201999999999998,0.209619496548705,61.478,61.882,,,,,,,,,,,,,,,,,,,,,,,,,,,,,61.777,61.6275,61.8295,0.201999999999998,0.209619496548705,61.478,61.882,0.31390380859375,0.306350708007812,0.324821472167969,0.0184707641601562,0.0185726292348216,0.298797607421875,0.335739135742188,,,,,,,,,,,,,,,0.978516422188501,0.978354940145001,0.97863299612207,0.000278055977069536,0.000279262193102776,0.978193458101501,0.97874957005564,0.629733333333333,0.6278,0.6306,0.00280000000000002,0.00286692505295458,0.625866666666667,0.631466666666667,0.61995,0.615225,0.62535,0.010125,0.0101324972242779,0.6105,0.63075,0.59219,0.585765,0.59506,0.00929499999999994,0.00951891275304066,0.57934,0.59793,-0.0198197757223319,-0.020352990473396,-0.0138744328423694,0.00647855763102652,0.00719273378299724,-0.02088620522446,-0.00792908996240696,0.8435,0.83675,0.84975,0.013,0.013003204733193,0.83,0.856,1.70962587523832,1.70962587523832,1.70962587523832,0,0,1.70962587523832,1.70962587523832,,,,,,,,,,,,,,,,,,,,,,,,,,,,,,,,,,,,,,,,,,,,,,,,,,,,,,,,,,,,,,,,,,,,,,,,,,,,,
"TabulaMuris","fastEmbedR_tsne_cpu_knn","t-SNE","cpu","embedding_from_precomputed_knn",4,4,100102,50,,30,"float32",,3,3,"success",19.392,19.2195,19.401,0.1815,0.204580057679139,19.047,19.41,,,,,,,,,,,,,,,,,,,,,,,,,,,,,19.392,19.2195,19.401,0.1815,0.204580057679139,19.047,19.41,0.337158203125,0.314704895019531,0.338203430175781,0.02349853515625,0.0265508907440825,0.292251586914062,0.339248657226562,,,,,,,,,,,,,,,0.978516422188501,0.978354940145001,0.97863299612207,0.000278055977069536,0.000279262193102776,0.978193458101501,0.97874957005564,0.629733333333333,0.6278,0.6306,0.00280000000000002,0.00286692505295458,0.625866666666667,0.631466666666667,0.61995,0.615225,0.62535,0.010125,0.0101324972242779,0.6105,0.63075,0.59219,0.585765,0.59506,0.00929499999999994,0.00951891275304066,0.57934,0.59793,-0.0198197757223319,-0.020352990473396,-0.0138744328423694,0.00647855763102652,0.00719273378299724,-0.02088620522446,-0.00792908996240696,0.8435,0.83675,0.84975,0.013,0.013003204733193,0.83,0.856,1.70962587523832,1.70962587523832,1.70962587523832,0,0,1.70962587523832,1.70962587523832,,,,,,,,,,,,,,,,,,,,,,,,,,,,,,,,,,,,,,,,,,,,,,,,,,,,,,,,,,,,,,,,,,,,,,,,,,,,,
"TabulaMuris","fastEmbedR_tsne_metal_full","t-SNE","metal","full_pipeline",4,,100102,50,,30,"float32",,3,3,"success",4.729,4.713,4.74,0.0270000000000001,0.0271538824725552,4.697,4.751,0.002,0.0015,0.002,5e-04,0.000577350269189626,0.001,0.002,1.756,1.7535,1.7595,0.00600000000000023,0.00602771377334171,1.751,1.763,,,,,,,,,,,,,,,2.774,2.7665,2.788,0.0215000000000005,0.0218250620464945,2.759,2.802,0.370025634765625,0.361030578613281,0.372306823730469,0.0112762451171875,0.0119238853349076,0.352035522460938,0.374588012695312,,,,,,,,,,,,,,,0.979528882144664,0.979134142640365,0.98081856348002,0.00168442083965592,0.00176188739482953,0.978739403136065,0.982108244815377,0.633066666666667,0.629266666666667,0.633516666666667,0.00424999999999998,0.00466940395910802,0.625466666666667,0.633966666666667,0.623933333333333,0.619883333333333,0.6286,0.00871666666666704,0.0087239347221906,0.615833333333333,0.633266666666667,0.59758,0.593115,0.59762,0.00450499999999998,0.00517898638731556,0.58865,0.59766,-0.0048072919965393,-0.00538215009494906,0.00110074161347187,0.00648289170842093,0.00717696351174793,-0.00595700819335882,0.00700877522348305,0.845,0.83925,0.84975,0.0105,0.0105158610362316,0.8335,0.8545,1.70590366212689,1.70415757370766,1.70747100761433,0.00331343390666028,0.00331504056270198,1.70241148528844,1.70903835310176,,,,,,,,,,,,,,,,,,,,,,,,,,,,,,,,,,,,,,,,,,,,,,,,,,,,,,,,,,,,,,,,,,,,,,,,,,,,,
"TabulaMuris","fastEmbedR_tsne_metal_knn","t-SNE","metal","embedding_from_precomputed_knn",4,,100102,50,,30,"float32",,3,3,"success",2.933,2.9035,2.9555,0.0519999999999996,0.0521568148311737,2.874,2.978,,,,,,,,,,,,,,,,,,,,,,,,,,,,,2.933,2.9035,2.9555,0.0519999999999996,0.0521568148311737,2.874,2.978,0.360702514648438,0.342971801757812,0.366790771484375,0.0238189697265625,0.0247492541267411,0.325241088867188,0.372879028320312,,,,,,,,,,,,,,,0.978077103355252,0.97751808295397,0.97814704940145,0.000628966447479451,0.000689441827607691,0.976959062552689,0.978216995447648,0.630466666666667,0.628033333333333,0.631666666666667,0.0036333333333336,0.00370245164021751,0.6256,0.632866666666667,0.6184,0.614958333333333,0.623266666666666,0.00830833333333292,0.00834896866551623,0.611516666666667,0.628133333333333,0.59316,0.58865,0.59551,0.00685999999999998,0.00697243142669756,0.58414,0.59786,-0.01088187395725,-0.0127777040025365,-0.00740788788921313,0.00536981611332333,0.00544656930874423,-0.0146735340478229,-0.00393390182117625,0.839,0.836,0.847,0.011,0.0113724814061547,0.833,0.855,1.71177984625943,1.71031056168804,1.71373538810805,0.00342482642000008,0.00343631363338927,1.70884127711666,1.71569092995666,,,,,,,,,,,,,,,,,,,,,,,,,,,,,,,,,,,,,,,,,,,,,,,,,,,,,,,,,,,,,,,,,,,,,,,,,,,,,
"USPS","fastEmbedR_pca_cpu","PCA","cpu","pca_only",1,1,11000,256,,,"float32",,3,3,"success",0.505,0.5035,0.523,0.0195,0.0217025344142107,0.502,0.541,,,,,,,,,,,,,,,0.505,0.5035,0.523,0.0195,0.0217025344142107,0.502,0.541,,,,,,,,,,,,,,,0.291793823242188,0.291725158691406,0.292724609375,0.00099945068359375,0.00111653610615034,0.291656494140625,0.293655395507812,,,,,,,,,,,,,,,,,,,,,,,,,,,,,,,,,,,,,,,,,,,,,,,,,,,,,,,,,,,,,,,,,,,,,,,,,,,,,,,,,,,,,,,,,,,,,,,,,,,,,,,,,,,,,,,,,,,,,,,,,,,,,,,,,,,,,,,,,,,,
"USPS","fastEmbedR_pca_cpu","PCA","cpu","pca_only",4,4,11000,256,,,"float32",,3,3,"success",0.512,0.507,0.5195,0.0125000000000001,0.0125830573921179,0.502,0.527,,,,,,,,,,,,,,,0.512,0.507,0.5195,0.0125000000000001,0.0125830573921179,0.502,0.527,,,,,,,,,,,,,,,0.294296264648438,0.2921142578125,0.29449462890625,0.00238037109375,0.00264154863098853,0.289932250976562,0.294692993164062,,,,,,,,,,,,,,,,,,,,,,,,,,,,,,,,,,,,,,,,,,,,,,,,,,,,,,,,,,,,,,,,,,,,,,,,,,,,,,,,,,,,,,,,,,,,,,,,,,,,,,,,,,,,,,,,,,,,,,,,,,,,,,,,,,,,,,,,,,,,
"USPS","fastEmbedR_pca_metal","PCA","metal","pca_only",4,,11000,256,,,"float32",,3,3,"success",0.095,0.0905,0.1225,0.032,0.0346458270695525,0.086,0.15,,,,,,,,,,,,,,,0.095,0.0905,0.1225,0.032,0.0346458270695525,0.086,0.15,,,,,,,,,,,,,,,0.158203125,0.158065795898438,0.158905029296875,0.0008392333984375,0.000900311657579569,0.157928466796875,0.15960693359375,,,,,,,,,,,,,,,,,,,,,,,,,,,,,,,,,,,,,,,,,,,,,,,,,,,,,,,,,,,,,,,,,,,,,,,,,,,,,,,,,,,,,,,,,,,,,,,,,,,,,,,,,,,,,,,,,,,,,,,,,,,,,,,,,,,,,,,,,,,,
"USPS","irlba_pca","PCA","cpu","pca_only",1,1,11000,256,,,"standard_R_double",,3,3,"success",0.54,0.5365,0.54,0.00350000000000006,0.00404145188432738,0.533,0.54,,,,,,,,,,,,,,,0.54,0.5365,0.54,0.00350000000000006,0.00404145188432738,0.533,0.54,,,,,,,,,,,,,,,0.25726318359375,0.257110595703125,0.263130187988281,0.00601959228515625,0.00686442592449541,0.2569580078125,0.268997192382812,,,,,,,,,,,,,,,,,,,,,,,,,,,,,,,,,,,,,,,,,,,,,,,,,,,,,,,,,,,,,,,,,,,,,,,,,,,,,,,,,,,,,,,,,,,,,,,,,,,,,,,,,,,,,,,,,,,,,,,,,,,,,,,,,,,,,,,,,,,,
"USPS","irlba_pca","PCA","cpu","pca_only",4,4,11000,256,,,"standard_R_double",,3,3,"success",0.574,0.568,0.674,0.106,0.119085403527608,0.562,0.774,,,,,,,,,,,,,,,0.574,0.568,0.674,0.106,0.119085403527608,0.562,0.774,,,,,,,,,,,,,,,0.245071411132812,0.244865417480469,0.249397277832031,0.0045318603515625,0.00511815815375543,0.244659423828125,0.25372314453125,,,,,,,,,,,,,,,,,,,,,,,,,,,,,,,,,,,,,,,,,,,,,,,,,,,,,,,,,,,,,,,,,,,,,,,,,,,,,,,,,,,,,,,,,,,,,,,,,,,,,,,,,,,,,,,,,,,,,,,,,,,,,,,,,,,,,,,,,,,,
"USPS","fastEmbedR_umap_cpu_binary_full","UMAP","cpu","full_pipeline",1,1,11000,256,30,,"float32",,3,3,"success",16.175,16.123,16.2155,0.0924999999999976,0.0927379821504286,16.071,16.256,0.001,0.001,0.0015,5e-04,0.000577350269189626,0.001,0.002,2.146,2.12,2.1765,0.0564999999999998,0.0565597029695171,2.094,2.207,,,,,,,,,,,,,,,13.858,13.827,13.9545,0.1275,0.132989974559488,13.796,14.051,0.197418212890625,0.194129943847656,0.197891235351562,0.00376129150390625,0.0040974607848321,0.190841674804688,0.1983642578125,,,,,,,,,,,,,,,0.942558174409128,0.941257332246672,0.945246726433035,0.00398939418636257,0.00406905134653095,0.939956490084216,0.947935278456941,0.42608,0.423626666666666,0.430826666666666,0.00719999999999998,0.00732073260855259,0.421173333333333,0.435573333333333,0.462,0.45996,0.472893333333333,0.0129333333333335,0.0139067710659767,0.45792,0.483786666666667,0.48008,0.479056,0.49232,0.0132639999999999,0.0147603042425735,0.478032,0.50456,0.21889123594201,0.211342735401186,0.231671745128921,0.020329009727735,0.0205522085107154,0.203794234860363,0.244452254315833,0.7152,0.7088,0.7252,0.0164,0.0165311826558174,0.7024,0.7352,,,,,,,,,,,,,,,,,,,,,,,,,,,,,,,,,,,,,,,,,,,,,,,,,,,,,,,,,,,,,,,,,,,,,,,,,,,,,,,,,,,,
"USPS","fastEmbedR_umap_cpu_binary_full","UMAP","cpu","full_pipeline",4,4,11000,256,30,,"float32",,3,3,"success",4.797,4.7415,4.8015,0.0599999999999996,0.0668356192460278,4.686,4.806,0.001,0.001,0.001,0,0,0.001,0.001,1.25,1.227,1.2895,0.0625,0.063221831672295,1.204,1.329,,,,,,,,,,,,,,,3.366,3.35,3.4265,0.0764999999999998,0.0806990293208867,3.334,3.487,0.217483520507812,0.207862854003906,0.217720031738281,0.009857177734375,0.0112480254394147,0.1982421875,0.21795654296875,,,,,,,,,,,,,,,0.942255908720456,0.94115492529204,0.945181265960336,0.00402634066829655,0.00416183442468552,0.940053941863624,0.948106623200217,0.425546666666667,0.423733333333334,0.433226666666667,0.00949333333333346,0.0100794826439839,0.42192,0.440906666666667,0.460453333333333,0.459213333333333,0.472693333333333,0.0134799999999999,0.0149011319480546,0.457973333333333,0.484933333333333,0.479344,0.47848,0.492312,0.013832,0.0154970909958396,0.477616,0.50528,0.218334330659639,0.210005400312426,0.229340090659497,0.0193346903470705,0.0193963585022256,0.201676469965213,0.240345850659354,0.716,0.708,0.7192,0.0112000000000001,0.0115377640814848,0.7,0.7224,,,,,,,,,,,,,,,,,,,,,,,,,,,,,,,,,,,,,,,,,,,,,,,,,,,,,,,,,,,,,,,,,,,,,,,,,,,,,,,,,,,,
"USPS","fastEmbedR_umap_cpu_binary_knn","UMAP","cpu","embedding_from_precomputed_knn",1,1,11000,256,30,,"float32",,3,3,"success",13.828,13.8075,13.8745,0.0669999999999984,0.0686610030026743,13.787,13.921,,,,,,,,,,,,,,,,,,,,,,,,,,,,,13.828,13.8075,13.8745,0.0669999999999984,0.0686610030026743,13.787,13.921,0.203826904296875,0.19610595703125,0.205398559570312,0.0092926025390625,0.00994771628485912,0.188385009765625,0.20697021484375,,,,,,,,,,,,,,,0.942558174409128,0.941257332246672,0.945246726433035,0.00398939418636257,0.00406905134653095,0.939956490084216,0.947935278456941,0.42608,0.423626666666666,0.430826666666666,0.00719999999999998,0.00732073260855259,0.421173333333333,0.435573333333333,0.462,0.45996,0.472893333333333,0.0129333333333335,0.0139067710659767,0.45792,0.483786666666667,0.48008,0.479056,0.49232,0.0132639999999999,0.0147603042425735,0.478032,0.50456,0.21889123594201,0.211342735401186,0.231671745128921,0.020329009727735,0.0205522085107154,0.203794234860363,0.244452254315833,0.7152,0.7088,0.7252,0.0164,0.0165311826558174,0.7024,0.7352,,,,,,,,,,,,,,,,,,,,,,,,,,,,,,,,,,,,,,,,,,,,,,,,,,,,,,,,,,,,,,,,,,,,,,,,,,,,,,,,,,,,
"USPS","fastEmbedR_umap_cpu_binary_knn","UMAP","cpu","embedding_from_precomputed_knn",4,4,11000,256,30,,"float32",,3,3,"success",3.388,3.361,3.6665,0.3055,0.338251878536296,3.334,3.945,,,,,,,,,,,,,,,,,,,,,,,,,,,,,3.388,3.361,3.6665,0.3055,0.338251878536296,3.334,3.945,0.204330444335938,0.202842712402344,0.209571838378906,0.0067291259765625,0.00706949758838873,0.20135498046875,0.214813232421875,,,,,,,,,,,,,,,0.942952762836186,0.941815593588699,0.945716207552296,0.00390061396359664,0.0040120294024702,0.940678424341212,0.948479652268405,0.42752,0.425493333333334,0.43312,0.0076266666666665,0.00790077727071706,0.423466666666667,0.43872,0.46208,0.46076,0.473333333333333,0.0125733333333335,0.0138195181349238,0.45944,0.484586666666667,0.47992,0.478968,0.492912,0.013944,0.0155806183873855,0.478016,0.505904,0.226752413070078,0.223821232013046,0.234177381050368,0.0103561490373215,0.0106761976621093,0.220890050956014,0.241602349030657,0.7152,0.71,0.7204,0.0104,0.0104,0.7048,0.7256,,,,,,,,,,,,,,,,,,,,,,,,,,,,,,,,,,,,,,,,,,,,,,,,,,,,,,,,,,,,,,,,,,,,,,,,,,,,,,,,,,,,
"USPS","fastEmbedR_umap_cpu_fuzzy_full","UMAP","cpu","full_pipeline",1,1,11000,256,30,,"float32",,3,3,"success",4.778,4.762,7.142,2.38,2.7389964098796,4.746,9.506,0.001,0.001,0.002,0.001,0.00115470053837925,0.001,0.003,2.132,2.112,3.53,1.418,1.6259413683566,2.092,4.928,,,,,,,,,,,,,,,2.546,2.545,3.488,0.943,1.08830571685227,2.544,4.43,0.180389404296875,0.179840087890625,0.201118469238281,0.0212783813476562,0.0242592304719324,0.179290771484375,0.221847534179688,,,,,,,,,,,,,,,0.890398217875577,0.890226003803314,0.896362205922304,0.00613620211898946,0.00698817036394474,0.890053789731051,0.90232619396903,0.357813333333333,0.357466666666666,0.36752,0.0100533333333335,0.0114137071589873,0.35712,0.377226666666667,0.379146666666667,0.375826666666667,0.390013333333334,0.0141866666666666,0.0148406728408912,0.372506666666667,0.40088,0.388928,0.383592,0.399232,0.01564,0.0159008367075447,0.378256,0.409536,0.117197463190608,0.116274805574587,0.137017030404072,0.0207422248294845,0.0234365303530237,0.115352147958567,0.156836597617536,0.7192,0.718,0.7336,0.0156000000000001,0.0173620275313686,0.7168,0.748,,,,,,,,,,,,,,,,,,,,,,,,,,,,,,,,,,,,,,,,,,,,,,,,,,,,,,,,,,,,,,,,,,,,,,,,,,,,,,,,,,,,
"USPS","fastEmbedR_umap_cpu_fuzzy_full","UMAP","cpu","full_pipeline",4,4,11000,256,30,,"float32",,3,3,"success",2.386,2.367,2.5585,0.1915,0.211012637852175,2.348,2.731,0.001,0.001,0.001,0,0,0.001,0.001,1.246,1.234,1.431,0.197,0.220874021408887,1.222,1.616,,,,,,,,,,,,,,,1.001,1,1.03,0.0299999999999998,0.0340783411176855,0.999,1.059,0.202407836914062,0.2000732421875,0.204338073730469,0.00426483154296875,0.00427121643833111,0.197738647460938,0.206268310546875,,,,,,,,,,,,,,,0.892893235533822,0.890998467807661,0.894703743547949,0.00370527574028801,0.00370559507743685,0.8891037000815,0.896514251562076,0.339093333333333,0.338053333333333,0.34528,0.00722666666666705,0.00781371254294074,0.337013333333333,0.351466666666667,0.370266666666667,0.366666666666667,0.376186666666667,0.00951999999999997,0.00961376790511053,0.363066666666667,0.382106666666667,0.381168,0.377464,0.389856,0.012392,0.0127217038691102,0.37376,0.398544,0.11229132271084,0.111001214399266,0.135795854304871,0.0247946399056045,0.0279153667712363,0.109711106087692,0.159300385898901,0.7016,0.7,0.712,0.012,0.0130312445043953,0.6984,0.7224,,,,,,,,,,,,,,,,,,,,,,,,,,,,,,,,,,,,,,,,,,,,,,,,,,,,,,,,,,,,,,,,,,,,,,,,,,,,,,,,,,,,
"USPS","fastEmbedR_umap_cpu_fuzzy_knn","UMAP","cpu","embedding_from_precomputed_knn",1,1,11000,256,30,,"float32",,3,3,"success",2.56,2.55,2.6365,0.0865,0.0946379064293655,2.54,2.713,,,,,,,,,,,,,,,,,,,,,,,,,,,,,2.56,2.55,2.6365,0.0865,0.0946379064293655,2.54,2.713,0.1982421875,0.197097778320312,0.202644348144531,0.00554656982421875,0.0058567981881882,0.195953369140625,0.207046508789062,,,,,,,,,,,,,,,0.890398217875577,0.890226003803314,0.896362205922304,0.00613620211898946,0.00698817036394474,0.890053789731051,0.90232619396903,0.357813333333333,0.357466666666666,0.36752,0.0100533333333335,0.0114137071589873,0.35712,0.377226666666667,0.379146666666667,0.375826666666667,0.390013333333334,0.0141866666666666,0.0148406728408912,0.372506666666667,0.40088,0.388928,0.383592,0.399232,0.01564,0.0159008367075447,0.378256,0.409536,0.117197463190608,0.116274805574587,0.137017030404072,0.0207422248294845,0.0234365303530237,0.115352147958567,0.156836597617536,0.7192,0.718,0.7336,0.0156000000000001,0.0173620275313686,0.7168,0.748,,,,,,,,,,,,,,,,,,,,,,,,,,,,,,,,,,,,,,,,,,,,,,,,,,,,,,,,,,,,,,,,,,,,,,,,,,,,,,,,,,,,
"USPS","fastEmbedR_umap_cpu_fuzzy_knn","UMAP","cpu","embedding_from_precomputed_knn",4,4,11000,256,30,,"float32",,3,3,"success",1.069,1.028,1.0955,0.0674999999999999,0.0680171546988945,0.987,1.122,,,,,,,,,,,,,,,,,,,,,,,,,,,,,1.069,1.028,1.0955,0.0674999999999999,0.0680171546988945,0.987,1.122,0.19232177734375,0.191146850585938,0.198593139648438,0.0074462890625,0.00800656642367943,0.189971923828125,0.204864501953125,,,,,,,,,,,,,,,0.893097614778593,0.889574376528117,0.897486617766911,0.00791224123879397,0.00792801431305276,0.886051138277642,0.90187562075523,0.340426666666667,0.33848,0.3452,0.00672,0.00691532704563906,0.336533333333333,0.349973333333333,0.371493333333333,0.36508,0.377306666666667,0.0122266666666665,0.012231572988695,0.358666666666667,0.38312,0.380192,0.374864,0.390448,0.015584,0.0158415945325379,0.369536,0.400704,0.120850965801488,0.107775150239944,0.144666881169182,0.0368917309292384,0.0374092197936643,0.0946993346784002,0.168482796536877,0.7,0.6996,0.712,0.0124,0.0140930242791721,0.6992,0.724,,,,,,,,,,,,,,,,,,,,,,,,,,,,,,,,,,,,,,,,,,,,,,,,,,,,,,,,,,,,,,,,,,,,,,,,,,,,,,,,,,,,
"USPS","fastEmbedR_umap_metal_binary_full","UMAP","metal","full_pipeline",4,,11000,256,30,,"float32",,3,3,"success",0.879,0.8755,1.032,0.1565,0.178724182284696,0.872,1.185,0.001,0.001,0.00100000000000006,5.50774703622636e-17,6.3472791796645e-17,0.001,0.00100000000000011,0.388,0.3865,0.4725,0.086,0.0984496487212287,0.385,0.557,,,,,,,,,,,,,,,0.389,0.3855,0.431,0.0455,0.0506392469664916,0.382,0.473,0.213607788085938,0.213218688964844,0.229576110839844,0.016357421875,0.0186673329660075,0.21282958984375,0.24554443359375,,,,,,,,,,,,,,,0.943724509644118,0.94201699538169,0.946224504210812,0.00420750882912246,0.00423231286942412,0.940309481119261,0.948724498777506,0.426986666666667,0.424213333333333,0.431546666666667,0.00733333333333347,0.0074055274651465,0.42144,0.436106666666667,0.46216,0.461893333333333,0.4728,0.0109066666666665,0.0124428316415218,0.461626666666667,0.48344,0.48192,0.481648,0.493736,0.012088,0.0138036609636719,0.481376,0.505552,0.225327424537575,0.216860516178898,0.233699947897993,0.016839431719095,0.0168395198901679,0.20839360782022,0.24207247125841,0.7184,0.7164,0.7192,0.00280000000000002,0.00288444102037117,0.7144,0.72,,,,,,,,,,,,,,,,,,,,,,,,,,,,,,,,,,,,,,,,,,,,,,,,,,,,,,,,,,,,,,,,,,,,,,,,,,,,,,,,,,,,
"USPS","fastEmbedR_umap_metal_binary_knn","UMAP","metal","embedding_from_precomputed_knn",4,,11000,256,30,,"float32",,3,3,"success",0.468,0.459,0.472,0.013,0.0133166562369588,0.45,0.476,,,,,,,,,,,,,,,,,,,,,,,,,,,,,0.468,0.459,0.472,0.013,0.0133166562369588,0.45,0.476,0.228530883789062,0.219734191894531,0.228713989257812,0.00897979736328125,0.0102648941084193,0.2109375,0.228897094726562,,,,,,,,,,,,,,,0.942366400434664,0.941113588698723,0.944870154849226,0.00375656615050257,0.00382536383082258,0.939860776962782,0.947373909263787,0.424426666666667,0.421653333333333,0.429626666666667,0.00797333333333355,0.00809548937051683,0.41888,0.434826666666667,0.461706666666667,0.460333333333333,0.472066666666667,0.0117333333333335,0.0128293090371373,0.45896,0.482426666666667,0.48152,0.480744,0.49292,0.012176,0.0136337119425831,0.479968,0.50432,0.226731658732777,0.21876665750704,0.236805184077145,0.0180385265701045,0.0180795574837065,0.210801656281303,0.246878709421512,0.7144,0.712,0.716,0.004,0.00402657836547774,0.7096,0.7176,,,,,,,,,,,,,,,,,,,,,,,,,,,,,,,,,,,,,,,,,,,,,,,,,,,,,,,,,,,,,,,,,,,,,,,,,,,,,,,,,,,,
"USPS","fastEmbedR_umap_metal_fuzzy_full","UMAP","metal","full_pipeline",4,,11000,256,30,,"float32",,3,3,"success",0.744,0.721,0.769,0.048,0.0480138868800823,0.698,0.794,0.001,0.001,0.001,0,0,0.001,0.001,0.42,0.402,0.4295,0.0275,0.0279344470740577,0.384,0.439,,,,,,,,,,,,,,,0.218,0.2125,0.2295,0.017,0.0173493515728975,0.207,0.241,0.219589233398438,0.215721130371094,0.2296142578125,0.0138931274414062,0.0143406723607101,0.21185302734375,0.239639282226562,,,,,,,,,,,,,,,0.893627470795979,0.89223837000815,0.899243662048356,0.00700529204020606,0.00741823526860653,0.890849269220321,0.904859853300733,0.35888,0.35768,0.368373333333333,0.0106933333333335,0.0117163918096418,0.35648,0.377866666666667,0.37848,0.377026666666667,0.389946666666666,0.01292,0.0141544580073375,0.375573333333333,0.401413333333333,0.389072,0.38572,0.400512,0.014792,0.015511560592023,0.382368,0.411952,0.120565180005272,0.119189812721937,0.139503133505756,0.0203133207838195,0.0227034317408468,0.117814445438602,0.158441087006241,0.716,0.7084,0.7288,0.0204000000000001,0.0206197316503716,0.7008,0.7416,,,,,,,,,,,,,,,,,,,,,,,,,,,,,,,,,,,,,,,,,,,,,,,,,,,,,,,,,,,,,,,,,,,,,,,,,,,,,,,,,,,,
"USPS","fastEmbedR_umap_metal_fuzzy_knn","UMAP","metal","embedding_from_precomputed_knn",4,,11000,256,30,,"float32",,3,3,"success",0.357,0.3515,0.403,0.0515,0.0565597029695171,0.346,0.449,,,,,,,,,,,,,,,,,,,,,,,,,,,,,0.357,0.3515,0.403,0.0515,0.0565597029695171,0.346,0.449,0.200210571289062,0.199134826660156,0.209403991699219,0.0102691650390625,0.0112881045336526,0.19805908203125,0.218597412109375,,,,,,,,,,,,,,,0.89337536538984,0.893204172779136,0.895347546862266,0.00214337408313003,0.00238227610075929,0.893032980168432,0.897319728334692,0.357813333333333,0.357013333333333,0.365706666666667,0.00869333333333355,0.00960967413792168,0.356213333333333,0.3736,0.377066666666667,0.375493333333333,0.386333333333334,0.0108400000000001,0.0117147226141264,0.37392,0.3956,0.386768,0.384016,0.396624,0.012608,0.0132583534422642,0.381264,0.40648,0.119354786818042,0.116961161684288,0.142086629903345,0.025125468219057,0.0277339176768882,0.114567536550534,0.164818472988648,0.7184,0.7168,0.7252,0.00840000000000007,0.00892038863129479,0.7152,0.732,,,,,,,,,,,,,,,,,,,,,,,,,,,,,,,,,,,,,,,,,,,,,,,,,,,,,,,,,,,,,,,,,,,,,,,,,,,,,,,,,,,,
"USPS","fastEmbedR_tsne_cpu_full","t-SNE","cpu","full_pipeline",1,1,11000,256,,30,"float32",,3,3,"success",14.214,14.082,14.311,0.228999999999999,0.22988982868612,13.95,14.408,0.001,0.001,0.001,0,0,0.001,0.001,2.165,2.1325,2.184,0.0514999999999999,0.0520864665724216,2.1,2.203,,,,,,,,,,,,,,,11.397,11.301,11.4775,0.176499999999999,0.176726719353168,11.205,11.558,0.294097900390625,0.2935791015625,0.298149108886719,0.00457000732421875,0.00500442533805825,0.293060302734375,0.302200317382812,,,,,,,,,,,,,,,0.949564357511546,0.949301863624015,0.952457984243412,0.00315612061939652,0.0035026728906689,0.949039369736485,0.955351610975278,0.454346666666667,0.451146666666667,0.460186666666667,0.00903999999999994,0.00916759510449713,0.447946666666667,0.466026666666667,0.455013333333333,0.45392,0.469826666666667,0.0159066666666665,0.0177698671288723,0.452826666666667,0.48464,0.46144,0.459696,0.475472,0.015776,0.0172977982413948,0.457952,0.489504,0.175729814053104,0.174574267299651,0.184145944395394,0.009571677095743,0.0104493553441668,0.173418720546198,0.192562074737684,0.7344,0.7332,0.7416,0.00839999999999996,0.00908625335328044,0.732,0.7488,2.06658049583987,2.06628572149867,2.06681886745772,0.000533145959044745,0.000534139528631428,2.06599094715747,2.06705723907556,,,,,,,,,,,,,,,,,,,,,,,,,,,,,,,,,,,,,,,,,,,,,,,,,,,,,,,,,,,,,,,,,,,,,,,,,,,,,
"USPS","fastEmbedR_tsne_cpu_full","t-SNE","cpu","full_pipeline",4,4,11000,256,,30,"float32",,3,3,"success",5.983,5.936,6.3625,0.4265,0.467711805851994,5.889,6.742,0.001,0.001,0.001,0,0,0.001,0.001,1.371,1.3145,1.547,0.2325,0.242520789486867,1.258,1.723,,,,,,,,,,,,,,,4.071,3.975,4.089,0.114000000000001,0.122572427568357,3.879,4.107,0.3233642578125,0.308357238769531,0.336013793945312,0.0276565551757812,0.0276900274361534,0.293350219726562,0.348663330078125,,,,,,,,,,,,,,,0.949564357511546,0.949301863624015,0.952457984243412,0.00315612061939652,0.0035026728906689,0.949039369736485,0.955351610975278,0.454346666666667,0.451146666666667,0.460186666666667,0.00903999999999994,0.00916759510449713,0.447946666666667,0.466026666666667,0.455013333333333,0.45392,0.469826666666667,0.0159066666666665,0.0177698671288723,0.452826666666667,0.48464,0.46144,0.459696,0.475472,0.015776,0.0172977982413948,0.457952,0.489504,0.175729814053104,0.174574267299651,0.184145944395394,0.009571677095743,0.0104493553441668,0.173418720546198,0.192562074737684,0.7344,0.7332,0.7416,0.00839999999999996,0.00908625335328044,0.732,0.7488,2.06658049583987,2.06628572149867,2.06681886745772,0.000533145959044745,0.000534139528631428,2.06599094715747,2.06705723907556,,,,,,,,,,,,,,,,,,,,,,,,,,,,,,,,,,,,,,,,,,,,,,,,,,,,,,,,,,,,,,,,,,,,,,,,,,,,,
"USPS","fastEmbedR_tsne_cpu_knn","t-SNE","cpu","embedding_from_precomputed_knn",1,1,11000,256,,30,"float32",,3,3,"success",11.471,11.4325,11.492,0.0594999999999999,0.0603517467297619,11.394,11.513,,,,,,,,,,,,,,,,,,,,,,,,,,,,,11.471,11.4325,11.492,0.0594999999999999,0.0603517467297619,11.394,11.513,0.238082885742188,0.231452941894531,0.241744995117188,0.0102920532226562,0.01043371330625,0.224822998046875,0.245407104492188,,,,,,,,,,,,,,,0.947695908720456,0.947506329801684,0.950669535452322,0.00316320565063855,0.00354817005371738,0.947316750882912,0.953643162184189,0.453173333333333,0.450213333333333,0.458426666666666,0.00821333333333346,0.0083193731957626,0.447253333333333,0.46368,0.456453333333333,0.454373333333333,0.469346666666666,0.0149733333333335,0.0162227238887425,0.452293333333333,0.48224,0.463232,0.460448,0.477208,0.01676,0.0179624948527017,0.457664,0.491184,0.17628673488785,0.174140923519199,0.183572982381841,0.00943205886264201,0.00988796046923954,0.171995112150548,0.190859229875832,0.7392,0.7356,0.7408,0.00519999999999987,0.0053266624947835,0.732,0.7424,2.06018696011498,2.06018696011498,2.06018696011498,0,0,2.06018696011498,2.06018696011498,,,,,,,,,,,,,,,,,,,,,,,,,,,,,,,,,,,,,,,,,,,,,,,,,,,,,,,,,,,,,,,,,,,,,,,,,,,,,
"USPS","fastEmbedR_tsne_cpu_knn","t-SNE","cpu","embedding_from_precomputed_knn",4,4,11000,256,,30,"float32",,3,3,"success",4.225,4.097,4.441,0.344,0.347731697337665,3.969,4.657,,,,,,,,,,,,,,,,,,,,,,,,,,,,,4.225,4.097,4.441,0.344,0.347731697337665,3.969,4.657,0.240676879882812,0.239219665527344,0.249443054199219,0.010223388671875,0.0110600470692075,0.237762451171875,0.258209228515625,,,,,,,,,,,,,,,0.947695908720456,0.947506329801684,0.950669535452322,0.00316320565063855,0.00354817005371738,0.947316750882912,0.953643162184189,0.453173333333333,0.450213333333333,0.458426666666666,0.00821333333333346,0.0083193731957626,0.447253333333333,0.46368,0.456453333333333,0.454373333333333,0.469346666666666,0.0149733333333335,0.0162227238887425,0.452293333333333,0.48224,0.463232,0.460448,0.477208,0.01676,0.0179624948527017,0.457664,0.491184,0.17628673488785,0.174140923519199,0.183572982381841,0.00943205886264201,0.00988796046923954,0.171995112150548,0.190859229875832,0.7392,0.7356,0.7408,0.00519999999999987,0.0053266624947835,0.732,0.7424,2.06018696011498,2.06018696011498,2.06018696011498,0,0,2.06018696011498,2.06018696011498,,,,,,,,,,,,,,,,,,,,,,,,,,,,,,,,,,,,,,,,,,,,,,,,,,,,,,,,,,,,,,,,,,,,,,,,,,,,,
"USPS","fastEmbedR_tsne_metal_full","t-SNE","metal","full_pipeline",4,,11000,256,,30,"float32",,3,3,"success",2.274,2.2705,2.3,0.0294999999999996,0.0322335229225725,2.267,2.326,0.001,0.001,0.002,0.001,0.00115470053837925,0.001,0.003,0.396,0.394,0.404,0.01,0.0105830052442583,0.392,0.412,,,,,,,,,,,,,,,1.73,1.7275,1.735,0.00749999999999984,0.00763762615825969,1.725,1.74,0.2623291015625,0.259895324707031,0.265022277832031,0.005126953125,0.00512914005442945,0.257461547851562,0.267715454101562,,,,,,,,,,,,,,,0.956151697908177,0.953097984243412,0.956291160010867,0.00319317576745459,0.00360933865653321,0.950044270578647,0.956430622113556,0.45792,0.45176,0.462346666666666,0.0105866666666665,0.0106338606626469,0.4456,0.466773333333333,0.4608,0.458906666666666,0.474333333333333,0.015426666666667,0.0168269202305251,0.457013333333333,0.487866666666667,0.470816,0.469224,0.486072,0.016848,0.0186034961588765,0.467632,0.501328,0.199125650111642,0.19659057193445,0.207787999265882,0.011197427331432,0.0117429494613334,0.194055493757259,0.216450348420123,0.7304,0.728,0.7376,0.00960000000000005,0.00999199679743743,0.7256,0.7448,2.01785704705339,2.0161748538324,2.01942449509725,0.0032496412648495,0.00325031647209514,2.01449266061142,2.02099194314112,,,,,,,,,,,,,,,,,,,,,,,,,,,,,,,,,,,,,,,,,,,,,,,,,,,,,,,,,,,,,,,,,,,,,,,,,,,,,
"USPS","fastEmbedR_tsne_metal_knn","t-SNE","metal","embedding_from_precomputed_knn",4,,11000,256,,30,"float32",,3,3,"success",1.778,1.7725,1.7935,0.0209999999999999,0.0217791949652262,1.767,1.809,,,,,,,,,,,,,,,,,,,,,,,,,,,,,1.778,1.7725,1.7935,0.0209999999999999,0.0217791949652262,1.767,1.809,0.261566162109375,0.244194030761719,0.271675109863281,0.0274810791015625,0.027799178415171,0.226821899414062,0.281784057617188,,,,,,,,,,,,,,,0.95433666938332,0.952112165172508,0.954927617495246,0.00281545232273839,0.00296922104673095,0.949887660961695,0.955518565607172,0.4592,0.45384,0.461973333333333,0.00813333333333344,0.00826930423872498,0.44848,0.464746666666667,0.457573333333333,0.45492,0.468906666666666,0.0139866666666665,0.0148573543330492,0.452266666666667,0.48024,0.463312,0.460984,0.47644,0.015456,0.016666371410718,0.458656,0.489568,0.202107758436021,0.198036334666998,0.210229211668116,0.0121928770011175,0.0124150646037371,0.193964910897976,0.218350664900211,0.7352,0.7288,0.7424,0.0135999999999999,0.0136078408769846,0.7224,0.7496,2.02901355283346,2.02149324402922,2.02924519807039,0.00775195404116991,0.00882048734418272,2.01397293522498,2.02947684330732,,,,,,,,,,,,,,,,,,,,,,,,,,,,,,,,,,,,,,,,,,,,,,,,,,,,,,,,,,,,,,,,,,,,,,,,,,,,,
"COIL20","fastEmbedR_umap_metal_binary_full","UMAP","metal","full_pipeline",4,,1440,16384,30,,"float32",,3,3,"success",2.441,2.4315,2.4645,0.0330000000000004,0.0339754813554323,2.422,2.488,0.005,0.005,0.0055,5e-04,0.000577350269189626,0.005,0.006,2.06,2.0555,2.087,0.0314999999999994,0.0340734500748015,2.051,2.114,,,,,,,,,,,,,,,0.256,0.256,0.257,0.001,0.00115470053837925,0.256,0.258,0.404006958007812,0.40350341796875,0.407005310058594,0.00350189208984375,0.00378654775050427,0.402999877929688,0.410003662109375,,,,,,,,,,,,,,,0.888580425422531,0.885709465972624,0.89136302294197,0.00565355696934644,0.00565378713924555,0.882838506522717,0.89414562046141,0.517521367521368,0.516025641025641,0.533547008547009,0.017521367521368,0.0194260424491038,0.514529914529914,0.54957264957265,0.537393162393162,0.513675213675214,0.54775641025641,0.0340811965811966,0.0349424856783115,0.489957264957265,0.558119658119658,0.61474358974359,0.594935897435897,0.615641025641026,0.0207051282051286,0.0234072980035008,0.575128205128205,0.616538461538462,0.437372426315075,0.417683461387771,0.438526436091011,0.0208429747032405,0.0234295635604747,0.397994496460467,0.439680445866948,0.615384615384615,0.557692307692307,0.641025641025641,0.0833333333333335,0.0853631810061461,0.5,0.666666666666667,,,,,,,,,,,,,,,,,,,,,,,,,,,,,,,,,,,,,,,,,,,,,,,,,,,,,,,,,,,,,,,,,,,,,,,,,,,,,,,,,,,,
"COIL20","fastEmbedR_umap_metal_fuzzy_full","UMAP","metal","full_pipeline",4,,1440,16384,30,,"float32",,3,3,"success",2.461,2.449,2.4955,0.0465,0.0482804308182932,2.437,2.53,0.005,0.0045,0.005,5e-04,0.000577350269189626,0.004,0.005,2.119,2.107,2.1565,0.0495000000000001,0.0516430053347013,2.095,2.194,,,,,,,,,,,,,,,0.226,0.226,0.227,0.001,0.00115470053837925,0.226,0.228,0.373016357421875,0.370475769042969,0.389915466308594,0.019439697265625,0.0211334852821355,0.367935180664062,0.406814575195312,,,,,,,,,,,,,,,0.854077501445923,0.84640768588137,0.862415654520918,0.0160079686395476,0.016012618512932,0.838737870316818,0.870753807595913,0.494444444444444,0.490811965811966,0.512820512820513,0.022008547008547,0.0235973293885103,0.487179487179487,0.531196581196581,0.471153846153846,0.454594017094017,0.479273504273504,0.024679487179487,0.0251559651496201,0.438034188034188,0.487393162393162,0.509871794871795,0.499358974358974,0.528910256410257,0.0295512820512821,0.0299584232313238,0.488846153846154,0.547948717948718,0.533662770311314,0.53178877316484,0.540639419920578,0.00885064675573699,0.00932807422319901,0.529914776018367,0.547616069529841,0.621794871794872,0.58974358974359,0.631410256410256,0.0416666666666664,0.043633713368936,0.557692307692308,0.641025641025641,,,,,,,,,,,,,,,,,,,,,,,,,,,,,,,,,,,,,,,,,,,,,,,,,,,,,,,,,,,,,,,,,,,,,,,,,,,,,,,,,,,,
"COIL20","fastEmbedR_tsne_metal_full","t-SNE","metal","full_pipeline",4,,1440,16384,,30,"float32",,3,3,"success",3.004,2.896,3.0445,0.1485,0.153528498983088,2.788,3.085,0.005,0.0045,0.005,5e-04,0.000577350269189626,0.004,0.005,2.052,1.9995,2.102,0.1025,0.102510162097879,1.947,2.152,,,,,,,,,,,,,,,0.722,0.6855,0.726,0.0405,0.0446355613085949,0.649,0.73,0.528839111328125,0.474578857421875,0.576034545898438,0.101455688476562,0.10153764793581,0.420318603515625,0.62322998046875,,,,,,,,,,,,,,,0.902204228520018,0.89878381852066,0.910457232825654,0.0116734143049935,0.0120022188551,0.895363408521303,0.91871023713129,0.521794871794872,0.51965811965812,0.53931623931624,0.0196581196581195,0.0215716742976476,0.517521367521368,0.556837606837607,0.565598290598291,0.55715811965812,0.589209401709402,0.032051282051282,0.0332265529813267,0.548717948717949,0.612820512820513,0.673461538461538,0.665064102564102,0.675576923076923,0.0105128205128207,0.0111208865611013,0.656666666666667,0.677692307692308,0.45163351606484,0.449830149402594,0.467053717586632,0.017223568184038,0.0189329703125068,0.448026782740349,0.482473919108425,0.596153846153846,0.580128205128205,0.599358974358974,0.0192307692307694,0.0206060913696433,0.564102564102564,0.602564102564103,0.724496362279948,0.721891988233545,0.72525649864466,0.00336451041111541,0.00352897546728414,0.719287614187142,0.726016635009373,,,,,,,,,,,,,,,,,,,,,,,,,,,,,,,,,,,,,,,,,,,,,,,,,,,,,,,,,,,,,,,,,,,,,,,,,,,,,
